{
  "pdfCropperData": {
    "Maths": {
      "M-MCQ": {
        "1": {
          "que": 1,
          "type": "mcq",
          "options": 4,
          "marks": {
            "cm": 4,
            "im": -1
          },
          "pdfData": [
            {
              "page": 1,
              "x1": 34,
              "y1": 76,
              "x2": 564,
              "y2": 151
            }
          ]
        },
        "2": {
          "que": 2,
          "type": "mcq",
          "options": 4,
          "marks": {
            "cm": 4,
            "im": -1
          },
          "pdfData": [
            {
              "page": 1,
              "x1": 34,
              "y1": 151,
              "x2": 564,
              "y2": 227
            }
          ]
        },
        "3": {
          "que": 3,
          "type": "mcq",
          "options": 4,
          "marks": {
            "cm": 4,
            "im": -1
          },
          "pdfData": [
            {
              "page": 1,
              "x1": 34,
              "y1": 227,
              "x2": 564,
              "y2": 316
            }
          ]
        },
        "4": {
          "que": 4,
          "type": "mcq",
          "options": 4,
          "marks": {
            "cm": 4,
            "im": -1
          },
          "pdfData": [
            {
              "page": 1,
              "x1": 34,
              "y1": 316,
              "x2": 564,
              "y2": 464
            }
          ]
        },
        "5": {
          "que": 5,
          "type": "mcq",
          "options": 4,
          "marks": {
            "cm": 4,
            "im": -1
          },
          "pdfData": [
            {
              "page": 1,
              "x1": 34,
              "y1": 464,
              "x2": 564,
              "y2": 551
            }
          ]
        },
        "6": {
          "que": 6,
          "type": "mcq",
          "options": 4,
          "marks": {
            "cm": 4,
            "im": -1
          },
          "pdfData": [
            {
              "page": 1,
              "x1": 34,
              "y1": 551,
              "x2": 564,
              "y2": 644
            }
          ]
        },
        "7": {
          "que": 7,
          "type": "mcq",
          "options": 4,
          "marks": {
            "cm": 4,
            "im": -1
          },
          "pdfData": [
            {
              "page": 1,
              "x1": 34,
              "y1": 644,
              "x2": 564,
              "y2": 707
            }
          ]
        },
        "8": {
          "que": 8,
          "type": "mcq",
          "options": 4,
          "marks": {
            "cm": 4,
            "im": -1
          },
          "pdfData": [
            {
              "page": 1,
              "x1": 34,
              "y1": 707,
              "x2": 564,
              "y2": 745
            },
            {
              "page": 2,
              "x1": 34,
              "y1": 73,
              "x2": 564,
              "y2": 118
            }
          ]
        },
        "9": {
          "que": 9,
          "type": "mcq",
          "options": 4,
          "marks": {
            "cm": 4,
            "im": -1
          },
          "pdfData": [
            {
              "page": 2,
              "x1": 34,
              "y1": 118,
              "x2": 564,
              "y2": 172
            }
          ]
        },
        "10": {
          "que": 10,
          "type": "mcq",
          "options": 4,
          "marks": {
            "cm": 4,
            "im": -1
          },
          "pdfData": [
            {
              "page": 2,
              "x1": 34,
              "y1": 172,
              "x2": 564,
              "y2": 235
            }
          ]
        },
        "11": {
          "que": 11,
          "type": "mcq",
          "options": 4,
          "marks": {
            "cm": 4,
            "im": -1
          },
          "pdfData": [
            {
              "page": 2,
              "x1": 34,
              "y1": 235,
              "x2": 564,
              "y2": 322
            }
          ]
        },
        "12": {
          "que": 12,
          "type": "mcq",
          "options": 4,
          "marks": {
            "cm": 4,
            "im": -1
          },
          "pdfData": [
            {
              "page": 2,
              "x1": 34,
              "y1": 322,
              "x2": 564,
              "y2": 381
            }
          ]
        },
        "13": {
          "que": 13,
          "type": "mcq",
          "options": 4,
          "marks": {
            "cm": 4,
            "im": -1
          },
          "pdfData": [
            {
              "page": 2,
              "x1": 34,
              "y1": 381,
              "x2": 564,
              "y2": 437
            }
          ]
        },
        "14": {
          "que": 14,
          "type": "mcq",
          "options": 4,
          "marks": {
            "cm": 4,
            "im": -1
          },
          "pdfData": [
            {
              "page": 2,
              "x1": 34,
              "y1": 437,
              "x2": 564,
              "y2": 513
            }
          ]
        },
        "15": {
          "que": 15,
          "type": "mcq",
          "options": 4,
          "marks": {
            "cm": 4,
            "im": -1
          },
          "pdfData": [
            {
              "page": 2,
              "x1": 34,
              "y1": 513,
              "x2": 564,
              "y2": 605
            }
          ]
        },
        "16": {
          "que": 16,
          "type": "mcq",
          "options": 4,
          "marks": {
            "cm": 4,
            "im": -1
          },
          "pdfData": [
            {
              "page": 2,
              "x1": 34,
              "y1": 605,
              "x2": 564,
              "y2": 662
            }
          ]
        },
        "17": {
          "que": 17,
          "type": "mcq",
          "options": 4,
          "marks": {
            "cm": 4,
            "im": -1
          },
          "pdfData": [
            {
              "page": 2,
              "x1": 34,
              "y1": 662,
              "x2": 564,
              "y2": 728
            }
          ]
        },
        "18": {
          "que": 18,
          "type": "mcq",
          "options": 4,
          "marks": {
            "cm": 4,
            "im": -1
          },
          "pdfData": [
            {
              "page": 2,
              "x1": 34,
              "y1": 728,
              "x2": 564,
              "y2": 766
            },
            {
              "page": 3,
              "x1": 34,
              "y1": 77,
              "x2": 564,
              "y2": 117
            }
          ]
        },
        "19": {
          "que": 19,
          "type": "mcq",
          "options": 4,
          "marks": {
            "cm": 4,
            "im": -1
          },
          "pdfData": [
            {
              "page": 3,
              "x1": 34,
              "y1": 117,
              "x2": 564,
              "y2": 187
            }
          ]
        },
        "20": {
          "que": 20,
          "type": "mcq",
          "options": 4,
          "marks": {
            "cm": 4,
            "im": -1
          },
          "pdfData": [
            {
              "page": 3,
              "x1": 34,
              "y1": 187,
              "x2": 564,
              "y2": 246
            }
          ]
        }
      },
      "M-NUM": {
        "21": {
          "que": 21,
          "type": "nat",
          "marks": {
            "cm": 4,
            "im": -1
          },
          "pdfData": [
            {
              "page": 3,
              "x1": 34,
              "y1": 246,
              "x2": 564,
              "y2": 332
            }
          ]
        },
        "22": {
          "que": 22,
          "type": "nat",
          "marks": {
            "cm": 4,
            "im": -1
          },
          "pdfData": [
            {
              "page": 3,
              "x1": 34,
              "y1": 332,
              "x2": 564,
              "y2": 440
            }
          ]
        },
        "23": {
          "que": 23,
          "type": "nat",
          "marks": {
            "cm": 4,
            "im": -1
          },
          "pdfData": [
            {
              "page": 3,
              "x1": 34,
              "y1": 440,
              "x2": 564,
              "y2": 484
            }
          ]
        },
        "24": {
          "que": 24,
          "type": "nat",
          "marks": {
            "cm": 4,
            "im": -1
          },
          "pdfData": [
            {
              "page": 3,
              "x1": 34,
              "y1": 484,
              "x2": 564,
              "y2": 541
            }
          ]
        },
        "25": {
          "que": 25,
          "type": "nat",
          "marks": {
            "cm": 4,
            "im": -1
          },
          "pdfData": [
            {
              "page": 3,
              "x1": 34,
              "y1": 541,
              "x2": 564,
              "y2": 591
            }
          ]
        }
      }
    },
    "Physics": {
      "P-MCQ": {
        "26": {
          "que": 26,
          "type": "mcq",
          "options": 4,
          "marks": {
            "cm": 4,
            "im": -1
          },
          "pdfData": [
            {
              "page": 3,
              "x1": 34,
              "y1": 591,
              "x2": 564,
              "y2": 669
            }
          ]
        },
        "27": {
          "que": 27,
          "type": "mcq",
          "options": 4,
          "marks": {
            "cm": 4,
            "im": -1
          },
          "pdfData": [
            {
              "page": 3,
              "x1": 34,
              "y1": 669,
              "x2": 564,
              "y2": 725
            },
            {
              "page": 4,
              "x1": 34,
              "y1": 76,
              "x2": 564,
              "y2": 146
            }
          ]
        },
        "28": {
          "que": 28,
          "type": "mcq",
          "options": 4,
          "marks": {
            "cm": 4,
            "im": -1
          },
          "pdfData": [
            {
              "page": 4,
              "x1": 34,
              "y1": 146,
              "x2": 564,
              "y2": 345
            }
          ]
        },
        "29": {
          "que": 29,
          "type": "mcq",
          "options": 4,
          "marks": {
            "cm": 4,
            "im": -1
          },
          "pdfData": [
            {
              "page": 4,
              "x1": 34,
              "y1": 345,
              "x2": 564,
              "y2": 435
            }
          ]
        },
        "30": {
          "que": 30,
          "type": "mcq",
          "options": 4,
          "marks": {
            "cm": 4,
            "im": -1
          },
          "pdfData": [
            {
              "page": 4,
              "x1": 34,
              "y1": 435,
              "x2": 564,
              "y2": 642
            }
          ]
        },
        "31": {
          "que": 31,
          "type": "mcq",
          "options": 4,
          "marks": {
            "cm": 4,
            "im": -1
          },
          "pdfData": [
            {
              "page": 4,
              "x1": 34,
              "y1": 642,
              "x2": 564,
              "y2": 710
            },
            {
              "page": 5,
              "x1": 34,
              "y1": 74,
              "x2": 564,
              "y2": 147
            }
          ]
        },
        "32": {
          "que": 32,
          "type": "mcq",
          "options": 4,
          "marks": {
            "cm": 4,
            "im": -1
          },
          "pdfData": [
            {
              "page": 5,
              "x1": 34,
              "y1": 147,
              "x2": 564,
              "y2": 223
            }
          ]
        },
        "33": {
          "que": 33,
          "type": "mcq",
          "options": 4,
          "marks": {
            "cm": 4,
            "im": -1
          },
          "pdfData": [
            {
              "page": 5,
              "x1": 34,
              "y1": 223,
              "x2": 564,
              "y2": 411
            }
          ]
        },
        "34": {
          "que": 34,
          "type": "mcq",
          "options": 4,
          "marks": {
            "cm": 4,
            "im": -1
          },
          "pdfData": [
            {
              "page": 5,
              "x1": 34,
              "y1": 411,
              "x2": 564,
              "y2": 504
            }
          ]
        },
        "35": {
          "que": 35,
          "type": "mcq",
          "options": 4,
          "marks": {
            "cm": 4,
            "im": -1
          },
          "pdfData": [
            {
              "page": 5,
              "x1": 34,
              "y1": 504,
              "x2": 564,
              "y2": 622
            }
          ]
        },
        "36": {
          "que": 36,
          "type": "mcq",
          "options": 4,
          "marks": {
            "cm": 4,
            "im": -1
          },
          "pdfData": [
            {
              "page": 5,
              "x1": 34,
              "y1": 622,
              "x2": 564,
              "y2": 697
            }
          ]
        },
        "37": {
          "que": 37,
          "type": "mcq",
          "options": 4,
          "marks": {
            "cm": 4,
            "im": -1
          },
          "pdfData": [
            {
              "page": 5,
              "x1": 34,
              "y1": 697,
              "x2": 564,
              "y2": 766
            },
            {
              "page": 6,
              "x1": 34,
              "y1": 79,
              "x2": 564,
              "y2": 142
            }
          ]
        },
        "38": {
          "que": 38,
          "type": "mcq",
          "options": 4,
          "marks": {
            "cm": 4,
            "im": -1
          },
          "pdfData": [
            {
              "page": 6,
              "x1": 34,
              "y1": 142,
              "x2": 564,
              "y2": 253
            }
          ]
        },
        "39": {
          "que": 39,
          "type": "mcq",
          "options": 4,
          "marks": {
            "cm": 4,
            "im": -1
          },
          "pdfData": [
            {
              "page": 6,
              "x1": 34,
              "y1": 253,
              "x2": 564,
              "y2": 519
            }
          ]
        },
        "40": {
          "que": 40,
          "type": "mcq",
          "options": 4,
          "marks": {
            "cm": 4,
            "im": -1
          },
          "pdfData": [
            {
              "page": 6,
              "x1": 34,
              "y1": 519,
              "x2": 564,
              "y2": 669
            }
          ]
        },
        "41": {
          "que": 41,
          "type": "mcq",
          "options": 4,
          "marks": {
            "cm": 4,
            "im": -1
          },
          "pdfData": [
            {
              "page": 6,
              "x1": 34,
              "y1": 669,
              "x2": 564,
              "y2": 757
            },
            {
              "page": 7,
              "x1": 34,
              "y1": 73,
              "x2": 564,
              "y2": 116
            }
          ]
        },
        "42": {
          "que": 42,
          "type": "mcq",
          "options": 4,
          "marks": {
            "cm": 4,
            "im": -1
          },
          "pdfData": [
            {
              "page": 7,
              "x1": 34,
              "y1": 116,
              "x2": 564,
              "y2": 309
            }
          ]
        },
        "43": {
          "que": 43,
          "type": "mcq",
          "options": 4,
          "marks": {
            "cm": 4,
            "im": -1
          },
          "pdfData": [
            {
              "page": 7,
              "x1": 34,
              "y1": 309,
              "x2": 564,
              "y2": 502
            }
          ]
        },
        "44": {
          "que": 44,
          "type": "mcq",
          "options": 4,
          "marks": {
            "cm": 4,
            "im": -1
          },
          "pdfData": [
            {
              "page": 7,
              "x1": 34,
              "y1": 502,
              "x2": 564,
              "y2": 540
            },
            {
              "page": 8,
              "x1": 34,
              "y1": 73,
              "x2": 564,
              "y2": 333
            }
          ]
        },
        "45": {
          "que": 45,
          "type": "mcq",
          "options": 4,
          "marks": {
            "cm": 4,
            "im": -1
          },
          "pdfData": [
            {
              "page": 8,
              "x1": 34,
              "y1": 333,
              "x2": 564,
              "y2": 424
            }
          ]
        }
      },
      "P-NUM": {
        "46": {
          "que": 46,
          "type": "nat",
          "marks": {
            "cm": 4,
            "im": -1
          },
          "pdfData": [
            {
              "page": 8,
              "x1": 34,
              "y1": 424,
              "x2": 564,
              "y2": 495
            }
          ]
        },
        "47": {
          "que": 47,
          "type": "nat",
          "marks": {
            "cm": 4,
            "im": -1
          },
          "pdfData": [
            {
              "page": 8,
              "x1": 34,
              "y1": 495,
              "x2": 564,
              "y2": 539
            }
          ]
        },
        "48": {
          "que": 48,
          "type": "nat",
          "marks": {
            "cm": 4,
            "im": -1
          },
          "pdfData": [
            {
              "page": 8,
              "x1": 34,
              "y1": 539,
              "x2": 564,
              "y2": 599
            }
          ]
        },
        "49": {
          "que": 49,
          "type": "nat",
          "marks": {
            "cm": 4,
            "im": -1
          },
          "pdfData": [
            {
              "page": 8,
              "x1": 34,
              "y1": 599,
              "x2": 564,
              "y2": 636
            }
          ]
        },
        "50": {
          "que": 50,
          "type": "nat",
          "marks": {
            "cm": 4,
            "im": -1
          },
          "pdfData": [
            {
              "page": 8,
              "x1": 34,
              "y1": 636,
              "x2": 564,
              "y2": 710
            }
          ]
        }
      }
    },
    "Chemistry": {
      "C-MCQ": {
        "51": {
          "que": 51,
          "type": "mcq",
          "options": 4,
          "marks": {
            "cm": 4,
            "im": -1
          },
          "pdfData": [
            {
              "page": 8,
              "x1": 34,
              "y1": 710,
              "x2": 564,
              "y2": 769
            },
            {
              "page": 9,
              "x1": 34,
              "y1": 77,
              "x2": 564,
              "y2": 115
            }
          ]
        },
        "52": {
          "que": 52,
          "type": "mcq",
          "options": 4,
          "marks": {
            "cm": 4,
            "im": -1
          },
          "pdfData": [
            {
              "page": 9,
              "x1": 34,
              "y1": 115,
              "x2": 564,
              "y2": 206
            }
          ]
        },
        "53": {
          "que": 53,
          "type": "mcq",
          "options": 4,
          "marks": {
            "cm": 4,
            "im": -1
          },
          "pdfData": [
            {
              "page": 9,
              "x1": 34,
              "y1": 206,
              "x2": 564,
              "y2": 296
            }
          ]
        },
        "54": {
          "que": 54,
          "type": "mcq",
          "options": 4,
          "marks": {
            "cm": 4,
            "im": -1
          },
          "pdfData": [
            {
              "page": 9,
              "x1": 34,
              "y1": 296,
              "x2": 564,
              "y2": 652
            }
          ]
        },
        "55": {
          "que": 55,
          "type": "mcq",
          "options": 4,
          "marks": {
            "cm": 4,
            "im": -1
          },
          "pdfData": [
            {
              "page": 10,
              "x1": 34,
              "y1": 78,
              "x2": 564,
              "y2": 240
            }
          ]
        },
        "56": {
          "que": 56,
          "type": "mcq",
          "options": 4,
          "marks": {
            "cm": 4,
            "im": -1
          },
          "pdfData": [
            {
              "page": 10,
              "x1": 34,
              "y1": 240,
              "x2": 564,
              "y2": 353
            }
          ]
        },
        "57": {
          "que": 57,
          "type": "mcq",
          "options": 4,
          "marks": {
            "cm": 4,
            "im": -1
          },
          "pdfData": [
            {
              "page": 10,
              "x1": 34,
              "y1": 353,
              "x2": 564,
              "y2": 460
            }
          ]
        },
        "58": {
          "que": 58,
          "type": "mcq",
          "options": 4,
          "marks": {
            "cm": 4,
            "im": -1
          },
          "pdfData": [
            {
              "page": 10,
              "x1": 34,
              "y1": 460,
              "x2": 564,
              "y2": 522
            }
          ]
        },
        "59": {
          "que": 59,
          "type": "mcq",
          "options": 4,
          "marks": {
            "cm": 4,
            "im": -1
          },
          "pdfData": [
            {
              "page": 10,
              "x1": 34,
              "y1": 522,
              "x2": 564,
              "y2": 579
            }
          ]
        },
        "60": {
          "que": 60,
          "type": "mcq",
          "options": 4,
          "marks": {
            "cm": 4,
            "im": -1
          },
          "pdfData": [
            {
              "page": 10,
              "x1": 34,
              "y1": 579,
              "x2": 564,
              "y2": 648
            }
          ]
        },
        "61": {
          "que": 61,
          "type": "mcq",
          "options": 4,
          "marks": {
            "cm": 4,
            "im": -1
          },
          "pdfData": [
            {
              "page": 11,
              "x1": 34,
              "y1": 75,
              "x2": 564,
              "y2": 292
            }
          ]
        },
        "62": {
          "que": 62,
          "type": "mcq",
          "options": 4,
          "marks": {
            "cm": 4,
            "im": -1
          },
          "pdfData": [
            {
              "page": 11,
              "x1": 34,
              "y1": 292,
              "x2": 564,
              "y2": 607
            }
          ]
        },
        "63": {
          "que": 63,
          "type": "mcq",
          "options": 4,
          "marks": {
            "cm": 4,
            "im": -1
          },
          "pdfData": [
            {
              "page": 11,
              "x1": 34,
              "y1": 607,
              "x2": 564,
              "y2": 764
            }
          ]
        },
        "64": {
          "que": 64,
          "type": "mcq",
          "options": 4,
          "marks": {
            "cm": 4,
            "im": -1
          },
          "pdfData": [
            {
              "page": 12,
              "x1": 34,
              "y1": 73,
              "x2": 564,
              "y2": 145
            }
          ]
        },
        "65": {
          "que": 65,
          "type": "mcq",
          "options": 4,
          "marks": {
            "cm": 4,
            "im": -1
          },
          "pdfData": [
            {
              "page": 12,
              "x1": 34,
              "y1": 145,
              "x2": 564,
              "y2": 600
            }
          ]
        },
        "66": {
          "que": 66,
          "type": "mcq",
          "options": 4,
          "marks": {
            "cm": 4,
            "im": -1
          },
          "pdfData": [
            {
              "page": 12,
              "x1": 34,
              "y1": 600,
              "x2": 564,
              "y2": 670
            }
          ]
        },
        "67": {
          "que": 67,
          "type": "mcq",
          "options": 4,
          "marks": {
            "cm": 4,
            "im": -1
          },
          "pdfData": [
            {
              "page": 13,
              "x1": 34,
              "y1": 77,
              "x2": 564,
              "y2": 338
            }
          ]
        },
        "68": {
          "que": 68,
          "type": "mcq",
          "options": 4,
          "marks": {
            "cm": 4,
            "im": -1
          },
          "pdfData": [
            {
              "page": 13,
              "x1": 34,
              "y1": 338,
              "x2": 564,
              "y2": 412
            }
          ]
        },
        "69": {
          "que": 69,
          "type": "mcq",
          "options": 4,
          "marks": {
            "cm": 4,
            "im": -1
          },
          "pdfData": [
            {
              "page": 13,
              "x1": 34,
              "y1": 412,
              "x2": 564,
              "y2": 474
            }
          ]
        },
        "70": {
          "que": 70,
          "type": "mcq",
          "options": 4,
          "marks": {
            "cm": 4,
            "im": -1
          },
          "pdfData": [
            {
              "page": 13,
              "x1": 34,
              "y1": 474,
              "x2": 564,
              "y2": 562
            }
          ]
        }
      },
      "C-NUM": {
        "71": {
          "que": 71,
          "type": "nat",
          "marks": {
            "cm": 4,
            "im": -1
          },
          "pdfData": [
            {
              "page": 13,
              "x1": 34,
              "y1": 562,
              "x2": 564,
              "y2": 622
            }
          ]
        },
        "72": {
          "que": 72,
          "type": "nat",
          "marks": {
            "cm": 4,
            "im": -1
          },
          "pdfData": [
            {
              "page": 13,
              "x1": 34,
              "y1": 622,
              "x2": 564,
              "y2": 676
            }
          ]
        },
        "73": {
          "que": 73,
          "type": "nat",
          "marks": {
            "cm": 4,
            "im": -1
          },
          "pdfData": [
            {
              "page": 14,
              "x1": 34,
              "y1": 76,
              "x2": 564,
              "y2": 270
            }
          ]
        },
        "74": {
          "que": 74,
          "type": "nat",
          "marks": {
            "cm": 4,
            "im": -1
          },
          "pdfData": [
            {
              "page": 14,
              "x1": 34,
              "y1": 270,
              "x2": 564,
              "y2": 326
            }
          ]
        },
        "75": {
          "que": 75,
          "type": "nat",
          "marks": {
            "cm": 4,
            "im": -1
          },
          "pdfData": [
            {
              "page": 14,
              "x1": 34,
              "y1": 326,
              "x2": 564,
              "y2": 544
            }
          ]
        }
      }
    }
  },
  "testAnswerKey": {
    "Maths": {
      "M-MCQ": {
        "1": [
          2
        ],
        "2": [
          4
        ],
        "3": [
          1
        ],
        "4": [
          1
        ],
        "5": [
          4
        ],
        "6": [
          4
        ],
        "7": [
          4
        ],
        "8": [
          2
        ],
        "9": [
          1
        ],
        "10": [
          2
        ],
        "11": [
          3
        ],
        "12": [
          2
        ],
        "13": [
          3
        ],
        "14": [
          2
        ],
        "15": [
          1
        ],
        "16": [
          1
        ],
        "17": [
          4
        ],
        "18": [
          2
        ],
        "19": [
          4
        ],
        "20": [
          2
        ]
      },
      "M-NUM": {
        "21": "5",
        "22": "1613",
        "23": "5",
        "24": "54",
        "25": "6"
      }
    },
    "Physics": {
      "P-MCQ": {
        "26": [
          3
        ],
        "27": [
          2
        ],
        "28": [
          4
        ],
        "29": [
          1
        ],
        "30": [
          2
        ],
        "31": [
          2
        ],
        "32": [
          4
        ],
        "33": [
          4
        ],
        "34": [
          4
        ],
        "35": [
          1
        ],
        "36": [
          3
        ],
        "37": [
          3
        ],
        "38": [
          2
        ],
        "39": [
          1
        ],
        "40": [
          1
        ],
        "41": [
          1
        ],
        "42": [
          1
        ],
        "43": [
          2
        ],
        "44": [
          2
        ],
        "45": [
          4
        ]
      },
      "P-NUM": {
        "46": "11",
        "47": "0",
        "48": "3",
        "49": "16",
        "50": "4"
      }
    },
    "Chemistry": {
      "C-MCQ": {
        "51": [
          1
        ],
        "52": [
          3
        ],
        "53": [
          4
        ],
        "54": [
          2,
          4
        ],
        "55": [
          4
        ],
        "56": [
          4
        ],
        "57": [
          4
        ],
        "58": [
          4
        ],
        "59": [
          4
        ],
        "60": [
          3
        ],
        "61": [
          2
        ],
        "62": [
          4
        ],
        "63": [
          2
        ],
        "64": [
          3
        ],
        "65": [
          1
        ],
        "66": [
          4
        ],
        "67": [
          3
        ],
        "68": [
          2
        ],
        "69": [
          2
        ],
        "70": [
          2
        ]
      },
      "C-NUM": {
        "71": "466",
        "72": "125",
        "73": "93",
        "74": "1655",
        "75": "150"
      }
    }
  },
  "pdfFileHash": "976dcfe397a7eb79bb884fa90b64b079d8b0ce385768149dbf8833f00b531d6f"
}