{
  "pdfCropperData": {
    "Maths": {
      "M-MCQ": {
        "1": {
          "que": 1,
          "type": "mcq",
          "marks": {
            "cm": 4,
            "im": -1
          },
          "pdfData": [
            {
              "x1": 36,
              "x2": 562,
              "y1": 77,
              "y2": 129,
              "page": 1
            }
          ],
          "answerOptions": "4"
        },
        "2": {
          "que": 2,
          "type": "mcq",
          "marks": {
            "cm": 4,
            "im": -1
          },
          "pdfData": [
            {
              "x1": 36,
              "x2": 562,
              "y1": 129,
              "y2": 224,
              "page": 1
            }
          ],
          "answerOptions": "4"
        },
        "3": {
          "que": 3,
          "type": "mcq",
          "marks": {
            "cm": 4,
            "im": -1
          },
          "pdfData": [
            {
              "x1": 36,
              "x2": 562,
              "y1": 224,
              "y2": 314,
              "page": 1
            }
          ],
          "answerOptions": "4"
        },
        "4": {
          "que": 4,
          "type": "mcq",
          "marks": {
            "cm": 4,
            "im": -1
          },
          "pdfData": [
            {
              "x1": 36,
              "x2": 562,
              "y1": 314,
              "y2": 391,
              "page": 1
            }
          ],
          "answerOptions": "4"
        },
        "5": {
          "que": 5,
          "type": "mcq",
          "marks": {
            "cm": 4,
            "im": -1
          },
          "pdfData": [
            {
              "x1": 36,
              "x2": 562,
              "y1": 391,
              "y2": 467,
              "page": 1
            }
          ],
          "answerOptions": "4"
        },
        "6": {
          "que": 6,
          "type": "mcq",
          "marks": {
            "cm": 4,
            "im": -1
          },
          "pdfData": [
            {
              "x1": 36,
              "x2": 562,
              "y1": 467,
              "y2": 575,
              "page": 1
            }
          ],
          "answerOptions": "4"
        },
        "7": {
          "que": 7,
          "type": "mcq",
          "marks": {
            "cm": 4,
            "im": -1
          },
          "pdfData": [
            {
              "x1": 36,
              "x2": 562,
              "y1": 575,
              "y2": 649,
              "page": 1
            }
          ],
          "answerOptions": "4"
        },
        "8": {
          "que": 8,
          "type": "mcq",
          "marks": {
            "cm": 4,
            "im": -1
          },
          "pdfData": [
            {
              "x1": 36,
              "x2": 562,
              "y1": 649,
              "y2": 723,
              "page": 1
            }
          ],
          "answerOptions": "4"
        },
        "9": {
          "que": 9,
          "type": "mcq",
          "marks": {
            "cm": 4,
            "im": -1
          },
          "pdfData": [
            {
              "x1": 36,
              "x2": 562,
              "y1": 723,
              "y2": 765,
              "page": 1
            },
            {
              "x1": 36,
              "x2": 562,
              "y1": 77,
              "y2": 112,
              "page": 2
            }
          ],
          "answerOptions": "4"
        },
        "10": {
          "que": 10,
          "type": "mcq",
          "marks": {
            "cm": 4,
            "im": -1
          },
          "pdfData": [
            {
              "x1": 36,
              "x2": 562,
              "y1": 112,
              "y2": 187,
              "page": 2
            }
          ],
          "answerOptions": "4"
        },
        "11": {
          "que": 11,
          "type": "mcq",
          "marks": {
            "cm": 4,
            "im": -1
          },
          "pdfData": [
            {
              "x1": 36,
              "x2": 562,
              "y1": 187,
              "y2": 261,
              "page": 2
            }
          ],
          "answerOptions": "4"
        },
        "12": {
          "que": 12,
          "type": "mcq",
          "marks": {
            "cm": 4,
            "im": -1
          },
          "pdfData": [
            {
              "x1": 36,
              "x2": 562,
              "y1": 261,
              "y2": 318,
              "page": 2
            }
          ],
          "answerOptions": "4"
        },
        "13": {
          "que": 13,
          "type": "mcq",
          "marks": {
            "cm": 4,
            "im": -1
          },
          "pdfData": [
            {
              "x1": 36,
              "x2": 562,
              "y1": 318,
              "y2": 398,
              "page": 2
            }
          ],
          "answerOptions": "4"
        },
        "14": {
          "que": 14,
          "type": "mcq",
          "marks": {
            "cm": 4,
            "im": -1
          },
          "pdfData": [
            {
              "x1": 36,
              "x2": 562,
              "y1": 398,
              "y2": 475,
              "page": 2
            }
          ],
          "answerOptions": "4"
        },
        "15": {
          "que": 15,
          "type": "mcq",
          "marks": {
            "cm": 4,
            "im": -1
          },
          "pdfData": [
            {
              "x1": 36,
              "x2": 562,
              "y1": 475,
              "y2": 551,
              "page": 2
            }
          ],
          "answerOptions": "4"
        },
        "16": {
          "que": 16,
          "type": "mcq",
          "marks": {
            "cm": 4,
            "im": -1
          },
          "pdfData": [
            {
              "x1": 36,
              "x2": 562,
              "y1": 551,
              "y2": 641,
              "page": 2
            }
          ],
          "answerOptions": "4"
        },
        "17": {
          "que": 17,
          "type": "mcq",
          "marks": {
            "cm": 4,
            "im": -1
          },
          "pdfData": [
            {
              "x1": 36,
              "x2": 562,
              "y1": 641,
              "y2": 734,
              "page": 2
            }
          ],
          "answerOptions": "4"
        },
        "18": {
          "que": 18,
          "type": "mcq",
          "marks": {
            "cm": 4,
            "im": -1
          },
          "pdfData": [
            {
              "x1": 36,
              "x2": 562,
              "y1": 77,
              "y2": 143,
              "page": 3
            }
          ],
          "answerOptions": "4"
        },
        "19": {
          "que": 19,
          "type": "mcq",
          "marks": {
            "cm": 4,
            "im": -1
          },
          "pdfData": [
            {
              "x1": 36,
              "x2": 562,
              "y1": 143,
              "y2": 220,
              "page": 3
            }
          ],
          "answerOptions": "4"
        },
        "20": {
          "que": 20,
          "type": "mcq",
          "marks": {
            "cm": 4,
            "im": -1
          },
          "pdfData": [
            {
              "x1": 36,
              "x2": 562,
              "y1": 220,
              "y2": 295,
              "page": 3
            }
          ],
          "answerOptions": "4"
        }
      },
      "M-NUM": {
        "21": {
          "que": 21,
          "type": "nat",
          "marks": {
            "cm": 4,
            "im": -1
          },
          "pdfData": [
            {
              "x1": 36,
              "x2": 562,
              "y1": 295,
              "y2": 340,
              "page": 3
            }
          ]
        },
        "22": {
          "que": 22,
          "type": "nat",
          "marks": {
            "cm": 4,
            "im": -1
          },
          "pdfData": [
            {
              "x1": 36,
              "x2": 562,
              "y1": 340,
              "y2": 386,
              "page": 3
            }
          ]
        },
        "23": {
          "que": 23,
          "type": "nat",
          "marks": {
            "cm": 4,
            "im": -1
          },
          "pdfData": [
            {
              "x1": 36,
              "x2": 562,
              "y1": 386,
              "y2": 420,
              "page": 3
            }
          ]
        },
        "24": {
          "que": 24,
          "type": "nat",
          "marks": {
            "cm": 4,
            "im": -1
          },
          "pdfData": [
            {
              "x1": 36,
              "x2": 562,
              "y1": 420,
              "y2": 475,
              "page": 3
            }
          ]
        },
        "25": {
          "que": 25,
          "type": "nat",
          "marks": {
            "cm": 4,
            "im": -1
          },
          "pdfData": [
            {
              "x1": 36,
              "x2": 562,
              "y1": 475,
              "y2": 567,
              "page": 3
            }
          ]
        }
      }
    },
    "Physics": {
      "P-MCQ": {
        "26": {
          "que": 26,
          "type": "mcq",
          "marks": {
            "cm": 4,
            "im": -1
          },
          "pdfData": [
            {
              "x1": 36,
              "x2": 562,
              "y1": 567,
              "y2": 747,
              "page": 3
            },
            {
              "x1": 36,
              "x2": 562,
              "y1": 77,
              "y2": 177,
              "page": 4
            }
          ],
          "answerOptions": "4"
        },
        "27": {
          "que": 27,
          "type": "mcq",
          "marks": {
            "cm": 4,
            "im": -1
          },
          "pdfData": [
            {
              "x1": 36,
              "x2": 562,
              "y1": 177,
              "y2": 481,
              "page": 4
            }
          ],
          "answerOptions": "4"
        },
        "28": {
          "que": 28,
          "type": "mcq",
          "marks": {
            "cm": 4,
            "im": -1
          },
          "pdfData": [
            {
              "x1": 36,
              "x2": 562,
              "y1": 481,
              "y2": 579,
              "page": 4
            }
          ],
          "answerOptions": "4"
        },
        "29": {
          "que": 29,
          "type": "mcq",
          "marks": {
            "cm": 4,
            "im": -1
          },
          "pdfData": [
            {
              "x1": 36,
              "x2": 562,
              "y1": 579,
              "y2": 738,
              "page": 4
            }
          ],
          "answerOptions": "4"
        },
        "30": {
          "que": 30,
          "type": "mcq",
          "marks": {
            "cm": 4,
            "im": -1
          },
          "pdfData": [
            {
              "x1": 36,
              "x2": 562,
              "y1": 77,
              "y2": 424,
              "page": 5
            }
          ],
          "answerOptions": "4"
        },
        "31": {
          "que": 31,
          "type": "mcq",
          "marks": {
            "cm": 4,
            "im": -1
          },
          "pdfData": [
            {
              "x1": 36,
              "x2": 562,
              "y1": 424,
              "y2": 533,
              "page": 5
            }
          ],
          "answerOptions": "4"
        },
        "32": {
          "que": 32,
          "type": "mcq",
          "marks": {
            "cm": 4,
            "im": -1
          },
          "pdfData": [
            {
              "x1": 36,
              "x2": 562,
              "y1": 533,
              "y2": 705,
              "page": 5
            }
          ],
          "answerOptions": "4"
        },
        "33": {
          "que": 33,
          "type": "mcq",
          "marks": {
            "cm": 4,
            "im": -1
          },
          "pdfData": [
            {
              "x1": 36,
              "x2": 562,
              "y1": 705,
              "y2": 761,
              "page": 5
            },
            {
              "x1": 36,
              "x2": 562,
              "y1": 77,
              "y2": 110,
              "page": 6
            }
          ],
          "answerOptions": "4"
        },
        "34": {
          "que": 34,
          "type": "mcq",
          "marks": {
            "cm": 4,
            "im": -1
          },
          "pdfData": [
            {
              "x1": 36,
              "x2": 562,
              "y1": 110,
              "y2": 386,
              "page": 6
            }
          ],
          "answerOptions": "4"
        },
        "35": {
          "que": 35,
          "type": "mcq",
          "marks": {
            "cm": 4,
            "im": -1
          },
          "pdfData": [
            {
              "x1": 36,
              "x2": 562,
              "y1": 386,
              "y2": 449,
              "page": 6
            }
          ],
          "answerOptions": "4"
        },
        "36": {
          "que": 36,
          "type": "mcq",
          "marks": {
            "cm": 4,
            "im": -1
          },
          "pdfData": [
            {
              "x1": 36,
              "x2": 562,
              "y1": 449,
              "y2": 517,
              "page": 6
            }
          ],
          "answerOptions": "4"
        },
        "37": {
          "que": 37,
          "type": "mcq",
          "marks": {
            "cm": 4,
            "im": -1
          },
          "pdfData": [
            {
              "x1": 36,
              "x2": 562,
              "y1": 517,
              "y2": 608,
              "page": 6
            }
          ],
          "answerOptions": "4"
        },
        "38": {
          "que": 38,
          "type": "mcq",
          "marks": {
            "cm": 4,
            "im": -1
          },
          "pdfData": [
            {
              "x1": 36,
              "x2": 562,
              "y1": 608,
              "y2": 668,
              "page": 6
            },
            {
              "x1": 36,
              "x2": 562,
              "y1": 77,
              "y2": 227,
              "page": 7
            }
          ],
          "answerOptions": "4"
        },
        "39": {
          "que": 39,
          "type": "mcq",
          "marks": {
            "cm": 4,
            "im": -1
          },
          "pdfData": [
            {
              "x1": 36,
              "x2": 562,
              "y1": 227,
              "y2": 302,
              "page": 7
            }
          ],
          "answerOptions": "4"
        },
        "40": {
          "que": 40,
          "type": "mcq",
          "marks": {
            "cm": 4,
            "im": -1
          },
          "pdfData": [
            {
              "x1": 36,
              "x2": 562,
              "y1": 302,
              "y2": 380,
              "page": 7
            }
          ],
          "answerOptions": "4"
        },
        "41": {
          "que": 41,
          "type": "mcq",
          "marks": {
            "cm": 4,
            "im": -1
          },
          "pdfData": [
            {
              "x1": 36,
              "x2": 562,
              "y1": 380,
              "y2": 577,
              "page": 7
            }
          ],
          "answerOptions": "4"
        },
        "42": {
          "que": 42,
          "type": "mcq",
          "marks": {
            "cm": 4,
            "im": -1
          },
          "pdfData": [
            {
              "x1": 36,
              "x2": 562,
              "y1": 577,
              "y2": 766,
              "page": 7
            },
            {
              "x1": 36,
              "x2": 562,
              "y1": 74,
              "y2": 147,
              "page": 8
            }
          ],
          "answerOptions": "4"
        },
        "43": {
          "que": 43,
          "type": "mcq",
          "marks": {
            "cm": 4,
            "im": -1
          },
          "pdfData": [
            {
              "x1": 36,
              "x2": 562,
              "y1": 147,
              "y2": 296,
              "page": 8
            }
          ],
          "answerOptions": "4"
        },
        "44": {
          "que": 44,
          "type": "mcq",
          "marks": {
            "cm": 4,
            "im": -1
          },
          "pdfData": [
            {
              "x1": 36,
              "x2": 562,
              "y1": 296,
              "y2": 374,
              "page": 8
            }
          ],
          "answerOptions": "4"
        },
        "45": {
          "que": 45,
          "type": "mcq",
          "marks": {
            "cm": 4,
            "im": -1
          },
          "pdfData": [
            {
              "x1": 36,
              "x2": 562,
              "y1": 374,
              "y2": 667,
              "page": 8
            }
          ],
          "answerOptions": "4"
        }
      },
      "P-NUM": {
        "46": {
          "que": 46,
          "type": "nat",
          "marks": {
            "cm": 4,
            "im": -1
          },
          "pdfData": [
            {
              "x1": 36,
              "x2": 562,
              "y1": 667,
              "y2": 713,
              "page": 8
            }
          ]
        },
        "47": {
          "que": 47,
          "type": "nat",
          "marks": {
            "cm": 4,
            "im": -1
          },
          "pdfData": [
            {
              "x1": 36,
              "x2": 562,
              "y1": 713,
              "y2": 768,
              "page": 8
            }
          ]
        },
        "48": {
          "que": 48,
          "type": "nat",
          "marks": {
            "cm": 4,
            "im": -1
          },
          "pdfData": [
            {
              "x1": 36,
              "x2": 562,
              "y1": 75,
              "y2": 139,
              "page": 9
            }
          ]
        },
        "49": {
          "que": 49,
          "type": "nat",
          "marks": {
            "cm": 4,
            "im": -1
          },
          "pdfData": [
            {
              "x1": 36,
              "x2": 562,
              "y1": 139,
              "y2": 193,
              "page": 9
            }
          ]
        },
        "50": {
          "que": 50,
          "type": "nat",
          "marks": {
            "cm": 4,
            "im": -1
          },
          "pdfData": [
            {
              "x1": 36,
              "x2": 562,
              "y1": 193,
              "y2": 256,
              "page": 9
            }
          ]
        }
      }
    },
    "Chemistry": {
      "C-MCQ": {
        "51": {
          "que": 51,
          "type": "mcq",
          "marks": {
            "cm": 4,
            "im": -1
          },
          "pdfData": [
            {
              "x1": 36,
              "x2": 562,
              "y1": 256,
              "y2": 378,
              "page": 9
            }
          ],
          "answerOptions": "4"
        },
        "52": {
          "que": 52,
          "type": "mcq",
          "marks": {
            "cm": 4,
            "im": -1
          },
          "pdfData": [
            {
              "x1": 36,
              "x2": 562,
              "y1": 378,
              "y2": 469,
              "page": 9
            }
          ],
          "answerOptions": "4"
        },
        "53": {
          "que": 53,
          "type": "mcq",
          "marks": {
            "cm": 4,
            "im": -1
          },
          "pdfData": [
            {
              "x1": 36,
              "x2": 562,
              "y1": 469,
              "y2": 576,
              "page": 9
            }
          ],
          "answerOptions": "4"
        },
        "54": {
          "que": 54,
          "type": "mcq",
          "marks": {
            "cm": 4,
            "im": -1
          },
          "pdfData": [
            {
              "x1": 36,
              "x2": 562,
              "y1": 576,
              "y2": 667,
              "page": 9
            }
          ],
          "answerOptions": "4"
        },
        "55": {
          "que": 55,
          "type": "mcq",
          "marks": {
            "cm": 4,
            "im": -1
          },
          "pdfData": [
            {
              "x1": 36,
              "x2": 562,
              "y1": 667,
              "y2": 688,
              "page": 9
            },
            {
              "x1": 36,
              "x2": 562,
              "y1": 75,
              "y2": 192,
              "page": 10
            }
          ],
          "answerOptions": "4"
        },
        "56": {
          "que": 56,
          "type": "mcq",
          "marks": {
            "cm": 4,
            "im": -1
          },
          "pdfData": [
            {
              "x1": 36,
              "x2": 562,
              "y1": 192,
              "y2": 290,
              "page": 10
            }
          ],
          "answerOptions": "4"
        },
        "57": {
          "que": 57,
          "type": "mcq",
          "marks": {
            "cm": 4,
            "im": -1
          },
          "pdfData": [
            {
              "x1": 36,
              "x2": 562,
              "y1": 290,
              "y2": 477,
              "page": 10
            }
          ],
          "answerOptions": "4"
        },
        "58": {
          "que": 58,
          "type": "mcq",
          "marks": {
            "cm": 4,
            "im": -1
          },
          "pdfData": [
            {
              "x1": 36,
              "x2": 562,
              "y1": 477,
              "y2": 705,
              "page": 10
            }
          ],
          "answerOptions": "4"
        },
        "59": {
          "que": 59,
          "type": "mcq",
          "marks": {
            "cm": 4,
            "im": -1
          },
          "pdfData": [
            {
              "x1": 36,
              "x2": 562,
              "y1": 705,
              "y2": 733,
              "page": 10
            },
            {
              "x1": 36,
              "x2": 562,
              "y1": 75,
              "y2": 362,
              "page": 11
            }
          ],
          "answerOptions": "4"
        },
        "60": {
          "que": 60,
          "type": "mcq",
          "marks": {
            "cm": 4,
            "im": -1
          },
          "pdfData": [
            {
              "x1": 36,
              "x2": 562,
              "y1": 362,
              "y2": 440,
              "page": 11
            }
          ],
          "answerOptions": "4"
        },
        "61": {
          "que": 61,
          "type": "mcq",
          "marks": {
            "cm": 4,
            "im": -1
          },
          "pdfData": [
            {
              "x1": 36,
              "x2": 562,
              "y1": 440,
              "y2": 498,
              "page": 11
            }
          ],
          "answerOptions": "4"
        },
        "62": {
          "que": 62,
          "type": "mcq",
          "marks": {
            "cm": 4,
            "im": -1
          },
          "pdfData": [
            {
              "x1": 36,
              "x2": 562,
              "y1": 498,
              "y2": 555,
              "page": 11
            }
          ],
          "answerOptions": "4"
        },
        "63": {
          "que": 63,
          "type": "mcq",
          "marks": {
            "cm": 4,
            "im": -1
          },
          "pdfData": [
            {
              "x1": 36,
              "x2": 562,
              "y1": 555,
              "y2": 613,
              "page": 11
            }
          ],
          "answerOptions": "4"
        },
        "64": {
          "que": 64,
          "type": "mcq",
          "marks": {
            "cm": 4,
            "im": -1
          },
          "pdfData": [
            {
              "x1": 36,
              "x2": 562,
              "y1": 613,
              "y2": 687,
              "page": 11
            }
          ],
          "answerOptions": "4"
        },
        "65": {
          "que": 65,
          "type": "mcq",
          "marks": {
            "cm": 4,
            "im": -1
          },
          "pdfData": [
            {
              "x1": 36,
              "x2": 562,
              "y1": 687,
              "y2": 759,
              "page": 11
            },
            {
              "x1": 36,
              "x2": 562,
              "y1": 76,
              "y2": 117,
              "page": 12
            }
          ],
          "answerOptions": "4"
        },
        "66": {
          "que": 66,
          "type": "mcq",
          "marks": {
            "cm": 4,
            "im": -1
          },
          "pdfData": [
            {
              "x1": 36,
              "x2": 562,
              "y1": 117,
              "y2": 299,
              "page": 12
            }
          ],
          "answerOptions": "4"
        },
        "67": {
          "que": 67,
          "type": "mcq",
          "marks": {
            "cm": 4,
            "im": -1
          },
          "pdfData": [
            {
              "x1": 36,
              "x2": 562,
              "y1": 299,
              "y2": 431,
              "page": 12
            }
          ],
          "answerOptions": "4"
        },
        "68": {
          "que": 68,
          "type": "mcq",
          "marks": {
            "cm": 4,
            "im": -1
          },
          "pdfData": [
            {
              "x1": 36,
              "x2": 562,
              "y1": 431,
              "y2": 557,
              "page": 12
            }
          ],
          "answerOptions": "4"
        },
        "69": {
          "que": 69,
          "type": "mcq",
          "marks": {
            "cm": 4,
            "im": -1
          },
          "pdfData": [
            {
              "x1": 36,
              "x2": 562,
              "y1": 557,
              "y2": 649,
              "page": 12
            }
          ],
          "answerOptions": "4"
        },
        "70": {
          "que": 70,
          "type": "mcq",
          "marks": {
            "cm": 4,
            "im": -1
          },
          "pdfData": [
            {
              "x1": 36,
              "x2": 562,
              "y1": 649,
              "y2": 725,
              "page": 12
            }
          ],
          "answerOptions": "4"
        }
      },
      "C-NUM": {
        "71": {
          "que": 71,
          "type": "nat",
          "marks": {
            "cm": 4,
            "im": -1
          },
          "pdfData": [
            {
              "x1": 36,
              "x2": 562,
              "y1": 725,
              "y2": 764,
              "page": 12
            }
          ]
        },
        "72": {
          "que": 72,
          "type": "nat",
          "marks": {
            "cm": 4,
            "im": -1
          },
          "pdfData": [
            {
              "x1": 36,
              "x2": 562,
              "y1": 75,
              "y2": 114,
              "page": 13
            }
          ]
        },
        "73": {
          "que": 73,
          "type": "nat",
          "marks": {
            "cm": 4,
            "im": -1
          },
          "pdfData": [
            {
              "x1": 36,
              "x2": 562,
              "y1": 114,
              "y2": 169,
              "page": 13
            }
          ]
        },
        "74": {
          "que": 74,
          "type": "nat",
          "marks": {
            "cm": 4,
            "im": -1
          },
          "pdfData": [
            {
              "x1": 36,
              "x2": 562,
              "y1": 169,
              "y2": 214,
              "page": 13
            }
          ]
        },
        "75": {
          "que": 75,
          "type": "nat",
          "marks": {
            "cm": 4,
            "im": -1
          },
          "pdfData": [
            {
              "x1": 36,
              "x2": 562,
              "y1": 214,
              "y2": 240,
              "page": 13
            }
          ]
        }
      }
    }
  },
  "testConfig": {
    "pdfFileHash": "dbdde60e6235d87178429bf09d6d5af4cdd15971bcdbf6c84610368128101ade"
  },
  "appVersion": "1.19.0",
  "generatedBy": "answerKeyPage",
  "generatedBasedOn": "pdfCropperPage",
  "testAnswerKey": {
    "Maths": {
      "M-MCQ": {
        "1": [
          4
        ],
        "2": [
          2
        ],
        "3": [
          4
        ],
        "4": [
          4
        ],
        "5": [
          2
        ],
        "6": [
          1
        ],
        "7": [
          3
        ],
        "8": [
          4
        ],
        "9": [
          3
        ],
        "10": [
          3
        ],
        "11": [
          2
        ],
        "12": [
          4
        ],
        "13": [
          1
        ],
        "14": [
          3
        ],
        "15": [
          3
        ],
        "16": [
          4
        ],
        "17": [
          1
        ],
        "18": [
          4
        ],
        "19": [
          4
        ],
        "20": [
          4
        ]
      },
      "M-NUM": {
        "21": "12",
        "22": "11132",
        "23": "64",
        "24": "1328",
        "25": "10"
      }
    },
    "Physics": {
      "P-MCQ": {
        "26": [
          1
        ],
        "27": [
          2
        ],
        "28": [
          2
        ],
        "29": [
          1
        ],
        "30": [
          4
        ],
        "31": [
          4
        ],
        "32": [
          3
        ],
        "33": [
          3
        ],
        "34": [
          3
        ],
        "35": [
          3
        ],
        "36": [
          2
        ],
        "37": [
          4
        ],
        "38": [
          1
        ],
        "39": [
          2
        ],
        "40": [
          4
        ],
        "41": [
          4
        ],
        "42": [
          2
        ],
        "43": [
          4
        ],
        "44": [
          4
        ],
        "45": [
          4
        ]
      },
      "P-NUM": {
        "46": "8",
        "47": "1320",
        "48": "8",
        "49": "3",
        "50": "7700"
      }
    },
    "Chemistry": {
      "C-MCQ": {
        "51": [
          2
        ],
        "52": [
          2
        ],
        "53": [
          2
        ],
        "54": [
          3
        ],
        "55": [
          3
        ],
        "56": [
          4
        ],
        "57": [
          3
        ],
        "58": [
          1
        ],
        "59": [
          1
        ],
        "60": [
          2
        ],
        "61": [
          4
        ],
        "62": [
          2
        ],
        "63": [
          3
        ],
        "64": [
          3
        ],
        "65": [
          4
        ],
        "66": [
          3
        ],
        "67": [
          3
        ],
        "68": [
          1
        ],
        "69": [
          1
        ],
        "70": [
          4
        ]
      },
      "C-NUM": {
        "71": "275",
        "72": "2",
        "73": "0",
        "74": "60",
        "75": "12"
      }
    }
  }
}