{
  "testConfig": {
    "optionalQuestions": [
      {
        "subject": "Physics",
        "section": "P-NUM",
        "count": 5
      },
      {
        "subject": "Chemistry",
        "section": "C-NUM",
        "count": 5
      },
      {
        "subject": "Mathematics",
        "section": "M-NUM",
        "count": 5
      }
    ],
    "pdfFileHash": "5c9de64891ba2ea8cb3791d66ce85e3868a3254fb41afa6a1e29b00398502e65"
  },
  "pdfCropperData": {
    "Physics": {
      "P-MCQ": {
        "1": {
          "que": 1,
          "type": "mcq",
          "marks": {
            "cm": 4,
            "im": -1
          },
          "pdfData": [
            {
              "x1": 33.12,
              "x2": 591,
              "y1": 76.7,
              "y2": 146.94,
              "page": 1
            }
          ],
          "answerOptions": "4"
        },
        "2": {
          "que": 2,
          "type": "mcq",
          "marks": {
            "cm": 4,
            "im": -1
          },
          "pdfData": [
            {
              "x1": 33.12,
              "x2": 591,
              "y1": 153.2,
              "y2": 362.53,
              "page": 1
            }
          ],
          "answerOptions": "4"
        },
        "3": {
          "que": 3,
          "type": "mcq",
          "marks": {
            "cm": 4,
            "im": -1
          },
          "pdfData": [
            {
              "x1": 33.12,
              "x2": 591,
              "y1": 370.45,
              "y2": 440.53,
              "page": 1
            }
          ],
          "answerOptions": "4"
        },
        "4": {
          "que": 4,
          "type": "mcq",
          "marks": {
            "cm": 4,
            "im": -1
          },
          "pdfData": [
            {
              "x1": 33.12,
              "x2": 591,
              "y1": 449.45,
              "y2": 664.03,
              "page": 1
            }
          ],
          "answerOptions": "4"
        },
        "5": {
          "que": 5,
          "type": "mcq",
          "marks": {
            "cm": 4,
            "im": -1
          },
          "pdfData": [
            {
              "x1": 33.12,
              "x2": 591,
              "y1": 672.95,
              "y2": 739.03,
              "page": 1
            }
          ],
          "answerOptions": "4"
        },
        "6": {
          "que": 6,
          "type": "mcq",
          "marks": {
            "cm": 4,
            "im": -1
          },
          "pdfData": [
            {
              "x1": 33.12,
              "x2": 591,
              "y1": 747.95,
              "y2": 764.12,
              "page": 1
            },
            {
              "x1": 33.12,
              "x2": 591,
              "y1": 68,
              "y2": 124.72,
              "page": 2
            }
          ],
          "answerOptions": "4"
        },
        "7": {
          "que": 7,
          "type": "mcq",
          "marks": {
            "cm": 4,
            "im": -1
          },
          "pdfData": [
            {
              "x1": 33.12,
              "x2": 591,
              "y1": 132.95,
              "y2": 231.62,
              "page": 2
            }
          ],
          "answerOptions": "4"
        },
        "8": {
          "que": 8,
          "type": "mcq",
          "marks": {
            "cm": 4,
            "im": -1
          },
          "pdfData": [
            {
              "x1": 33.12,
              "x2": 591,
              "y1": 240.95,
              "y2": 307.03,
              "page": 2
            }
          ],
          "answerOptions": "4"
        },
        "9": {
          "que": 9,
          "type": "mcq",
          "marks": {
            "cm": 4,
            "im": -1
          },
          "pdfData": [
            {
              "x1": 33.12,
              "x2": 591,
              "y1": 315.95,
              "y2": 365.94,
              "page": 2
            }
          ],
          "answerOptions": "4"
        },
        "10": {
          "que": 10,
          "type": "mcq",
          "marks": {
            "cm": 4,
            "im": -1
          },
          "pdfData": [
            {
              "x1": 33.12,
              "x2": 591,
              "y1": 374.45,
              "y2": 557.53,
              "page": 2
            }
          ],
          "answerOptions": "4"
        },
        "11": {
          "que": 11,
          "type": "mcq",
          "marks": {
            "cm": 4,
            "im": -1
          },
          "pdfData": [
            {
              "x1": 33.12,
              "x2": 591,
              "y1": 566.45,
              "y2": 620.75,
              "page": 2
            }
          ],
          "answerOptions": "4"
        },
        "12": {
          "que": 12,
          "type": "mcq",
          "marks": {
            "cm": 4,
            "im": -1
          },
          "pdfData": [
            {
              "x1": 33.12,
              "x2": 591,
              "y1": 627.95,
              "y2": 677.53,
              "page": 2
            }
          ],
          "answerOptions": "4"
        },
        "13": {
          "que": 13,
          "type": "mcq",
          "marks": {
            "cm": 4,
            "im": -1
          },
          "pdfData": [
            {
              "x1": 33.12,
              "x2": 591,
              "y1": 684.7,
              "y2": 752.53,
              "page": 2
            }
          ],
          "answerOptions": "4"
        },
        "14": {
          "que": 14,
          "type": "mcq",
          "marks": {
            "cm": 4,
            "im": -1
          },
          "pdfData": [
            {
              "x1": 33.12,
              "x2": 591,
              "y1": 75.95,
              "y2": 351.62,
              "page": 3
            }
          ],
          "answerOptions": "4"
        },
        "15": {
          "que": 15,
          "type": "mcq",
          "marks": {
            "cm": 4,
            "im": -1
          },
          "pdfData": [
            {
              "x1": 33.12,
              "x2": 591,
              "y1": 360.95,
              "y2": 427.71,
              "page": 3
            }
          ],
          "answerOptions": "4"
        },
        "16": {
          "que": 16,
          "type": "mcq",
          "marks": {
            "cm": 4,
            "im": -1
          },
          "pdfData": [
            {
              "x1": 33.12,
              "x2": 591,
              "y1": 435.95,
              "y2": 502.03,
              "page": 3
            }
          ],
          "answerOptions": "4"
        },
        "17": {
          "que": 17,
          "type": "mcq",
          "marks": {
            "cm": 4,
            "im": -1
          },
          "pdfData": [
            {
              "x1": 33.12,
              "x2": 591,
              "y1": 510.95000000000005,
              "y2": 626.12,
              "page": 3
            }
          ],
          "answerOptions": "4"
        },
        "18": {
          "que": 18,
          "type": "mcq",
          "marks": {
            "cm": 4,
            "im": -1
          },
          "pdfData": [
            {
              "x1": 33.12,
              "x2": 591,
              "y1": 635.2,
              "y2": 704.17,
              "page": 3
            }
          ],
          "answerOptions": "4"
        },
        "19": {
          "que": 19,
          "type": "mcq",
          "marks": {
            "cm": 4,
            "im": -1
          },
          "pdfData": [
            {
              "x1": 33.12,
              "x2": 591,
              "y1": 75.95,
              "y2": 188.87,
              "page": 4
            }
          ],
          "answerOptions": "4"
        },
        "20": {
          "que": 20,
          "type": "mcq",
          "marks": {
            "cm": 4,
            "im": -1
          },
          "pdfData": [
            {
              "x1": 33.12,
              "x2": 591,
              "y1": 198.2,
              "y2": 409.25,
              "page": 4
            }
          ],
          "answerOptions": "4"
        }
      },
      "P-NUM": {
        "21": {
          "que": 21,
          "type": "nat",
          "marks": {
            "cm": 4,
            "im": -1
          },
          "pdfData": [
            {
              "x1": 33.12,
              "x2": 591,
              "y1": 420.95,
              "y2": 453.62,
              "page": 4
            }
          ]
        },
        "22": {
          "que": 22,
          "type": "nat",
          "marks": {
            "cm": 4,
            "im": -1
          },
          "pdfData": [
            {
              "x1": 33.12,
              "x2": 591,
              "y1": 462.95,
              "y2": 529.03,
              "page": 4
            }
          ]
        },
        "23": {
          "que": 23,
          "type": "nat",
          "marks": {
            "cm": 4,
            "im": -1
          },
          "pdfData": [
            {
              "x1": 33.12,
              "x2": 591,
              "y1": 537.95,
              "y2": 590.46,
              "page": 4
            }
          ]
        },
        "24": {
          "que": 24,
          "type": "nat",
          "marks": {
            "cm": 4,
            "im": -1
          },
          "pdfData": [
            {
              "x1": 33.12,
              "x2": 591,
              "y1": 596.1,
              "y2": 629.53,
              "page": 4
            }
          ]
        },
        "25": {
          "que": 25,
          "type": "nat",
          "marks": {
            "cm": 4,
            "im": -1
          },
          "pdfData": [
            {
              "x1": 33.12,
              "x2": 591,
              "y1": 638.45,
              "y2": 688.03,
              "page": 4
            }
          ]
        },
        "26": {
          "que": 26,
          "type": "nat",
          "marks": {
            "cm": 4,
            "im": -1
          },
          "pdfData": [
            {
              "x1": 33.12,
              "x2": 591,
              "y1": 696.95,
              "y2": 730.03,
              "page": 4
            }
          ]
        },
        "27": {
          "que": 27,
          "type": "nat",
          "marks": {
            "cm": 4,
            "im": -1
          },
          "pdfData": [
            {
              "x1": 33.12,
              "x2": 591,
              "y1": 75.95,
              "y2": 232.25,
              "page": 5
            }
          ]
        },
        "28": {
          "que": 28,
          "type": "nat",
          "marks": {
            "cm": 4,
            "im": -1
          },
          "pdfData": [
            {
              "x1": 33.12,
              "x2": 591,
              "y1": 242.95,
              "y2": 293.12,
              "page": 5
            }
          ]
        },
        "29": {
          "que": 29,
          "type": "nat",
          "marks": {
            "cm": 4,
            "im": -1
          },
          "pdfData": [
            {
              "x1": 33.12,
              "x2": 591,
              "y1": 301.84,
              "y2": 352.03,
              "page": 5
            }
          ]
        },
        "30": {
          "que": 30,
          "type": "nat",
          "marks": {
            "cm": 4,
            "im": -1
          },
          "pdfData": [
            {
              "x1": 33.12,
              "x2": 591,
              "y1": 359.95,
              "y2": 410.53,
              "page": 5
            }
          ]
        }
      }
    },
    "Chemistry": {
      "C-MCQ": {
        "31": {
          "que": 31,
          "type": "mcq",
          "marks": {
            "cm": 4,
            "im": -1
          },
          "pdfData": [
            {
              "x1": 33.12,
              "x2": 591,
              "y1": 419.45,
              "y2": 534.62,
              "page": 5
            }
          ],
          "answerOptions": "4"
        },
        "32": {
          "que": 32,
          "type": "mcq",
          "marks": {
            "cm": 4,
            "im": -1
          },
          "pdfData": [
            {
              "x1": 33.12,
              "x2": 591,
              "y1": 543.95,
              "y2": 593.53,
              "page": 5
            }
          ],
          "answerOptions": "4"
        },
        "33": {
          "que": 33,
          "type": "mcq",
          "marks": {
            "cm": 4,
            "im": -1
          },
          "pdfData": [
            {
              "x1": 33.12,
              "x2": 591,
              "y1": 602.45,
              "y2": 701.12,
              "page": 5
            }
          ],
          "answerOptions": "4"
        },
        "34": {
          "que": 34,
          "type": "mcq",
          "marks": {
            "cm": 4,
            "im": -1
          },
          "pdfData": [
            {
              "x1": 33.12,
              "x2": 591,
              "y1": 710.45,
              "y2": 760.03,
              "page": 5
            },
            {
              "x1": 33.12,
              "x2": 591,
              "y1": 68,
              "y2": 140.87,
              "page": 6
            }
          ],
          "answerOptions": "4"
        },
        "35": {
          "que": 35,
          "type": "mcq",
          "marks": {
            "cm": 4,
            "im": -1
          },
          "pdfData": [
            {
              "x1": 33.12,
              "x2": 591,
              "y1": 150.2,
              "y2": 215.87,
              "page": 6
            }
          ],
          "answerOptions": "4"
        },
        "36": {
          "que": 36,
          "type": "mcq",
          "marks": {
            "cm": 4,
            "im": -1
          },
          "pdfData": [
            {
              "x1": 33.12,
              "x2": 591,
              "y1": 224.2,
              "y2": 290.87,
              "page": 6
            }
          ],
          "answerOptions": "4"
        },
        "37": {
          "que": 37,
          "type": "mcq",
          "marks": {
            "cm": 4,
            "im": -1
          },
          "pdfData": [
            {
              "x1": 33.12,
              "x2": 591,
              "y1": 300.2,
              "y2": 400.03,
              "page": 6
            }
          ],
          "answerOptions": "4"
        },
        "38": {
          "que": 38,
          "type": "mcq",
          "marks": {
            "cm": 4,
            "im": -1
          },
          "pdfData": [
            {
              "x1": 33.12,
              "x2": 591,
              "y1": 408.95,
              "y2": 458.12,
              "page": 6
            }
          ],
          "answerOptions": "4"
        },
        "39": {
          "que": 39,
          "type": "mcq",
          "marks": {
            "cm": 4,
            "im": -1
          },
          "pdfData": [
            {
              "x1": 33.12,
              "x2": 591,
              "y1": 467.45,
              "y2": 533.12,
              "page": 6
            }
          ],
          "answerOptions": "4"
        },
        "40": {
          "que": 40,
          "type": "mcq",
          "marks": {
            "cm": 4,
            "im": -1
          },
          "pdfData": [
            {
              "x1": 33.12,
              "x2": 591,
              "y1": 542.45,
              "y2": 640.03,
              "page": 6
            },
            {
              "x1": 33.12,
              "x2": 591,
              "y1": 68,
              "y2": 223.25,
              "page": 7
            }
          ],
          "answerOptions": "4"
        },
        "41": {
          "que": 41,
          "type": "mcq",
          "marks": {
            "cm": 4,
            "im": -1
          },
          "pdfData": [
            {
              "x1": 33.12,
              "x2": 591,
              "y1": 234.95,
              "y2": 401.46,
              "page": 7
            }
          ],
          "answerOptions": "4"
        },
        "42": {
          "que": 42,
          "type": "mcq",
          "marks": {
            "cm": 4,
            "im": -1
          },
          "pdfData": [
            {
              "x1": 33.12,
              "x2": 591,
              "y1": 408.7,
              "y2": 475.78,
              "page": 7
            }
          ],
          "answerOptions": "4"
        },
        "43": {
          "que": 43,
          "type": "mcq",
          "marks": {
            "cm": 4,
            "im": -1
          },
          "pdfData": [
            {
              "x1": 33.12,
              "x2": 591,
              "y1": 484.7,
              "y2": 566.87,
              "page": 7
            }
          ],
          "answerOptions": "4"
        },
        "44": {
          "que": 44,
          "type": "mcq",
          "marks": {
            "cm": 4,
            "im": -1
          },
          "pdfData": [
            {
              "x1": 33.12,
              "x2": 591,
              "y1": 576.2,
              "y2": 626.46,
              "page": 7
            }
          ],
          "answerOptions": "4"
        },
        "45": {
          "que": 45,
          "type": "mcq",
          "marks": {
            "cm": 4,
            "im": -1
          },
          "pdfData": [
            {
              "x1": 33.12,
              "x2": 591,
              "y1": 634.7,
              "y2": 700.37,
              "page": 7
            }
          ],
          "answerOptions": "4"
        },
        "46": {
          "que": 46,
          "type": "mcq",
          "marks": {
            "cm": 4,
            "im": -1
          },
          "pdfData": [
            {
              "x1": 33.12,
              "x2": 591,
              "y1": 707.95,
              "y2": 742.78,
              "page": 7
            },
            {
              "x1": 33.12,
              "x2": 591,
              "y1": 68,
              "y2": 107.87,
              "page": 8
            }
          ],
          "answerOptions": "4"
        },
        "47": {
          "que": 47,
          "type": "mcq",
          "marks": {
            "cm": 4,
            "im": -1
          },
          "pdfData": [
            {
              "x1": 33.12,
              "x2": 591,
              "y1": 115.45,
              "y2": 166.37,
              "page": 8
            }
          ],
          "answerOptions": "4"
        },
        "48": {
          "que": 48,
          "type": "mcq",
          "marks": {
            "cm": 4,
            "im": -1
          },
          "pdfData": [
            {
              "x1": 33.12,
              "x2": 591,
              "y1": 174.7,
              "y2": 338.53,
              "page": 8
            }
          ],
          "answerOptions": "4"
        },
        "49": {
          "que": 49,
          "type": "mcq",
          "marks": {
            "cm": 4,
            "im": -1
          },
          "pdfData": [
            {
              "x1": 33.12,
              "x2": 591,
              "y1": 347.45,
              "y2": 554.75,
              "page": 8
            }
          ],
          "answerOptions": "4"
        },
        "50": {
          "que": 50,
          "type": "mcq",
          "marks": {
            "cm": 4,
            "im": -1
          },
          "pdfData": [
            {
              "x1": 33.12,
              "x2": 591,
              "y1": 566.45,
              "y2": 699.62,
              "page": 8
            }
          ],
          "answerOptions": "4"
        }
      },
      "C-NUM": {
        "51": {
          "que": 51,
          "type": "nat",
          "marks": {
            "cm": 4,
            "im": -1
          },
          "pdfData": [
            {
              "x1": 33.12,
              "x2": 591,
              "y1": 708.95,
              "y2": 725.94,
              "page": 8
            }
          ]
        },
        "52": {
          "que": 52,
          "type": "nat",
          "marks": {
            "cm": 4,
            "im": -1
          },
          "pdfData": [
            {
              "x1": 33.12,
              "x2": 591,
              "y1": 75.95,
              "y2": 109.71,
              "page": 9
            }
          ]
        },
        "53": {
          "que": 53,
          "type": "nat",
          "marks": {
            "cm": 4,
            "im": -1
          },
          "pdfData": [
            {
              "x1": 33.12,
              "x2": 591,
              "y1": 117.95,
              "y2": 151.03,
              "page": 9
            }
          ]
        },
        "54": {
          "que": 54,
          "type": "nat",
          "marks": {
            "cm": 4,
            "im": -1
          },
          "pdfData": [
            {
              "x1": 33.12,
              "x2": 591,
              "y1": 159.95,
              "y2": 176.12,
              "page": 9
            }
          ]
        },
        "55": {
          "que": 55,
          "type": "nat",
          "marks": {
            "cm": 4,
            "im": -1
          },
          "pdfData": [
            {
              "x1": 33.12,
              "x2": 591,
              "y1": 185.2,
              "y2": 252.21,
              "page": 9
            }
          ]
        },
        "56": {
          "que": 56,
          "type": "nat",
          "marks": {
            "cm": 4,
            "im": -1
          },
          "pdfData": [
            {
              "x1": 33.12,
              "x2": 591,
              "y1": 260.45,
              "y2": 360.28,
              "page": 9
            }
          ]
        },
        "57": {
          "que": 57,
          "type": "nat",
          "marks": {
            "cm": 4,
            "im": -1
          },
          "pdfData": [
            {
              "x1": 33.12,
              "x2": 591,
              "y1": 369.2,
              "y2": 435.28,
              "page": 9
            }
          ]
        },
        "58": {
          "que": 58,
          "type": "nat",
          "marks": {
            "cm": 4,
            "im": -1
          },
          "pdfData": [
            {
              "x1": 33.12,
              "x2": 591,
              "y1": 444.2,
              "y2": 561.65,
              "page": 9
            }
          ]
        },
        "59": {
          "que": 59,
          "type": "nat",
          "marks": {
            "cm": 4,
            "im": -1
          },
          "pdfData": [
            {
              "x1": 33.12,
              "x2": 591,
              "y1": 569.95,
              "y2": 587.53,
              "page": 9
            }
          ]
        },
        "60": {
          "que": 60,
          "type": "nat",
          "marks": {
            "cm": 4,
            "im": -1
          },
          "pdfData": [
            {
              "x1": 33.12,
              "x2": 591,
              "y1": 596.45,
              "y2": 612.65,
              "page": 9
            }
          ]
        }
      }
    },
    "Mathematics": {
      "M-MCQ": {
        "61": {
          "que": 61,
          "type": "mcq",
          "marks": {
            "cm": 4,
            "im": -1
          },
          "pdfData": [
            {
              "x1": 33.12,
              "x2": 591,
              "y1": 621.95,
              "y2": 674.46,
              "page": 9
            }
          ],
          "answerOptions": "4"
        },
        "62": {
          "que": 62,
          "type": "mcq",
          "marks": {
            "cm": 4,
            "im": -1
          },
          "pdfData": [
            {
              "x1": 33.12,
              "x2": 591,
              "y1": 677.95,
              "y2": 736.76,
              "page": 9
            }
          ],
          "answerOptions": "4"
        },
        "63": {
          "que": 63,
          "type": "mcq",
          "marks": {
            "cm": 4,
            "im": -1
          },
          "pdfData": [
            {
              "x1": 33.12,
              "x2": 591,
              "y1": 75.95,
              "y2": 141.62,
              "page": 10
            }
          ],
          "answerOptions": "4"
        },
        "64": {
          "que": 64,
          "type": "mcq",
          "marks": {
            "cm": 4,
            "im": -1
          },
          "pdfData": [
            {
              "x1": 33.12,
              "x2": 591,
              "y1": 150.7,
              "y2": 216.62,
              "page": 10
            }
          ],
          "answerOptions": "4"
        },
        "65": {
          "que": 65,
          "type": "mcq",
          "marks": {
            "cm": 4,
            "im": -1
          },
          "pdfData": [
            {
              "x1": 33.12,
              "x2": 591,
              "y1": 225.95,
              "y2": 310.78,
              "page": 10
            }
          ],
          "answerOptions": "4"
        },
        "66": {
          "que": 66,
          "type": "mcq",
          "marks": {
            "cm": 4,
            "im": -1
          },
          "pdfData": [
            {
              "x1": 33.12,
              "x2": 591,
              "y1": 315.34,
              "y2": 387.21,
              "page": 10
            }
          ],
          "answerOptions": "4"
        },
        "67": {
          "que": 67,
          "type": "mcq",
          "marks": {
            "cm": 4,
            "im": -1
          },
          "pdfData": [
            {
              "x1": 33.12,
              "x2": 591,
              "y1": 393.95,
              "y2": 496.01,
              "page": 10
            }
          ],
          "answerOptions": "4"
        },
        "68": {
          "que": 68,
          "type": "mcq",
          "marks": {
            "cm": 4,
            "im": -1
          },
          "pdfData": [
            {
              "x1": 33.12,
              "x2": 591,
              "y1": 500.2,
              "y2": 556.01,
              "page": 10
            }
          ],
          "answerOptions": "4"
        },
        "69": {
          "que": 69,
          "type": "mcq",
          "marks": {
            "cm": 4,
            "im": -1
          },
          "pdfData": [
            {
              "x1": 33.12,
              "x2": 591,
              "y1": 561.95,
              "y2": 649.76,
              "page": 10
            }
          ],
          "answerOptions": "4"
        },
        "70": {
          "que": 70,
          "type": "mcq",
          "marks": {
            "cm": 4,
            "im": -1
          },
          "pdfData": [
            {
              "x1": 33.12,
              "x2": 591,
              "y1": 656.45,
              "y2": 738.62,
              "page": 10
            }
          ],
          "answerOptions": "4"
        },
        "71": {
          "que": 71,
          "type": "mcq",
          "marks": {
            "cm": 4,
            "im": -1
          },
          "pdfData": [
            {
              "x1": 33.12,
              "x2": 591,
              "y1": 73.84,
              "y2": 153.62,
              "page": 11
            }
          ],
          "answerOptions": "4"
        },
        "72": {
          "que": 72,
          "type": "mcq",
          "marks": {
            "cm": 4,
            "im": -1
          },
          "pdfData": [
            {
              "x1": 33.12,
              "x2": 591,
              "y1": 162.95,
              "y2": 248.51,
              "page": 11
            }
          ],
          "answerOptions": "4"
        },
        "73": {
          "que": 73,
          "type": "mcq",
          "marks": {
            "cm": 4,
            "im": -1
          },
          "pdfData": [
            {
              "x1": 33.12,
              "x2": 591,
              "y1": 252.44,
              "y2": 321.62,
              "page": 11
            }
          ],
          "answerOptions": "4"
        },
        "74": {
          "que": 74,
          "type": "mcq",
          "marks": {
            "cm": 4,
            "im": -1
          },
          "pdfData": [
            {
              "x1": 33.12,
              "x2": 591,
              "y1": 330.95,
              "y2": 396.62,
              "page": 11
            }
          ],
          "answerOptions": "4"
        },
        "75": {
          "que": 75,
          "type": "mcq",
          "marks": {
            "cm": 4,
            "im": -1
          },
          "pdfData": [
            {
              "x1": 33.11,
              "x2": 591,
              "y1": 403.45,
              "y2": 459.21,
              "page": 11
            }
          ],
          "answerOptions": "4"
        },
        "76": {
          "que": 76,
          "type": "mcq",
          "marks": {
            "cm": 4,
            "im": -1
          },
          "pdfData": [
            {
              "x1": 33.11,
              "x2": 591,
              "y1": 462.34,
              "y2": 518.51,
              "page": 11
            }
          ],
          "answerOptions": "4"
        },
        "77": {
          "que": 77,
          "type": "mcq",
          "marks": {
            "cm": 4,
            "im": -1
          },
          "pdfData": [
            {
              "x1": 33.11,
              "x2": 591,
              "y1": 521.59,
              "y2": 594.21,
              "page": 11
            }
          ],
          "answerOptions": "4"
        },
        "78": {
          "que": 78,
          "type": "mcq",
          "marks": {
            "cm": 4,
            "im": -1
          },
          "pdfData": [
            {
              "x1": 33.11,
              "x2": 591,
              "y1": 598.84,
              "y2": 668.12,
              "page": 11
            }
          ],
          "answerOptions": "4"
        },
        "79": {
          "que": 79,
          "type": "mcq",
          "marks": {
            "cm": 4,
            "im": -1
          },
          "pdfData": [
            {
              "x1": 33.11,
              "x2": 591,
              "y1": 676.09,
              "y2": 744.62,
              "page": 11
            }
          ],
          "answerOptions": "4"
        },
        "80": {
          "que": 80,
          "type": "mcq",
          "marks": {
            "cm": 4,
            "im": -1
          },
          "pdfData": [
            {
              "x1": 33.12,
              "x2": 591,
              "y1": 74.2,
              "y2": 148.01,
              "page": 12
            }
          ],
          "answerOptions": "4"
        }
      },
      "M-NUM": {
        "81": {
          "que": 81,
          "type": "nat",
          "marks": {
            "cm": 4,
            "im": -1
          },
          "pdfData": [
            {
              "x1": 33.12,
              "x2": 591,
              "y1": 153.95,
              "y2": 186.62,
              "page": 12
            }
          ]
        },
        "82": {
          "que": 82,
          "type": "nat",
          "marks": {
            "cm": 4,
            "im": -1
          },
          "pdfData": [
            {
              "x1": 33.12,
              "x2": 591,
              "y1": 192.34,
              "y2": 230.14,
              "page": 12
            }
          ]
        },
        "83": {
          "que": 83,
          "type": "nat",
          "marks": {
            "cm": 4,
            "im": -1
          },
          "pdfData": [
            {
              "x1": 33.12,
              "x2": 591,
              "y1": 237.6,
              "y2": 274.71,
              "page": 12
            }
          ]
        },
        "84": {
          "que": 84,
          "type": "nat",
          "marks": {
            "cm": 4,
            "im": -1
          },
          "pdfData": [
            {
              "x1": 33.12,
              "x2": 591,
              "y1": 278.59,
              "y2": 325.03,
              "page": 12
            }
          ]
        },
        "85": {
          "que": 85,
          "type": "nat",
          "marks": {
            "cm": 4,
            "im": -1
          },
          "pdfData": [
            {
              "x1": 33.12,
              "x2": 591,
              "y1": 332.95,
              "y2": 387.96,
              "page": 12
            }
          ]
        },
        "86": {
          "que": 86,
          "type": "nat",
          "marks": {
            "cm": 4,
            "im": -1
          },
          "pdfData": [
            {
              "x1": 33.12,
              "x2": 591,
              "y1": 395.45,
              "y2": 428.53,
              "page": 12
            }
          ]
        },
        "87": {
          "que": 87,
          "type": "nat",
          "marks": {
            "cm": 4,
            "im": -1
          },
          "pdfData": [
            {
              "x1": 33.12,
              "x2": 591,
              "y1": 434.76,
              "y2": 470.53,
              "page": 12
            }
          ]
        },
        "88": {
          "que": 88,
          "type": "nat",
          "marks": {
            "cm": 4,
            "im": -1
          },
          "pdfData": [
            {
              "x1": 33.12,
              "x2": 591,
              "y1": 478.45,
              "y2": 529.03,
              "page": 12
            }
          ]
        },
        "89": {
          "que": 89,
          "type": "nat",
          "marks": {
            "cm": 4,
            "im": -1
          },
          "pdfData": [
            {
              "x1": 33.12,
              "x2": 591,
              "y1": 537.95,
              "y2": 571.03,
              "page": 12
            }
          ]
        },
        "90": {
          "que": 90,
          "type": "nat",
          "marks": {
            "cm": 4,
            "im": -1
          },
          "pdfData": [
            {
              "x1": 33.12,
              "x2": 591,
              "y1": 578.95,
              "y2": 629.53,
              "page": 12
            }
          ]
        }
      }
    }
  },
  "appVersion": "1.22.1",
  "generatedBy": "answerKeyPage",
  "generatedBasedOn": "pdfCropperPage",
  "testAnswerKey": {
    "Physics": {
      "P-MCQ": {
        "1": [
          3
        ],
        "2": [
          1
        ],
        "3": [
          4
        ],
        "4": [
          4
        ],
        "5": [
          1
        ],
        "6": [
          2
        ],
        "7": [
          1
        ],
        "8": [
          3
        ],
        "9": [
          2
        ],
        "10": [
          1
        ],
        "11": [
          1
        ],
        "12": [
          2
        ],
        "13": [
          1
        ],
        "14": [
          1
        ],
        "15": [
          3
        ],
        "16": [
          3
        ],
        "17": [
          3
        ],
        "18": [
          4
        ],
        "19": [
          4
        ],
        "20": [
          3
        ]
      },
      "P-NUM": {
        "21": "40",
        "22": "3",
        "23": "177",
        "24": "10",
        "25": "750",
        "26": "32",
        "27": "5",
        "28": "0",
        "29": "2",
        "30": "208"
      }
    },
    "Chemistry": {
      "C-MCQ": {
        "31": [
          3
        ],
        "32": [
          3
        ],
        "33": [
          4
        ],
        "34": [
          2
        ],
        "35": [
          4
        ],
        "36": [
          4
        ],
        "37": [
          3
        ],
        "38": [
          1
        ],
        "39": [
          4
        ],
        "40": [
          3
        ],
        "41": [
          2
        ],
        "42": [
          2
        ],
        "43": [
          2
        ],
        "44": [
          4
        ],
        "45": [
          3
        ],
        "46": [
          3
        ],
        "47": [
          3
        ],
        "48": [
          3
        ],
        "49": [
          3
        ],
        "50": [
          1
        ]
      },
      "C-NUM": {
        "51": "4",
        "52": "5",
        "53": "200",
        "54": "18",
        "55": "31",
        "56": "50",
        "57": "0",
        "58": "8",
        "59": "95",
        "60": "11"
      }
    },
    "Mathematics": {
      "M-MCQ": {
        "61": [
          4
        ],
        "62": [
          4
        ],
        "63": [
          3
        ],
        "64": [
          4
        ],
        "65": [
          1
        ],
        "66": [
          4
        ],
        "67": [
          2
        ],
        "68": [
          1
        ],
        "69": [
          2
        ],
        "70": [
          4
        ],
        "71": [
          3
        ],
        "72": [
          1
        ],
        "73": [
          2
        ],
        "74": [
          1
        ],
        "75": [
          4
        ],
        "76": [
          4
        ],
        "77": [
          1
        ],
        "78": [
          1
        ],
        "79": [
          3
        ],
        "80": [
          2
        ]
      },
      "M-NUM": {
        "81": "5626",
        "82": "4",
        "83": "14",
        "84": "5",
        "85": "1024",
        "86": "5",
        "87": "1",
        "88": "31",
        "89": "6",
        "90": "8288"
      }
    }
  }
}