{
  "pdfCropperData": {
    "Maths": {
      "M-MCQ": {
        "1": {
          "que": 1,
          "type": "mcq",
          "options": 4,
          "marks": {
            "cm": 4,
            "im": -1
          },
          "pdfData": [
            {
              "page": 1,
              "x1": 25,
              "y1": 74,
              "x2": 549,
              "y2": 164
            }
          ]
        },
        "2": {
          "que": 2,
          "type": "mcq",
          "options": 4,
          "marks": {
            "cm": 4,
            "im": -1
          },
          "pdfData": [
            {
              "page": 1,
              "x1": 25,
              "y1": 164,
              "x2": 549,
              "y2": 243
            }
          ]
        },
        "3": {
          "que": 3,
          "type": "mcq",
          "options": 4,
          "marks": {
            "cm": 4,
            "im": -1
          },
          "pdfData": [
            {
              "page": 1,
              "x1": 25,
              "y1": 243,
              "x2": 549,
              "y2": 344
            }
          ]
        },
        "4": {
          "que": 4,
          "type": "mcq",
          "options": 4,
          "marks": {
            "cm": 4,
            "im": -1
          },
          "pdfData": [
            {
              "page": 1,
              "x1": 25,
              "y1": 344,
              "x2": 549,
              "y2": 433
            }
          ]
        },
        "5": {
          "que": 5,
          "type": "mcq",
          "options": 4,
          "marks": {
            "cm": 4,
            "im": -1
          },
          "pdfData": [
            {
              "page": 1,
              "x1": 25,
              "y1": 433,
              "x2": 549,
              "y2": 491
            }
          ]
        },
        "6": {
          "que": 6,
          "type": "mcq",
          "options": 4,
          "marks": {
            "cm": 4,
            "im": -1
          },
          "pdfData": [
            {
              "page": 1,
              "x1": 25,
              "y1": 491,
              "x2": 549,
              "y2": 582
            }
          ]
        },
        "7": {
          "que": 7,
          "type": "mcq",
          "options": 4,
          "marks": {
            "cm": 4,
            "im": -1
          },
          "pdfData": [
            {
              "page": 1,
              "x1": 25,
              "y1": 582,
              "x2": 549,
              "y2": 644
            }
          ]
        },
        "8": {
          "que": 8,
          "type": "mcq",
          "options": 4,
          "marks": {
            "cm": 4,
            "im": -1
          },
          "pdfData": [
            {
              "page": 1,
              "x1": 25,
              "y1": 644,
              "x2": 549,
              "y2": 720
            }
          ]
        },
        "9": {
          "que": 9,
          "type": "mcq",
          "options": 4,
          "marks": {
            "cm": 4,
            "im": -1
          },
          "pdfData": [
            {
              "page": 1,
              "x1": 25,
              "y1": 720,
              "x2": 549,
              "y2": 760
            },
            {
              "page": 2,
              "x1": 25,
              "y1": 76,
              "x2": 549,
              "y2": 112
            }
          ]
        },
        "10": {
          "que": 10,
          "type": "mcq",
          "options": 4,
          "marks": {
            "cm": 4,
            "im": -1
          },
          "pdfData": [
            {
              "page": 2,
              "x1": 25,
              "y1": 112,
              "x2": 549,
              "y2": 204
            }
          ]
        },
        "11": {
          "que": 11,
          "type": "mcq",
          "options": 4,
          "marks": {
            "cm": 4,
            "im": -1
          },
          "pdfData": [
            {
              "page": 2,
              "x1": 25,
              "y1": 204,
              "x2": 549,
              "y2": 281
            }
          ]
        },
        "12": {
          "que": 12,
          "type": "mcq",
          "options": 4,
          "marks": {
            "cm": 4,
            "im": -1
          },
          "pdfData": [
            {
              "page": 2,
              "x1": 25,
              "y1": 281,
              "x2": 549,
              "y2": 337
            }
          ]
        },
        "13": {
          "que": 13,
          "type": "mcq",
          "options": 4,
          "marks": {
            "cm": 4,
            "im": -1
          },
          "pdfData": [
            {
              "page": 2,
              "x1": 25,
              "y1": 337,
              "x2": 549,
              "y2": 410
            }
          ]
        },
        "14": {
          "que": 14,
          "type": "mcq",
          "options": 4,
          "marks": {
            "cm": 4,
            "im": -1
          },
          "pdfData": [
            {
              "page": 2,
              "x1": 25,
              "y1": 410,
              "x2": 549,
              "y2": 490
            }
          ]
        },
        "15": {
          "que": 15,
          "type": "mcq",
          "options": 4,
          "marks": {
            "cm": 4,
            "im": -1
          },
          "pdfData": [
            {
              "page": 2,
              "x1": 25,
              "y1": 490,
              "x2": 549,
              "y2": 553
            }
          ]
        },
        "16": {
          "que": 16,
          "type": "mcq",
          "options": 4,
          "marks": {
            "cm": 4,
            "im": -1
          },
          "pdfData": [
            {
              "page": 2,
              "x1": 25,
              "y1": 553,
              "x2": 549,
              "y2": 610
            }
          ]
        },
        "17": {
          "que": 17,
          "type": "mcq",
          "options": 4,
          "marks": {
            "cm": 4,
            "im": -1
          },
          "pdfData": [
            {
              "page": 2,
              "x1": 25,
              "y1": 610,
              "x2": 549,
              "y2": 681
            }
          ]
        },
        "18": {
          "que": 18,
          "type": "mcq",
          "options": 4,
          "marks": {
            "cm": 4,
            "im": -1
          },
          "pdfData": [
            {
              "page": 2,
              "x1": 25,
              "y1": 681,
              "x2": 549,
              "y2": 762
            }
          ]
        },
        "19": {
          "que": 19,
          "type": "mcq",
          "options": 4,
          "marks": {
            "cm": 4,
            "im": -1
          },
          "pdfData": [
            {
              "page": 3,
              "x1": 25,
              "y1": 75,
              "x2": 549,
              "y2": 128
            }
          ]
        },
        "20": {
          "que": 20,
          "type": "mcq",
          "options": 4,
          "marks": {
            "cm": 4,
            "im": -1
          },
          "pdfData": [
            {
              "page": 3,
              "x1": 25,
              "y1": 128,
              "x2": 549,
              "y2": 203
            }
          ]
        }
      },
      "M-NUM": {
        "21": {
          "que": 21,
          "type": "nat",
          "marks": {
            "cm": 4,
            "im": -1
          },
          "pdfData": [
            {
              "page": 3,
              "x1": 25,
              "y1": 203,
              "x2": 549,
              "y2": 262
            }
          ]
        },
        "22": {
          "que": 22,
          "type": "nat",
          "marks": {
            "cm": 4,
            "im": -1
          },
          "pdfData": [
            {
              "page": 3,
              "x1": 25,
              "y1": 262,
              "x2": 549,
              "y2": 288
            }
          ]
        },
        "23": {
          "que": 23,
          "type": "nat",
          "marks": {
            "cm": 4,
            "im": -1
          },
          "pdfData": [
            {
              "page": 3,
              "x1": 25,
              "y1": 288,
              "x2": 549,
              "y2": 331
            }
          ]
        },
        "24": {
          "que": 24,
          "type": "nat",
          "marks": {
            "cm": 4,
            "im": -1
          },
          "pdfData": [
            {
              "page": 3,
              "x1": 25,
              "y1": 331,
              "x2": 549,
              "y2": 372
            }
          ]
        },
        "25": {
          "que": 25,
          "type": "nat",
          "marks": {
            "cm": 4,
            "im": -1
          },
          "pdfData": [
            {
              "page": 3,
              "x1": 25,
              "y1": 372,
              "x2": 549,
              "y2": 404
            }
          ]
        }
      }
    },
    "Physics": {
      "P-MCQ": {
        "26": {
          "que": 26,
          "type": "mcq",
          "options": 4,
          "marks": {
            "cm": 4,
            "im": -1
          },
          "pdfData": [
            {
              "page": 3,
              "x1": 25,
              "y1": 404,
              "x2": 549,
              "y2": 657
            }
          ]
        },
        "27": {
          "que": 27,
          "type": "mcq",
          "options": 4,
          "marks": {
            "cm": 4,
            "im": -1
          },
          "pdfData": [
            {
              "page": 3,
              "x1": 25,
              "y1": 657,
              "x2": 549,
              "y2": 731
            }
          ]
        },
        "28": {
          "que": 28,
          "type": "mcq",
          "options": 4,
          "marks": {
            "cm": 4,
            "im": -1
          },
          "pdfData": [
            {
              "page": 4,
              "x1": 25,
              "y1": 75,
              "x2": 549,
              "y2": 257
            }
          ]
        },
        "29": {
          "que": 29,
          "type": "mcq",
          "options": 4,
          "marks": {
            "cm": 4,
            "im": -1
          },
          "pdfData": [
            {
              "page": 4,
              "x1": 25,
              "y1": 257,
              "x2": 549,
              "y2": 348
            }
          ]
        },
        "30": {
          "que": 30,
          "type": "mcq",
          "options": 4,
          "marks": {
            "cm": 4,
            "im": -1
          },
          "pdfData": [
            {
              "page": 4,
              "x1": 25,
              "y1": 348,
              "x2": 549,
              "y2": 521
            }
          ]
        },
        "31": {
          "que": 31,
          "type": "mcq",
          "options": 4,
          "marks": {
            "cm": 4,
            "im": -1
          },
          "pdfData": [
            {
              "page": 4,
              "x1": 25,
              "y1": 521,
              "x2": 549,
              "y2": 611
            }
          ]
        },
        "32": {
          "que": 32,
          "type": "mcq",
          "options": 4,
          "marks": {
            "cm": 4,
            "im": -1
          },
          "pdfData": [
            {
              "page": 4,
              "x1": 25,
              "y1": 611,
              "x2": 549,
              "y2": 761
            },
            {
              "page": 5,
              "x1": 25,
              "y1": 77,
              "x2": 549,
              "y2": 132
            }
          ]
        },
        "33": {
          "que": 33,
          "type": "mcq",
          "options": 4,
          "marks": {
            "cm": 4,
            "im": -1
          },
          "pdfData": [
            {
              "page": 5,
              "x1": 25,
              "y1": 132,
              "x2": 549,
              "y2": 218
            }
          ]
        },
        "34": {
          "que": 34,
          "type": "mcq",
          "options": 4,
          "marks": {
            "cm": 4,
            "im": -1
          },
          "pdfData": [
            {
              "page": 5,
              "x1": 25,
              "y1": 218,
              "x2": 549,
              "y2": 294
            }
          ]
        },
        "35": {
          "que": 35,
          "type": "mcq",
          "options": 4,
          "marks": {
            "cm": 4,
            "im": -1
          },
          "pdfData": [
            {
              "page": 5,
              "x1": 25,
              "y1": 294,
              "x2": 549,
              "y2": 434
            }
          ]
        },
        "36": {
          "que": 36,
          "type": "mcq",
          "options": 4,
          "marks": {
            "cm": 4,
            "im": -1
          },
          "pdfData": [
            {
              "page": 5,
              "x1": 25,
              "y1": 434,
              "x2": 549,
              "y2": 506
            }
          ]
        },
        "37": {
          "que": 37,
          "type": "mcq",
          "options": 4,
          "marks": {
            "cm": 4,
            "im": -1
          },
          "pdfData": [
            {
              "page": 5,
              "x1": 25,
              "y1": 506,
              "x2": 549,
              "y2": 581
            }
          ]
        },
        "38": {
          "que": 38,
          "type": "mcq",
          "options": 4,
          "marks": {
            "cm": 4,
            "im": -1
          },
          "pdfData": [
            {
              "page": 5,
              "x1": 25,
              "y1": 581,
              "x2": 549,
              "y2": 682
            }
          ]
        },
        "39": {
          "que": 39,
          "type": "mcq",
          "options": 4,
          "marks": {
            "cm": 4,
            "im": -1
          },
          "pdfData": [
            {
              "page": 5,
              "x1": 25,
              "y1": 682,
              "x2": 549,
              "y2": 737
            }
          ]
        },
        "40": {
          "que": 40,
          "type": "mcq",
          "options": 4,
          "marks": {
            "cm": 4,
            "im": -1
          },
          "pdfData": [
            {
              "page": 5,
              "x1": 25,
              "y1": 737,
              "x2": 549,
              "y2": 756
            },
            {
              "page": 6,
              "x1": 25,
              "y1": 76,
              "x2": 549,
              "y2": 114
            }
          ]
        },
        "41": {
          "que": 41,
          "type": "mcq",
          "options": 4,
          "marks": {
            "cm": 4,
            "im": -1
          },
          "pdfData": [
            {
              "page": 6,
              "x1": 25,
              "y1": 114,
              "x2": 549,
              "y2": 209
            }
          ]
        },
        "42": {
          "que": 42,
          "type": "mcq",
          "options": 4,
          "marks": {
            "cm": 4,
            "im": -1
          },
          "pdfData": [
            {
              "page": 6,
              "x1": 25,
              "y1": 209,
              "x2": 549,
              "y2": 283
            }
          ]
        },
        "43": {
          "que": 43,
          "type": "mcq",
          "options": 4,
          "marks": {
            "cm": 4,
            "im": -1
          },
          "pdfData": [
            {
              "page": 6,
              "x1": 25,
              "y1": 283,
              "x2": 549,
              "y2": 356
            }
          ]
        },
        "44": {
          "que": 44,
          "type": "mcq",
          "options": 4,
          "marks": {
            "cm": 4,
            "im": -1
          },
          "pdfData": [
            {
              "page": 6,
              "x1": 25,
              "y1": 356,
              "x2": 549,
              "y2": 416
            }
          ]
        },
        "45": {
          "que": 45,
          "type": "mcq",
          "options": 4,
          "marks": {
            "cm": 4,
            "im": -1
          },
          "pdfData": [
            {
              "page": 6,
              "x1": 25,
              "y1": 416,
              "x2": 549,
              "y2": 692
            }
          ]
        }
      },
      "P-NUM": {
        "46": {
          "que": 46,
          "type": "nat",
          "marks": {
            "cm": 4,
            "im": -1
          },
          "pdfData": [
            {
              "page": 6,
              "x1": 25,
              "y1": 692,
              "x2": 549,
              "y2": 748
            }
          ]
        },
        "47": {
          "que": 47,
          "type": "nat",
          "marks": {
            "cm": 4,
            "im": -1
          },
          "pdfData": [
            {
              "page": 7,
              "x1": 25,
              "y1": 76,
              "x2": 549,
              "y2": 250
            }
          ]
        },
        "48": {
          "que": 48,
          "type": "nat",
          "marks": {
            "cm": 4,
            "im": -1
          },
          "pdfData": [
            {
              "page": 7,
              "x1": 25,
              "y1": 250,
              "x2": 549,
              "y2": 303
            }
          ]
        },
        "49": {
          "que": 49,
          "type": "nat",
          "marks": {
            "cm": 4,
            "im": -1
          },
          "pdfData": [
            {
              "page": 7,
              "x1": 25,
              "y1": 303,
              "x2": 549,
              "y2": 477
            }
          ]
        },
        "50": {
          "que": 50,
          "type": "nat",
          "marks": {
            "cm": 4,
            "im": -1
          },
          "pdfData": [
            {
              "page": 7,
              "x1": 25,
              "y1": 477,
              "x2": 549,
              "y2": 520
            }
          ]
        }
      }
    },
    "Chemistry": {
      "C-MCQ": {
        "51": {
          "que": 51,
          "type": "mcq",
          "marks": {
            "cm": 4,
            "im": -1
          },
          "pdfData": [
            {
              "page": 7,
              "x1": 25,
              "y1": 520,
              "x2": 549,
              "y2": 594
            }
          ]
        },
        "52": {
          "que": 52,
          "type": "mcq",
          "marks": {
            "cm": 4,
            "im": -1
          },
          "pdfData": [
            {
              "page": 7,
              "x1": 25,
              "y1": 594,
              "x2": 549,
              "y2": 733
            }
          ]
        },
        "53": {
          "que": 53,
          "type": "mcq",
          "marks": {
            "cm": 4,
            "im": -1
          },
          "pdfData": [
            {
              "page": 8,
              "x1": 25,
              "y1": 76,
              "x2": 549,
              "y2": 261
            }
          ]
        },
        "54": {
          "que": 54,
          "type": "mcq",
          "marks": {
            "cm": 4,
            "im": -1
          },
          "pdfData": [
            {
              "page": 8,
              "x1": 25,
              "y1": 261,
              "x2": 549,
              "y2": 509
            }
          ]
        },
        "55": {
          "que": 55,
          "type": "mcq",
          "marks": {
            "cm": 4,
            "im": -1
          },
          "pdfData": [
            {
              "page": 8,
              "x1": 25,
              "y1": 509,
              "x2": 549,
              "y2": 719
            }
          ]
        },
        "56": {
          "que": 56,
          "type": "mcq",
          "marks": {
            "cm": 4,
            "im": -1
          },
          "pdfData": [
            {
              "page": 8,
              "x1": 25,
              "y1": 719,
              "x2": 549,
              "y2": 756
            },
            {
              "page": 9,
              "x1": 25,
              "y1": 76,
              "x2": 549,
              "y2": 161
            }
          ]
        },
        "57": {
          "que": 57,
          "type": "mcq",
          "marks": {
            "cm": 4,
            "im": -1
          },
          "pdfData": [
            {
              "page": 9,
              "x1": 25,
              "y1": 161,
              "x2": 549,
              "y2": 476
            }
          ]
        },
        "58": {
          "que": 58,
          "type": "mcq",
          "marks": {
            "cm": 4,
            "im": -1
          },
          "pdfData": [
            {
              "page": 9,
              "x1": 25,
              "y1": 476,
              "x2": 549,
              "y2": 549
            }
          ]
        },
        "59": {
          "que": 59,
          "type": "mcq",
          "marks": {
            "cm": 4,
            "im": -1
          },
          "pdfData": [
            {
              "page": 9,
              "x1": 25,
              "y1": 549,
              "x2": 549,
              "y2": 607
            }
          ]
        },
        "60": {
          "que": 60,
          "type": "mcq",
          "marks": {
            "cm": 4,
            "im": -1
          },
          "pdfData": [
            {
              "page": 9,
              "x1": 25,
              "y1": 607,
              "x2": 549,
              "y2": 716
            }
          ]
        },
        "61": {
          "que": 61,
          "type": "mcq",
          "marks": {
            "cm": 4,
            "im": -1
          },
          "pdfData": [
            {
              "page": 9,
              "x1": 25,
              "y1": 716,
              "x2": 549,
              "y2": 754
            },
            {
              "page": 10,
              "x1": 25,
              "y1": 76,
              "x2": 549,
              "y2": 130
            }
          ]
        },
        "62": {
          "que": 62,
          "type": "mcq",
          "marks": {
            "cm": 4,
            "im": -1
          },
          "pdfData": [
            {
              "page": 10,
              "x1": 25,
              "y1": 130,
              "x2": 549,
              "y2": 220
            }
          ]
        },
        "63": {
          "que": 63,
          "type": "mcq",
          "marks": {
            "cm": 4,
            "im": -1
          },
          "pdfData": [
            {
              "page": 10,
              "x1": 25,
              "y1": 220,
              "x2": 549,
              "y2": 461
            }
          ]
        },
        "64": {
          "que": 64,
          "type": "mcq",
          "marks": {
            "cm": 4,
            "im": -1
          },
          "pdfData": [
            {
              "page": 10,
              "x1": 25,
              "y1": 461,
              "x2": 549,
              "y2": 572
            }
          ]
        },
        "65": {
          "que": 65,
          "type": "mcq",
          "marks": {
            "cm": 4,
            "im": -1
          },
          "pdfData": [
            {
              "page": 10,
              "x1": 25,
              "y1": 572,
              "x2": 549,
              "y2": 678
            }
          ]
        },
        "66": {
          "que": 66,
          "type": "mcq",
          "marks": {
            "cm": 4,
            "im": -1
          },
          "pdfData": [
            {
              "page": 11,
              "x1": 25,
              "y1": 76,
              "x2": 549,
              "y2": 240
            }
          ]
        },
        "67": {
          "que": 67,
          "type": "mcq",
          "marks": {
            "cm": 4,
            "im": -1
          },
          "pdfData": [
            {
              "page": 11,
              "x1": 25,
              "y1": 240,
              "x2": 549,
              "y2": 480
            }
          ]
        },
        "68": {
          "que": 68,
          "type": "mcq",
          "marks": {
            "cm": 4,
            "im": -1
          },
          "pdfData": [
            {
              "page": 11,
              "x1": 25,
              "y1": 480,
              "x2": 549,
              "y2": 556
            }
          ]
        },
        "69": {
          "que": 69,
          "type": "mcq",
          "marks": {
            "cm": 4,
            "im": -1
          },
          "pdfData": [
            {
              "page": 11,
              "x1": 25,
              "y1": 556,
              "x2": 549,
              "y2": 728
            }
          ]
        },
        "70": {
          "que": 70,
          "type": "mcq",
          "marks": {
            "cm": 4,
            "im": -1
          },
          "pdfData": [
            {
              "page": 11,
              "x1": 25,
              "y1": 728,
              "x2": 549,
              "y2": 764
            },
            {
              "page": 12,
              "x1": 25,
              "y1": 76,
              "x2": 549,
              "y2": 146
            }
          ]
        }
      },
      "C-NUM": {
        "71": {
          "que": 71,
          "type": "nat",
          "marks": {
            "cm": 4,
            "im": -1
          },
          "pdfData": [
            {
              "page": 12,
              "x1": 25,
              "y1": 146,
              "x2": 549,
              "y2": 185
            }
          ]
        },
        "72": {
          "que": 72,
          "type": "nat",
          "marks": {
            "cm": 4,
            "im": -1
          },
          "pdfData": [
            {
              "page": 12,
              "x1": 25,
              "y1": 185,
              "x2": 549,
              "y2": 244
            }
          ]
        },
        "73": {
          "que": 73,
          "type": "nat",
          "marks": {
            "cm": 4,
            "im": -1
          },
          "pdfData": [
            {
              "page": 12,
              "x1": 25,
              "y1": 244,
              "x2": 549,
              "y2": 287
            }
          ]
        },
        "74": {
          "que": 74,
          "type": "nat",
          "marks": {
            "cm": 4,
            "im": -1
          },
          "pdfData": [
            {
              "page": 12,
              "x1": 25,
              "y1": 287,
              "x2": 549,
              "y2": 343
            }
          ]
        },
        "75": {
          "que": 75,
          "type": "nat",
          "marks": {
            "cm": 4,
            "im": -1
          },
          "pdfData": [
            {
              "page": 12,
              "x1": 25,
              "y1": 343,
              "x2": 549,
              "y2": 384
            }
          ]
        }
      }
    }
  },
  "pdfFileHash": "7aabbd6e54568bbb4d0c4dbde19c2deb3e251ff568f1dbf3dca60d48c08e284b",
  "testAnswerKey": {
    "Maths": {
      "M-MCQ": {
        "1": [
          3
        ],
        "2": [
          1
        ],
        "3": [
          3
        ],
        "4": [
          1
        ],
        "5": [
          3
        ],
        "6": [
          1
        ],
        "7": [
          4
        ],
        "8": [
          4
        ],
        "9": [
          2
        ],
        "10": [
          1
        ],
        "11": [
          1
        ],
        "12": [
          2
        ],
        "13": [
          2
        ],
        "14": [
          3
        ],
        "15": [
          1
        ],
        "16": [
          2
        ],
        "17": [
          4
        ],
        "18": [
          2
        ],
        "19": [
          4
        ],
        "20": [
          3
        ]
      },
      "M-NUM": {
        "21": "14",
        "22": "64",
        "23": "4",
        "24": "20",
        "25": "1"
      }
    },
    "Physics": {
      "P-MCQ": {
        "26": [
          1
        ],
        "27": [
          3
        ],
        "28": [
          1
        ],
        "29": [
          4
        ],
        "30": [
          4
        ],
        "31": [
          3
        ],
        "32": [
          4
        ],
        "33": [
          4
        ],
        "34": [
          2
        ],
        "35": [
          4
        ],
        "36": [
          1
        ],
        "37": [
          3
        ],
        "38": [
          1
        ],
        "39": [
          2
        ],
        "40": [
          1
        ],
        "41": [
          1
        ],
        "42": [
          3
        ],
        "43": [
          3
        ],
        "44": [
          4
        ],
        "45": [
          4
        ]
      },
      "P-NUM": {
        "46": "54",
        "47": "2",
        "48": "12",
        "49": "1",
        "50": "50"
      }
    },
    "Chemistry": {
      "C-MCQ": {
        "51": [
          2
        ],
        "52": [
          2
        ],
        "53": [
          3
        ],
        "54": [
          3
        ],
        "55": [
          4
        ],
        "56": [
          3
        ],
        "57": [
          3
        ],
        "58": [
          4
        ],
        "59": [
          4
        ],
        "60": [
          3
        ],
        "61": [
          3
        ],
        "62": [
          3
        ],
        "63": [
          4
        ],
        "64": [
          4
        ],
        "65": [
          3
        ],
        "66": [
          3
        ],
        "67": [
          1
        ],
        "68": [
          1
        ],
        "69": [
          4
        ],
        "70": [
          2
        ]
      },
      "C-NUM": {
        "71": "2",
        "72": "15",
        "73": "6",
        "74": "48",
        "75": "5"
      }
    }
  }
}