{
  "pdfCropperData": {
    "Maths": {
      "M-MCQ": {
        "1": {
          "que": 1,
          "type": "mcq",
          "options": 4,
          "marks": {
            "cm": 4,
            "im": -1
          },
          "pdfData": [
            {
              "page": 1,
              "x1": 35,
              "y1": 76,
              "x2": 561,
              "y2": 148
            }
          ]
        },
        "2": {
          "que": 2,
          "type": "mcq",
          "options": 4,
          "marks": {
            "cm": 4,
            "im": -1
          },
          "pdfData": [
            {
              "page": 1,
              "x1": 35,
              "y1": 148,
              "x2": 561,
              "y2": 242
            }
          ]
        },
        "3": {
          "que": 3,
          "type": "mcq",
          "options": 4,
          "marks": {
            "cm": 4,
            "im": -1
          },
          "pdfData": [
            {
              "page": 1,
              "x1": 35,
              "y1": 242,
              "x2": 561,
              "y2": 354
            }
          ]
        },
        "4": {
          "que": 4,
          "type": "mcq",
          "options": 4,
          "marks": {
            "cm": 4,
            "im": -1
          },
          "pdfData": [
            {
              "page": 1,
              "x1": 35,
              "y1": 354,
              "x2": 561,
              "y2": 433
            }
          ]
        },
        "5": {
          "que": 5,
          "type": "mcq",
          "options": 4,
          "marks": {
            "cm": 4,
            "im": -1
          },
          "pdfData": [
            {
              "page": 1,
              "x1": 35,
              "y1": 433,
              "x2": 561,
              "y2": 526
            }
          ]
        },
        "6": {
          "que": 6,
          "type": "mcq",
          "options": 4,
          "marks": {
            "cm": 4,
            "im": -1
          },
          "pdfData": [
            {
              "page": 1,
              "x1": 35,
              "y1": 526,
              "x2": 561,
              "y2": 597
            }
          ]
        },
        "7": {
          "que": 7,
          "type": "mcq",
          "options": 4,
          "marks": {
            "cm": 4,
            "im": -1
          },
          "pdfData": [
            {
              "page": 1,
              "x1": 35,
              "y1": 597,
              "x2": 561,
              "y2": 711
            }
          ]
        },
        "8": {
          "que": 8,
          "type": "mcq",
          "options": 4,
          "marks": {
            "cm": 4,
            "im": -1
          },
          "pdfData": [
            {
              "page": 1,
              "x1": 35,
              "y1": 711,
              "x2": 561,
              "y2": 750
            },
            {
              "page": 2,
              "x1": 35,
              "y1": 73,
              "x2": 561,
              "y2": 113
            }
          ]
        },
        "9": {
          "que": 9,
          "type": "mcq",
          "options": 4,
          "marks": {
            "cm": 4,
            "im": -1
          },
          "pdfData": [
            {
              "page": 2,
              "x1": 35,
              "y1": 113,
              "x2": 561,
              "y2": 188
            }
          ]
        },
        "10": {
          "que": 10,
          "type": "mcq",
          "options": 4,
          "marks": {
            "cm": 4,
            "im": -1
          },
          "pdfData": [
            {
              "page": 2,
              "x1": 35,
              "y1": 188,
              "x2": 561,
              "y2": 268
            }
          ]
        },
        "11": {
          "que": 11,
          "type": "mcq",
          "options": 4,
          "marks": {
            "cm": 4,
            "im": -1
          },
          "pdfData": [
            {
              "page": 2,
              "x1": 35,
              "y1": 268,
              "x2": 561,
              "y2": 330
            }
          ]
        },
        "12": {
          "que": 12,
          "type": "mcq",
          "options": 4,
          "marks": {
            "cm": 4,
            "im": -1
          },
          "pdfData": [
            {
              "page": 2,
              "x1": 35,
              "y1": 330,
              "x2": 561,
              "y2": 430
            }
          ]
        },
        "13": {
          "que": 13,
          "type": "mcq",
          "options": 4,
          "marks": {
            "cm": 4,
            "im": -1
          },
          "pdfData": [
            {
              "page": 2,
              "x1": 35,
              "y1": 430,
              "x2": 561,
              "y2": 504
            }
          ]
        },
        "14": {
          "que": 14,
          "type": "mcq",
          "options": 4,
          "marks": {
            "cm": 4,
            "im": -1
          },
          "pdfData": [
            {
              "page": 2,
              "x1": 35,
              "y1": 504,
              "x2": 561,
              "y2": 580
            }
          ]
        },
        "15": {
          "que": 15,
          "type": "mcq",
          "options": 4,
          "marks": {
            "cm": 4,
            "im": -1
          },
          "pdfData": [
            {
              "page": 2,
              "x1": 35,
              "y1": 580,
              "x2": 561,
              "y2": 655
            }
          ]
        },
        "16": {
          "que": 16,
          "type": "mcq",
          "options": 4,
          "marks": {
            "cm": 4,
            "im": -1
          },
          "pdfData": [
            {
              "page": 2,
              "x1": 35,
              "y1": 655,
              "x2": 561,
              "y2": 732
            }
          ]
        },
        "17": {
          "que": 17,
          "type": "mcq",
          "options": 4,
          "marks": {
            "cm": 4,
            "im": -1
          },
          "pdfData": [
            {
              "page": 3,
              "x1": 35,
              "y1": 71,
              "x2": 561,
              "y2": 148
            }
          ]
        },
        "18": {
          "que": 18,
          "type": "mcq",
          "options": 4,
          "marks": {
            "cm": 4,
            "im": -1
          },
          "pdfData": [
            {
              "page": 3,
              "x1": 35,
              "y1": 148,
              "x2": 561,
              "y2": 205
            }
          ]
        },
        "19": {
          "que": 19,
          "type": "mcq",
          "options": 4,
          "marks": {
            "cm": 4,
            "im": -1
          },
          "pdfData": [
            {
              "page": 3,
              "x1": 35,
              "y1": 205,
              "x2": 561,
              "y2": 274
            }
          ]
        },
        "20": {
          "que": 20,
          "type": "mcq",
          "options": 4,
          "marks": {
            "cm": 4,
            "im": -1
          },
          "pdfData": [
            {
              "page": 3,
              "x1": 35,
              "y1": 274,
              "x2": 561,
              "y2": 333
            }
          ]
        }
      },
      "M-NUM": {
        "21": {
          "que": 21,
          "type": "nat",
          "marks": {
            "cm": 4,
            "im": -1
          },
          "pdfData": [
            {
              "page": 3,
              "x1": 35,
              "y1": 333,
              "x2": 561,
              "y2": 398
            }
          ]
        },
        "22": {
          "que": 22,
          "type": "nat",
          "marks": {
            "cm": 4,
            "im": -1
          },
          "pdfData": [
            {
              "page": 3,
              "x1": 35,
              "y1": 398,
              "x2": 561,
              "y2": 439
            }
          ]
        },
        "23": {
          "que": 23,
          "type": "nat",
          "marks": {
            "cm": 4,
            "im": -1
          },
          "pdfData": [
            {
              "page": 3,
              "x1": 35,
              "y1": 439,
              "x2": 561,
              "y2": 483
            }
          ]
        },
        "24": {
          "que": 24,
          "type": "nat",
          "marks": {
            "cm": 4,
            "im": -1
          },
          "pdfData": [
            {
              "page": 3,
              "x1": 35,
              "y1": 483,
              "x2": 561,
              "y2": 508
            }
          ]
        },
        "25": {
          "que": 25,
          "type": "nat",
          "marks": {
            "cm": 4,
            "im": -1
          },
          "pdfData": [
            {
              "page": 3,
              "x1": 35,
              "y1": 508,
              "x2": 561,
              "y2": 553
            }
          ]
        }
      }
    },
    "Physics": {
      "P-MCQ": {
        "26": {
          "que": 26,
          "type": "mcq",
          "options": 4,
          "marks": {
            "cm": 4,
            "im": -1
          },
          "pdfData": [
            {
              "page": 3,
              "x1": 35,
              "y1": 553,
              "x2": 561,
              "y2": 587
            },
            {
              "page": 4,
              "x1": 35,
              "y1": 76,
              "x2": 561,
              "y2": 302
            }
          ]
        },
        "27": {
          "que": 27,
          "type": "mcq",
          "options": 4,
          "marks": {
            "cm": 4,
            "im": -1
          },
          "pdfData": [
            {
              "page": 4,
              "x1": 35,
              "y1": 302,
              "x2": 561,
              "y2": 409
            }
          ]
        },
        "28": {
          "que": 28,
          "type": "mcq",
          "options": 4,
          "marks": {
            "cm": 4,
            "im": -1
          },
          "pdfData": [
            {
              "page": 4,
              "x1": 35,
              "y1": 409,
              "x2": 561,
              "y2": 484
            }
          ]
        },
        "29": {
          "que": 29,
          "type": "mcq",
          "options": 4,
          "marks": {
            "cm": 4,
            "im": -1
          },
          "pdfData": [
            {
              "page": 4,
              "x1": 35,
              "y1": 484,
              "x2": 561,
              "y2": 581
            }
          ]
        },
        "30": {
          "que": 30,
          "type": "mcq",
          "options": 4,
          "marks": {
            "cm": 4,
            "im": -1
          },
          "pdfData": [
            {
              "page": 4,
              "x1": 35,
              "y1": 581,
              "x2": 561,
              "y2": 620
            },
            {
              "page": 5,
              "x1": 35,
              "y1": 76,
              "x2": 561,
              "y2": 306
            }
          ]
        },
        "31": {
          "que": 31,
          "type": "mcq",
          "options": 4,
          "marks": {
            "cm": 4,
            "im": -1
          },
          "pdfData": [
            {
              "page": 5,
              "x1": 35,
              "y1": 306,
              "x2": 561,
              "y2": 398
            }
          ]
        },
        "32": {
          "que": 32,
          "type": "mcq",
          "options": 4,
          "marks": {
            "cm": 4,
            "im": -1
          },
          "pdfData": [
            {
              "page": 5,
              "x1": 35,
              "y1": 398,
              "x2": 561,
              "y2": 490
            }
          ]
        },
        "33": {
          "que": 33,
          "type": "mcq",
          "options": 4,
          "marks": {
            "cm": 4,
            "im": -1
          },
          "pdfData": [
            {
              "page": 5,
              "x1": 35,
              "y1": 490,
              "x2": 561,
              "y2": 569
            }
          ]
        },
        "34": {
          "que": 34,
          "type": "mcq",
          "options": 4,
          "marks": {
            "cm": 4,
            "im": -1
          },
          "pdfData": [
            {
              "page": 5,
              "x1": 35,
              "y1": 569,
              "x2": 561,
              "y2": 645
            }
          ]
        },
        "35": {
          "que": 35,
          "type": "mcq",
          "options": 4,
          "marks": {
            "cm": 4,
            "im": -1
          },
          "pdfData": [
            {
              "page": 5,
              "x1": 35,
              "y1": 645,
              "x2": 561,
              "y2": 748
            },
            {
              "page": 6,
              "x1": 35,
              "y1": 75,
              "x2": 561,
              "y2": 112
            }
          ]
        },
        "36": {
          "que": 36,
          "type": "mcq",
          "options": 4,
          "marks": {
            "cm": 4,
            "im": -1
          },
          "pdfData": [
            {
              "page": 6,
              "x1": 35,
              "y1": 112,
              "x2": 561,
              "y2": 276
            }
          ]
        },
        "37": {
          "que": 37,
          "type": "mcq",
          "options": 4,
          "marks": {
            "cm": 4,
            "im": -1
          },
          "pdfData": [
            {
              "page": 6,
              "x1": 35,
              "y1": 276,
              "x2": 561,
              "y2": 411
            }
          ]
        },
        "38": {
          "que": 38,
          "type": "mcq",
          "options": 4,
          "marks": {
            "cm": 4,
            "im": -1
          },
          "pdfData": [
            {
              "page": 6,
              "x1": 35,
              "y1": 411,
              "x2": 561,
              "y2": 516
            }
          ]
        },
        "39": {
          "que": 39,
          "type": "mcq",
          "options": 4,
          "marks": {
            "cm": 4,
            "im": -1
          },
          "pdfData": [
            {
              "page": 6,
              "x1": 35,
              "y1": 516,
              "x2": 561,
              "y2": 592
            }
          ]
        },
        "40": {
          "que": 40,
          "type": "mcq",
          "options": 4,
          "marks": {
            "cm": 4,
            "im": -1
          },
          "pdfData": [
            {
              "page": 6,
              "x1": 35,
              "y1": 592,
              "x2": 561,
              "y2": 684
            }
          ]
        },
        "41": {
          "que": 41,
          "type": "mcq",
          "options": 4,
          "marks": {
            "cm": 4,
            "im": -1
          },
          "pdfData": [
            {
              "page": 6,
              "x1": 35,
              "y1": 684,
              "x2": 561,
              "y2": 739
            },
            {
              "page": 7,
              "x1": 35,
              "y1": 75,
              "x2": 561,
              "y2": 111
            }
          ]
        },
        "42": {
          "que": 42,
          "type": "mcq",
          "options": 4,
          "marks": {
            "cm": 4,
            "im": -1
          },
          "pdfData": [
            {
              "page": 7,
              "x1": 35,
              "y1": 111,
              "x2": 561,
              "y2": 237
            }
          ]
        },
        "43": {
          "que": 43,
          "type": "mcq",
          "options": 4,
          "marks": {
            "cm": 4,
            "im": -1
          },
          "pdfData": [
            {
              "page": 7,
              "x1": 35,
              "y1": 237,
              "x2": 561,
              "y2": 430
            }
          ]
        },
        "44": {
          "que": 44,
          "type": "mcq",
          "options": 4,
          "marks": {
            "cm": 4,
            "im": -1
          },
          "pdfData": [
            {
              "page": 7,
              "x1": 35,
              "y1": 430,
              "x2": 561,
              "y2": 625
            }
          ]
        },
        "45": {
          "que": 45,
          "type": "mcq",
          "options": 4,
          "marks": {
            "cm": 4,
            "im": -1
          },
          "pdfData": [
            {
              "page": 7,
              "x1": 35,
              "y1": 625,
              "x2": 561,
              "y2": 727
            }
          ]
        }
      },
      "P-NUM": {
        "46": {
          "que": 46,
          "type": "nat",
          "marks": {
            "cm": 4,
            "im": -1
          },
          "pdfData": [
            {
              "page": 8,
              "x1": 35,
              "y1": 75,
              "x2": 561,
              "y2": 181
            }
          ]
        },
        "47": {
          "que": 47,
          "type": "nat",
          "marks": {
            "cm": 4,
            "im": -1
          },
          "pdfData": [
            {
              "page": 8,
              "x1": 35,
              "y1": 181,
              "x2": 561,
              "y2": 332
            }
          ]
        },
        "48": {
          "que": 48,
          "type": "nat",
          "marks": {
            "cm": 4,
            "im": -1
          },
          "pdfData": [
            {
              "page": 8,
              "x1": 35,
              "y1": 332,
              "x2": 561,
              "y2": 392
            }
          ]
        },
        "49": {
          "que": 49,
          "type": "nat",
          "marks": {
            "cm": 4,
            "im": -1
          },
          "pdfData": [
            {
              "page": 8,
              "x1": 35,
              "y1": 392,
              "x2": 561,
              "y2": 453
            }
          ]
        },
        "50": {
          "que": 50,
          "type": "nat",
          "marks": {
            "cm": 4,
            "im": -1
          },
          "pdfData": [
            {
              "page": 8,
              "x1": 35,
              "y1": 453,
              "x2": 561,
              "y2": 495
            }
          ]
        }
      }
    },
    "Chemistry": {
      "C-MCQ": {
        "51": {
          "que": 51,
          "type": "mcq",
          "marks": {
            "cm": 4,
            "im": -1
          },
          "pdfData": [
            {
              "page": 8,
              "x1": 35,
              "y1": 495,
              "x2": 561,
              "y2": 586
            }
          ]
        },
        "52": {
          "que": 52,
          "type": "mcq",
          "marks": {
            "cm": 4,
            "im": -1
          },
          "pdfData": [
            {
              "page": 8,
              "x1": 35,
              "y1": 586,
              "x2": 561,
              "y2": 645
            }
          ]
        },
        "53": {
          "que": 53,
          "type": "mcq",
          "marks": {
            "cm": 4,
            "im": -1
          },
          "pdfData": [
            {
              "page": 8,
              "x1": 35,
              "y1": 645,
              "x2": 561,
              "y2": 724
            }
          ]
        },
        "54": {
          "que": 54,
          "type": "mcq",
          "marks": {
            "cm": 4,
            "im": -1
          },
          "pdfData": [
            {
              "page": 8,
              "x1": 35,
              "y1": 724,
              "x2": 561,
              "y2": 748
            },
            {
              "page": 9,
              "x1": 35,
              "y1": 76,
              "x2": 561,
              "y2": 115
            }
          ]
        },
        "55": {
          "que": 55,
          "type": "mcq",
          "marks": {
            "cm": 4,
            "im": -1
          },
          "pdfData": [
            {
              "page": 9,
              "x1": 35,
              "y1": 115,
              "x2": 561,
              "y2": 334
            }
          ]
        },
        "56": {
          "que": 56,
          "type": "mcq",
          "marks": {
            "cm": 4,
            "im": -1
          },
          "pdfData": [
            {
              "page": 9,
              "x1": 35,
              "y1": 334,
              "x2": 561,
              "y2": 412
            }
          ]
        },
        "57": {
          "que": 57,
          "type": "mcq",
          "marks": {
            "cm": 4,
            "im": -1
          },
          "pdfData": [
            {
              "page": 9,
              "x1": 35,
              "y1": 412,
              "x2": 561,
              "y2": 714
            }
          ]
        },
        "58": {
          "que": 58,
          "type": "mcq",
          "marks": {
            "cm": 4,
            "im": -1
          },
          "pdfData": [
            {
              "page": 9,
              "x1": 35,
              "y1": 714,
              "x2": 561,
              "y2": 740
            },
            {
              "page": 10,
              "x1": 35,
              "y1": 74,
              "x2": 561,
              "y2": 116
            }
          ]
        },
        "59": {
          "que": 59,
          "type": "mcq",
          "marks": {
            "cm": 4,
            "im": -1
          },
          "pdfData": [
            {
              "page": 10,
              "x1": 35,
              "y1": 116,
              "x2": 561,
              "y2": 221
            }
          ]
        },
        "60": {
          "que": 60,
          "type": "mcq",
          "marks": {
            "cm": 4,
            "im": -1
          },
          "pdfData": [
            {
              "page": 10,
              "x1": 35,
              "y1": 221,
              "x2": 561,
              "y2": 332
            }
          ]
        },
        "61": {
          "que": 61,
          "type": "mcq",
          "marks": {
            "cm": 4,
            "im": -1
          },
          "pdfData": [
            {
              "page": 10,
              "x1": 35,
              "y1": 332,
              "x2": 561,
              "y2": 420
            }
          ]
        },
        "62": {
          "que": 62,
          "type": "mcq",
          "marks": {
            "cm": 4,
            "im": -1
          },
          "pdfData": [
            {
              "page": 10,
              "x1": 35,
              "y1": 420,
              "x2": 561,
              "y2": 510
            }
          ]
        },
        "63": {
          "que": 63,
          "type": "mcq",
          "marks": {
            "cm": 4,
            "im": -1
          },
          "pdfData": [
            {
              "page": 10,
              "x1": 35,
              "y1": 510,
              "x2": 561,
              "y2": 669
            }
          ]
        },
        "64": {
          "que": 64,
          "type": "mcq",
          "marks": {
            "cm": 4,
            "im": -1
          },
          "pdfData": [
            {
              "page": 10,
              "x1": 35,
              "y1": 669,
              "x2": 561,
              "y2": 710
            },
            {
              "page": 11,
              "x1": 35,
              "y1": 75,
              "x2": 561,
              "y2": 240
            }
          ]
        },
        "65": {
          "que": 65,
          "type": "mcq",
          "options": 4,
          "marks": {
            "cm": 4,
            "im": -1
          },
          "pdfData": [
            {
              "page": 11,
              "x1": 35,
              "y1": 240,
              "x2": 561,
              "y2": 322
            }
          ]
        },
        "66": {
          "que": 66,
          "type": "mcq",
          "options": 4,
          "marks": {
            "cm": 4,
            "im": -1
          },
          "pdfData": [
            {
              "page": 11,
              "x1": 35,
              "y1": 322,
              "x2": 561,
              "y2": 393
            }
          ]
        },
        "67": {
          "que": 67,
          "type": "mcq",
          "options": 4,
          "marks": {
            "cm": 4,
            "im": -1
          },
          "pdfData": [
            {
              "page": 11,
              "x1": 35,
              "y1": 393,
              "x2": 561,
              "y2": 600
            }
          ]
        },
        "68": {
          "que": 68,
          "type": "mcq",
          "options": 4,
          "marks": {
            "cm": 4,
            "im": -1
          },
          "pdfData": [
            {
              "page": 11,
              "x1": 35,
              "y1": 600,
              "x2": 561,
              "y2": 676
            }
          ]
        },
        "69": {
          "que": 69,
          "type": "mcq",
          "options": 4,
          "marks": {
            "cm": 4,
            "im": -1
          },
          "pdfData": [
            {
              "page": 11,
              "x1": 35,
              "y1": 676,
              "x2": 561,
              "y2": 734
            }
          ]
        },
        "70": {
          "que": 70,
          "type": "mcq",
          "options": 4,
          "marks": {
            "cm": 4,
            "im": -1
          },
          "pdfData": [
            {
              "page": 12,
              "x1": 35,
              "y1": 75,
              "x2": 561,
              "y2": 226
            }
          ]
        }
      },
      "C-NUM": {
        "71": {
          "que": 71,
          "type": "nat",
          "marks": {
            "cm": 4,
            "im": -1
          },
          "pdfData": [
            {
              "page": 12,
              "x1": 35,
              "y1": 226,
              "x2": 561,
              "y2": 286
            }
          ]
        },
        "72": {
          "que": 72,
          "type": "nat",
          "marks": {
            "cm": 4,
            "im": -1
          },
          "pdfData": [
            {
              "page": 12,
              "x1": 35,
              "y1": 286,
              "x2": 561,
              "y2": 396
            }
          ]
        },
        "73": {
          "que": 73,
          "type": "nat",
          "marks": {
            "cm": 4,
            "im": -1
          },
          "pdfData": [
            {
              "page": 12,
              "x1": 35,
              "y1": 396,
              "x2": 561,
              "y2": 439
            }
          ]
        },
        "74": {
          "que": 74,
          "type": "nat",
          "marks": {
            "cm": 4,
            "im": -1
          },
          "pdfData": [
            {
              "page": 12,
              "x1": 35,
              "y1": 439,
              "x2": 561,
              "y2": 496
            }
          ]
        },
        "75": {
          "que": 75,
          "type": "nat",
          "marks": {
            "cm": 4,
            "im": -1
          },
          "pdfData": [
            {
              "page": 12,
              "x1": 35,
              "y1": 496,
              "x2": 561,
              "y2": 646
            }
          ]
        }
      }
    }
  },
  "pdfFileHash": "4e8407cb90c3ab6da7d31d3bb56d5dda118b66bdfce253a3fad5168bc47f39e2",
  "testAnswerKey": {
    "Maths": {
      "M-MCQ": {
        "1": [
          1
        ],
        "2": [
          2
        ],
        "3": [
          4
        ],
        "4": [
          4
        ],
        "5": [
          3
        ],
        "6": [
          3
        ],
        "7": [
          4
        ],
        "8": [
          2
        ],
        "9": [
          4
        ],
        "10": [
          2
        ],
        "11": [
          4
        ],
        "12": [
          4
        ],
        "13": [
          1
        ],
        "14": [
          2
        ],
        "15": [
          4
        ],
        "16": [
          3
        ],
        "17": [
          2
        ],
        "18": [
          2
        ],
        "19": [
          2
        ],
        "20": [
          3
        ]
      },
      "M-NUM": {
        "21": "19",
        "22": "117",
        "23": "30",
        "24": "612",
        "25": "77"
      }
    },
    "Physics": {
      "P-MCQ": {
        "26": [
          4
        ],
        "27": [
          1
        ],
        "28": [
          1
        ],
        "29": [
          1
        ],
        "30": [
          1
        ],
        "31": [
          1
        ],
        "32": [
          3
        ],
        "33": [
          4
        ],
        "34": [
          4
        ],
        "35": [
          4
        ],
        "36": [
          1
        ],
        "37": [
          3
        ],
        "38": [
          1
        ],
        "39": [
          2
        ],
        "40": [
          4
        ],
        "41": [
          2
        ],
        "42": [
          3
        ],
        "43": [
          1
        ],
        "44": [
          4
        ],
        "45": [
          1
        ]
      },
      "P-NUM": {
        "46": "5",
        "47": "3",
        "48": "3",
        "49": "273",
        "50": "152"
      }
    },
    "Chemistry": {
      "C-MCQ": {
        "51": [
          1
        ],
        "52": [
          3
        ],
        "53": [
          2
        ],
        "54": [
          4
        ],
        "55": [
          2
        ],
        "56": [
          4
        ],
        "57": [
          2
        ],
        "58": [
          2
        ],
        "59": [
          1
        ],
        "60": [
          4
        ],
        "61": [
          1
        ],
        "62": [
          3
        ],
        "63": [
          1
        ],
        "64": [
          2
        ],
        "65": [
          2
        ],
        "66": [
          3
        ],
        "67": [
          4
        ],
        "68": [
          3
        ],
        "69": [
          3
        ],
        "70": [
          1
        ]
      },
      "C-NUM": {
        "71": "2850",
        "72": "897",
        "73": "40",
        "74": "7",
        "75": "171"
      }
    }
  }
}