{
  "pdfCropperData": {
    "Maths": {
      "M-MCQ": {
        "1": {
          "que": 1,
          "type": "mcq",
          "options": 4,
          "marks": {
            "cm": 4,
            "im": -1
          },
          "pdfData": [
            {
              "page": 1,
              "x1": 36,
              "y1": 75,
              "x2": 562,
              "y2": 149
            }
          ]
        },
        "2": {
          "que": 2,
          "type": "mcq",
          "options": 4,
          "marks": {
            "cm": 4,
            "im": -1
          },
          "pdfData": [
            {
              "page": 1,
              "x1": 36,
              "y1": 149,
              "x2": 562,
              "y2": 238
            }
          ]
        },
        "3": {
          "que": 3,
          "type": "mcq",
          "options": 4,
          "marks": {
            "cm": 4,
            "im": -1
          },
          "pdfData": [
            {
              "page": 1,
              "x1": 36,
              "y1": 238,
              "x2": 562,
              "y2": 321
            }
          ]
        },
        "4": {
          "que": 4,
          "type": "mcq",
          "options": 4,
          "marks": {
            "cm": 4,
            "im": -1
          },
          "pdfData": [
            {
              "page": 1,
              "x1": 36,
              "y1": 321,
              "x2": 562,
              "y2": 398
            }
          ]
        },
        "5": {
          "que": 5,
          "type": "mcq",
          "options": 4,
          "marks": {
            "cm": 4,
            "im": -1
          },
          "pdfData": [
            {
              "page": 1,
              "x1": 36,
              "y1": 398,
              "x2": 562,
              "y2": 483
            }
          ]
        },
        "6": {
          "que": 6,
          "type": "mcq",
          "options": 4,
          "marks": {
            "cm": 4,
            "im": -1
          },
          "pdfData": [
            {
              "page": 1,
              "x1": 36,
              "y1": 483,
              "x2": 562,
              "y2": 574
            }
          ]
        },
        "7": {
          "que": 7,
          "type": "mcq",
          "options": 4,
          "marks": {
            "cm": 4,
            "im": -1
          },
          "pdfData": [
            {
              "page": 1,
              "x1": 36,
              "y1": 574,
              "x2": 562,
              "y2": 631
            }
          ]
        },
        "8": {
          "que": 8,
          "type": "mcq",
          "options": 4,
          "marks": {
            "cm": 4,
            "im": -1
          },
          "pdfData": [
            {
              "page": 1,
              "x1": 36,
              "y1": 631,
              "x2": 562,
              "y2": 708
            }
          ]
        },
        "9": {
          "que": 9,
          "type": "mcq",
          "options": 4,
          "marks": {
            "cm": 4,
            "im": -1
          },
          "pdfData": [
            {
              "page": 1,
              "x1": 36,
              "y1": 708,
              "x2": 562,
              "y2": 763
            },
            {
              "page": 2,
              "x1": 36,
              "y1": 76,
              "x2": 562,
              "y2": 119
            }
          ]
        },
        "10": {
          "que": 10,
          "type": "mcq",
          "options": 4,
          "marks": {
            "cm": 4,
            "im": -1
          },
          "pdfData": [
            {
              "page": 2,
              "x1": 36,
              "y1": 119,
              "x2": 562,
              "y2": 191
            }
          ]
        },
        "11": {
          "que": 11,
          "type": "mcq",
          "options": 4,
          "marks": {
            "cm": 4,
            "im": -1
          },
          "pdfData": [
            {
              "page": 2,
              "x1": 36,
              "y1": 191,
              "x2": 562,
              "y2": 251
            }
          ]
        },
        "12": {
          "que": 12,
          "type": "mcq",
          "options": 4,
          "marks": {
            "cm": 4,
            "im": -1
          },
          "pdfData": [
            {
              "page": 2,
              "x1": 36,
              "y1": 251,
              "x2": 562,
              "y2": 328
            }
          ]
        },
        "13": {
          "que": 13,
          "type": "mcq",
          "options": 4,
          "marks": {
            "cm": 4,
            "im": -1
          },
          "pdfData": [
            {
              "page": 2,
              "x1": 36,
              "y1": 328,
              "x2": 562,
              "y2": 400
            }
          ]
        },
        "14": {
          "que": 14,
          "type": "mcq",
          "options": 4,
          "marks": {
            "cm": 4,
            "im": -1
          },
          "pdfData": [
            {
              "page": 2,
              "x1": 36,
              "y1": 400,
              "x2": 562,
              "y2": 460
            }
          ]
        },
        "15": {
          "que": 15,
          "type": "mcq",
          "options": 4,
          "marks": {
            "cm": 4,
            "im": -1
          },
          "pdfData": [
            {
              "page": 2,
              "x1": 36,
              "y1": 460,
              "x2": 562,
              "y2": 560
            }
          ]
        },
        "16": {
          "que": 16,
          "type": "mcq",
          "options": 4,
          "marks": {
            "cm": 4,
            "im": -1
          },
          "pdfData": [
            {
              "page": 2,
              "x1": 36,
              "y1": 560,
              "x2": 562,
              "y2": 646
            }
          ]
        },
        "17": {
          "que": 17,
          "type": "mcq",
          "options": 4,
          "marks": {
            "cm": 4,
            "im": -1
          },
          "pdfData": [
            {
              "page": 2,
              "x1": 36,
              "y1": 646,
              "x2": 562,
              "y2": 718
            }
          ]
        },
        "18": {
          "que": 18,
          "type": "mcq",
          "options": 4,
          "marks": {
            "cm": 4,
            "im": -1
          },
          "pdfData": [
            {
              "page": 2,
              "x1": 36,
              "y1": 718,
              "x2": 562,
              "y2": 740
            },
            {
              "page": 3,
              "x1": 36,
              "y1": 76,
              "x2": 562,
              "y2": 117
            }
          ]
        },
        "19": {
          "que": 19,
          "type": "mcq",
          "options": 4,
          "marks": {
            "cm": 4,
            "im": -1
          },
          "pdfData": [
            {
              "page": 3,
              "x1": 36,
              "y1": 117,
              "x2": 562,
              "y2": 189
            }
          ]
        },
        "20": {
          "que": 20,
          "type": "mcq",
          "options": 4,
          "marks": {
            "cm": 4,
            "im": -1
          },
          "pdfData": [
            {
              "page": 3,
              "x1": 36,
              "y1": 189,
              "x2": 562,
              "y2": 283
            }
          ]
        }
      },
      "M-NUM": {
        "21": {
          "que": 21,
          "type": "nat",
          "marks": {
            "cm": 4,
            "im": -1
          },
          "pdfData": [
            {
              "page": 3,
              "x1": 36,
              "y1": 283,
              "x2": 562,
              "y2": 313
            }
          ]
        },
        "22": {
          "que": 22,
          "type": "nat",
          "marks": {
            "cm": 4,
            "im": -1
          },
          "pdfData": [
            {
              "page": 3,
              "x1": 36,
              "y1": 313,
              "x2": 562,
              "y2": 357
            }
          ]
        },
        "23": {
          "que": 23,
          "type": "nat",
          "marks": {
            "cm": 4,
            "im": -1
          },
          "pdfData": [
            {
              "page": 3,
              "x1": 36,
              "y1": 357,
              "x2": 562,
              "y2": 397
            }
          ]
        },
        "24": {
          "que": 24,
          "type": "nat",
          "marks": {
            "cm": 4,
            "im": -1
          },
          "pdfData": [
            {
              "page": 3,
              "x1": 36,
              "y1": 397,
              "x2": 562,
              "y2": 449
            }
          ]
        },
        "25": {
          "que": 25,
          "type": "nat",
          "marks": {
            "cm": 4,
            "im": -1
          },
          "pdfData": [
            {
              "page": 3,
              "x1": 36,
              "y1": 449,
              "x2": 562,
              "y2": 508
            }
          ]
        }
      }
    },
    "Physics": {
      "P-MCQ": {
        "26": {
          "que": 26,
          "type": "mcq",
          "options": 4,
          "marks": {
            "cm": 4,
            "im": -1
          },
          "pdfData": [
            {
              "page": 3,
              "x1": 36,
              "y1": 508,
              "x2": 562,
              "y2": 762
            },
            {
              "page": 4,
              "x1": 36,
              "y1": 76,
              "x2": 562,
              "y2": 108
            }
          ]
        },
        "27": {
          "que": 27,
          "type": "mcq",
          "options": 4,
          "marks": {
            "cm": 4,
            "im": -1
          },
          "pdfData": [
            {
              "page": 4,
              "x1": 36,
              "y1": 108,
              "x2": 562,
              "y2": 208
            }
          ]
        },
        "28": {
          "que": 28,
          "type": "mcq",
          "options": 4,
          "marks": {
            "cm": 4,
            "im": -1
          },
          "pdfData": [
            {
              "page": 4,
              "x1": 36,
              "y1": 208,
              "x2": 562,
              "y2": 282
            }
          ]
        },
        "29": {
          "que": 29,
          "type": "mcq",
          "options": 4,
          "marks": {
            "cm": 4,
            "im": -1
          },
          "pdfData": [
            {
              "page": 4,
              "x1": 36,
              "y1": 282,
              "x2": 562,
              "y2": 548
            }
          ]
        },
        "30": {
          "que": 30,
          "type": "mcq",
          "options": 4,
          "marks": {
            "cm": 4,
            "im": -1
          },
          "pdfData": [
            {
              "page": 4,
              "x1": 36,
              "y1": 548,
              "x2": 562,
              "y2": 747
            },
            {
              "page": 5,
              "x1": 36,
              "y1": 73,
              "x2": 562,
              "y2": 110
            }
          ]
        },
        "31": {
          "que": 31,
          "type": "mcq",
          "options": 4,
          "marks": {
            "cm": 4,
            "im": -1
          },
          "pdfData": [
            {
              "page": 5,
              "x1": 36,
              "y1": 110,
              "x2": 562,
              "y2": 203
            }
          ]
        },
        "32": {
          "que": 32,
          "type": "mcq",
          "options": 4,
          "marks": {
            "cm": 4,
            "im": -1
          },
          "pdfData": [
            {
              "page": 5,
              "x1": 36,
              "y1": 203,
              "x2": 562,
              "y2": 311
            }
          ]
        },
        "33": {
          "que": 33,
          "type": "mcq",
          "options": 4,
          "marks": {
            "cm": 4,
            "im": -1
          },
          "pdfData": [
            {
              "page": 5,
              "x1": 36,
              "y1": 311,
              "x2": 562,
              "y2": 398
            }
          ]
        },
        "34": {
          "que": 34,
          "type": "mcq",
          "options": 4,
          "marks": {
            "cm": 4,
            "im": -1
          },
          "pdfData": [
            {
              "page": 5,
              "x1": 36,
              "y1": 398,
              "x2": 562,
              "y2": 538
            }
          ]
        },
        "35": {
          "que": 35,
          "type": "mcq",
          "options": 4,
          "marks": {
            "cm": 4,
            "im": -1
          },
          "pdfData": [
            {
              "page": 5,
              "x1": 36,
              "y1": 538,
              "x2": 562,
              "y2": 593
            },
            {
              "page": 6,
              "x1": 36,
              "y1": 66,
              "x2": 562,
              "y2": 353
            }
          ]
        },
        "36": {
          "que": 36,
          "type": "mcq",
          "options": 4,
          "marks": {
            "cm": 4,
            "im": -1
          },
          "pdfData": [
            {
              "page": 6,
              "x1": 36,
              "y1": 353,
              "x2": 562,
              "y2": 436
            }
          ]
        },
        "37": {
          "que": 37,
          "type": "mcq",
          "options": 4,
          "marks": {
            "cm": 4,
            "im": -1
          },
          "pdfData": [
            {
              "page": 6,
              "x1": 36,
              "y1": 436,
              "x2": 562,
              "y2": 704
            }
          ]
        },
        "38": {
          "que": 38,
          "type": "mcq",
          "options": 4,
          "marks": {
            "cm": 4,
            "im": -1
          },
          "pdfData": [
            {
              "page": 6,
              "x1": 36,
              "y1": 704,
              "x2": 562,
              "y2": 754
            },
            {
              "page": 7,
              "x1": 36,
              "y1": 77,
              "x2": 562,
              "y2": 163
            }
          ]
        },
        "39": {
          "que": 39,
          "type": "mcq",
          "options": 4,
          "marks": {
            "cm": 4,
            "im": -1
          },
          "pdfData": [
            {
              "page": 7,
              "x1": 36,
              "y1": 163,
              "x2": 562,
              "y2": 257
            }
          ]
        },
        "40": {
          "que": 40,
          "type": "mcq",
          "options": 4,
          "marks": {
            "cm": 4,
            "im": -1
          },
          "pdfData": [
            {
              "page": 7,
              "x1": 36,
              "y1": 257,
              "x2": 562,
              "y2": 335
            }
          ]
        },
        "41": {
          "que": 41,
          "type": "mcq",
          "options": 4,
          "marks": {
            "cm": 4,
            "im": -1
          },
          "pdfData": [
            {
              "page": 7,
              "x1": 36,
              "y1": 335,
              "x2": 562,
              "y2": 523
            }
          ]
        },
        "42": {
          "que": 42,
          "type": "mcq",
          "options": 4,
          "marks": {
            "cm": 4,
            "im": -1
          },
          "pdfData": [
            {
              "page": 7,
              "x1": 36,
              "y1": 523,
              "x2": 562,
              "y2": 617
            }
          ]
        },
        "43": {
          "que": 43,
          "type": "mcq",
          "options": 4,
          "marks": {
            "cm": 4,
            "im": -1
          },
          "pdfData": [
            {
              "page": 7,
              "x1": 36,
              "y1": 617,
              "x2": 562,
              "y2": 690
            }
          ]
        },
        "44": {
          "que": 44,
          "type": "mcq",
          "options": 4,
          "marks": {
            "cm": 4,
            "im": -1
          },
          "pdfData": [
            {
              "page": 7,
              "x1": 36,
              "y1": 690,
              "x2": 562,
              "y2": 748
            },
            {
              "page": 8,
              "x1": 36,
              "y1": 75,
              "x2": 562,
              "y2": 115
            }
          ]
        },
        "45": {
          "que": 45,
          "type": "mcq",
          "options": 4,
          "marks": {
            "cm": 4,
            "im": -1
          },
          "pdfData": [
            {
              "page": 8,
              "x1": 36,
              "y1": 115,
              "x2": 562,
              "y2": 196
            }
          ]
        }
      },
      "P-NUM": {
        "46": {
          "que": 46,
          "type": "nat",
          "marks": {
            "cm": 4,
            "im": -1
          },
          "pdfData": [
            {
              "page": 8,
              "x1": 36,
              "y1": 196,
              "x2": 562,
              "y2": 267
            }
          ]
        },
        "47": {
          "que": 47,
          "type": "nat",
          "marks": {
            "cm": 4,
            "im": -1
          },
          "pdfData": [
            {
              "page": 8,
              "x1": 36,
              "y1": 267,
              "x2": 562,
              "y2": 417
            }
          ]
        },
        "48": {
          "que": 48,
          "type": "nat",
          "marks": {
            "cm": 4,
            "im": -1
          },
          "pdfData": [
            {
              "page": 8,
              "x1": 36,
              "y1": 417,
              "x2": 562,
              "y2": 509
            }
          ]
        },
        "49": {
          "que": 49,
          "type": "nat",
          "marks": {
            "cm": 4,
            "im": -1
          },
          "pdfData": [
            {
              "page": 8,
              "x1": 36,
              "y1": 509,
              "x2": 562,
              "y2": 575
            }
          ]
        },
        "50": {
          "que": 50,
          "type": "nat",
          "marks": {
            "cm": 4,
            "im": -1
          },
          "pdfData": [
            {
              "page": 8,
              "x1": 36,
              "y1": 575,
              "x2": 562,
              "y2": 612
            },
            {
              "page": 9,
              "x1": 36,
              "y1": 77,
              "x2": 562,
              "y2": 313
            }
          ]
        }
      }
    },
    "Chemistry": {
      "C-MCQ": {
        "51": {
          "que": 51,
          "type": "mcq",
          "options": 4,
          "marks": {
            "cm": 4,
            "im": -1
          },
          "pdfData": [
            {
              "page": 9,
              "x1": 36,
              "y1": 313,
              "x2": 562,
              "y2": 425
            }
          ]
        },
        "52": {
          "que": 52,
          "type": "mcq",
          "options": 4,
          "marks": {
            "cm": 4,
            "im": -1
          },
          "pdfData": [
            {
              "page": 9,
              "x1": 36,
              "y1": 425,
              "x2": 562,
              "y2": 481
            }
          ]
        },
        "53": {
          "que": 53,
          "type": "mcq",
          "options": 4,
          "marks": {
            "cm": 4,
            "im": -1
          },
          "pdfData": [
            {
              "page": 9,
              "x1": 36,
              "y1": 481,
              "x2": 562,
              "y2": 574
            }
          ]
        },
        "54": {
          "que": 54,
          "type": "mcq",
          "options": 4,
          "marks": {
            "cm": 4,
            "im": -1
          },
          "pdfData": [
            {
              "page": 9,
              "x1": 36,
              "y1": 574,
              "x2": 562,
              "y2": 677
            }
          ]
        },
        "55": {
          "que": 55,
          "type": "mcq",
          "options": 4,
          "marks": {
            "cm": 4,
            "im": -1
          },
          "pdfData": [
            {
              "page": 10,
              "x1": 36,
              "y1": 75,
              "x2": 562,
              "y2": 269
            }
          ]
        },
        "56": {
          "que": 56,
          "type": "mcq",
          "options": 4,
          "marks": {
            "cm": 4,
            "im": -1
          },
          "pdfData": [
            {
              "page": 10,
              "x1": 36,
              "y1": 269,
              "x2": 562,
              "y2": 404
            }
          ]
        },
        "57": {
          "que": 57,
          "type": "mcq",
          "options": 4,
          "marks": {
            "cm": 4,
            "im": -1
          },
          "pdfData": [
            {
              "page": 10,
              "x1": 36,
              "y1": 404,
              "x2": 562,
              "y2": 466
            }
          ]
        },
        "58": {
          "que": 58,
          "type": "mcq",
          "options": 4,
          "marks": {
            "cm": 4,
            "im": -1
          },
          "pdfData": [
            {
              "page": 10,
              "x1": 36,
              "y1": 466,
              "x2": 562,
              "y2": 544
            }
          ]
        },
        "59": {
          "que": 59,
          "type": "mcq",
          "options": 4,
          "marks": {
            "cm": 4,
            "im": -1
          },
          "pdfData": [
            {
              "page": 10,
              "x1": 36,
              "y1": 544,
              "x2": 562,
              "y2": 613
            }
          ]
        },
        "60": {
          "que": 60,
          "type": "mcq",
          "options": 4,
          "marks": {
            "cm": 4,
            "im": -1
          },
          "pdfData": [
            {
              "page": 11,
              "x1": 36,
              "y1": 71,
              "x2": 562,
              "y2": 292
            }
          ]
        },
        "61": {
          "que": 61,
          "type": "mcq",
          "options": 4,
          "marks": {
            "cm": 4,
            "im": -1
          },
          "pdfData": [
            {
              "page": 11,
              "x1": 36,
              "y1": 292,
              "x2": 562,
              "y2": 487
            }
          ]
        },
        "62": {
          "que": 62,
          "type": "mcq",
          "options": 4,
          "marks": {
            "cm": 4,
            "im": -1
          },
          "pdfData": [
            {
              "page": 11,
              "x1": 36,
              "y1": 487,
              "x2": 562,
              "y2": 577
            }
          ]
        },
        "63": {
          "que": 63,
          "type": "mcq",
          "options": 4,
          "marks": {
            "cm": 4,
            "im": -1
          },
          "pdfData": [
            {
              "page": 11,
              "x1": 36,
              "y1": 577,
              "x2": 562,
              "y2": 682
            }
          ]
        },
        "64": {
          "que": 64,
          "type": "mcq",
          "options": 4,
          "marks": {
            "cm": 4,
            "im": -1
          },
          "pdfData": [
            {
              "page": 12,
              "x1": 36,
              "y1": 76,
              "x2": 562,
              "y2": 365
            }
          ]
        },
        "65": {
          "que": 65,
          "type": "mcq",
          "options": 4,
          "marks": {
            "cm": 4,
            "im": -1
          },
          "pdfData": [
            {
              "page": 12,
              "x1": 36,
              "y1": 365,
              "x2": 562,
              "y2": 427
            }
          ]
        },
        "66": {
          "que": 66,
          "type": "mcq",
          "options": 4,
          "marks": {
            "cm": 4,
            "im": -1
          },
          "pdfData": [
            {
              "page": 12,
              "x1": 36,
              "y1": 427,
              "x2": 562,
              "y2": 653
            }
          ]
        },
        "67": {
          "que": 67,
          "type": "mcq",
          "options": 4,
          "marks": {
            "cm": 4,
            "im": -1
          },
          "pdfData": [
            {
              "page": 12,
              "x1": 36,
              "y1": 653,
              "x2": 562,
              "y2": 677
            },
            {
              "page": 13,
              "x1": 36,
              "y1": 74,
              "x2": 562,
              "y2": 274
            }
          ]
        },
        "68": {
          "que": 68,
          "type": "mcq",
          "options": 4,
          "marks": {
            "cm": 4,
            "im": -1
          },
          "pdfData": [
            {
              "page": 13,
              "x1": 36,
              "y1": 274,
              "x2": 562,
              "y2": 578
            }
          ]
        },
        "69": {
          "que": 69,
          "type": "mcq",
          "options": 4,
          "marks": {
            "cm": 4,
            "im": -1
          },
          "pdfData": [
            {
              "page": 13,
              "x1": 36,
              "y1": 578,
              "x2": 562,
              "y2": 636
            }
          ]
        },
        "70": {
          "que": 70,
          "type": "mcq",
          "options": 4,
          "marks": {
            "cm": 4,
            "im": -1
          },
          "pdfData": [
            {
              "page": 13,
              "x1": 36,
              "y1": 636,
              "x2": 562,
              "y2": 697
            }
          ]
        }
      },
      "C-NUM": {
        "71": {
          "que": 71,
          "type": "nat",
          "marks": {
            "cm": 4,
            "im": -1
          },
          "pdfData": [
            {
              "page": 13,
              "x1": 36,
              "y1": 697,
              "x2": 562,
              "y2": 732
            }
          ]
        },
        "72": {
          "que": 72,
          "type": "nat",
          "marks": {
            "cm": 4,
            "im": -1
          },
          "pdfData": [
            {
              "page": 14,
              "x1": 36,
              "y1": 77,
              "x2": 562,
              "y2": 112
            }
          ]
        },
        "73": {
          "que": 73,
          "type": "nat",
          "marks": {
            "cm": 4,
            "im": -1
          },
          "pdfData": [
            {
              "page": 14,
              "x1": 36,
              "y1": 112,
              "x2": 562,
              "y2": 220
            }
          ]
        },
        "74": {
          "que": 74,
          "type": "nat",
          "marks": {
            "cm": 4,
            "im": -1
          },
          "pdfData": [
            {
              "page": 14,
              "x1": 36,
              "y1": 220,
              "x2": 562,
              "y2": 262
            }
          ]
        },
        "75": {
          "que": 75,
          "type": "nat",
          "marks": {
            "cm": 4,
            "im": -1
          },
          "pdfData": [
            {
              "page": 14,
              "x1": 36,
              "y1": 262,
              "x2": 562,
              "y2": 284
            }
          ]
        }
      }
    }
  },
  "pdfFileHash": "a9fb2948b9bc8fca192e1b442d02251db4cb5d1977f5df684d315aa9cddc0c33",
  "testAnswerKey": {
    "Maths": {
      "M-MCQ": {
        "1": [
          4
        ],
        "2": [
          2
        ],
        "3": [
          1
        ],
        "4": [
          2
        ],
        "5": [
          4
        ],
        "6": [
          2
        ],
        "7": [
          1
        ],
        "8": [
          1
        ],
        "9": [
          4
        ],
        "10": [
          3
        ],
        "11": [
          4
        ],
        "12": [
          1
        ],
        "13": [
          2
        ],
        "14": [
          4
        ],
        "15": [
          1
        ],
        "16": [
          4
        ],
        "17": [
          2
        ],
        "18": [
          3
        ],
        "19": [
          1
        ],
        "20": [
          3
        ]
      },
      "M-NUM": {
        "21": "465",
        "22": "3",
        "23": "145",
        "24": "27",
        "25": "28"
      }
    },
    "Physics": {
      "P-MCQ": {
        "26": [
          3
        ],
        "27": [
          4
        ],
        "28": [
          1
        ],
        "29": [
          3
        ],
        "30": [
          2
        ],
        "31": [
          1
        ],
        "32": [
          4
        ],
        "33": [
          1
        ],
        "34": [
          4
        ],
        "35": [
          4
        ],
        "36": [
          2
        ],
        "37": [
          3
        ],
        "38": [
          4
        ],
        "39": [
          3
        ],
        "40": [
          1
        ],
        "41": [
          4
        ],
        "42": [
          4
        ],
        "43": [
          2
        ],
        "44": [
          3
        ],
        "45": [
          2
        ]
      },
      "P-NUM": {
        "46": "2",
        "47": "1",
        "48": "1200",
        "49": "1",
        "50": "1"
      }
    },
    "Chemistry": {
      "C-MCQ": {
        "51": [
          4
        ],
        "52": [
          2
        ],
        "53": [
          4
        ],
        "54": [
          3
        ],
        "55": [
          2
        ],
        "56": [
          2
        ],
        "57": [
          4
        ],
        "58": [
          2
        ],
        "59": [
          2
        ],
        "60": [
          3
        ],
        "61": [
          4
        ],
        "62": [
          2
        ],
        "63": [
          4
        ],
        "64": [
          4
        ],
        "65": [
          2
        ],
        "66": [
          3
        ],
        "67": [
          3
        ],
        "68": [
          4
        ],
        "69": [
          2
        ],
        "70": [
          1
        ]
      },
      "C-NUM": {
        "71": "8",
        "72": "57",
        "73": "95",
        "74": "11",
        "75": "14"
      }
    }
  }
}