{
  "testConfig": {
    "optionalQuestions": [
      {
        "subject": "Physics",
        "section": "P-NUM",
        "count": 5
      },
      {
        "subject": "Chemistry",
        "section": "C-NUM",
        "count": 5
      },
      {
        "subject": "Mathematics",
        "section": "M-NUM",
        "count": 5
      }
    ],
    "pdfFileHash": "af4767987f5102f1c23fdd7a2b91d299f7f5ffb3fb5c28c199fe2d7e310237a7"
  },
  "pdfCropperData": {
    "Physics": {
      "P-MCQ": {
        "1": {
          "que": 1,
          "type": "mcq",
          "marks": {
            "cm": 4,
            "im": -1
          },
          "pdfData": [
            {
              "x1": 28.270000000000003,
              "x2": 591,
              "y1": 76.7,
              "y2": 150.96,
              "page": 1
            }
          ],
          "answerOptions": "4"
        },
        "2": {
          "que": 2,
          "type": "mcq",
          "marks": {
            "cm": 4,
            "im": -1
          },
          "pdfData": [
            {
              "x1": 28.270000000000003,
              "x2": 591,
              "y1": 155.44,
              "y2": 229.38,
              "page": 1
            }
          ],
          "answerOptions": "4"
        },
        "3": {
          "que": 3,
          "type": "mcq",
          "marks": {
            "cm": 4,
            "im": -1
          },
          "pdfData": [
            {
              "x1": 28.270000000000003,
              "x2": 591,
              "y1": 237.2,
              "y2": 303.28,
              "page": 1
            }
          ],
          "answerOptions": "4"
        },
        "4": {
          "que": 4,
          "type": "mcq",
          "marks": {
            "cm": 4,
            "im": -1
          },
          "pdfData": [
            {
              "x1": 28.270000000000003,
              "x2": 591,
              "y1": 312.2,
              "y2": 378.28,
              "page": 1
            }
          ],
          "answerOptions": "4"
        },
        "5": {
          "que": 5,
          "type": "mcq",
          "marks": {
            "cm": 4,
            "im": -1
          },
          "pdfData": [
            {
              "x1": 28.270000000000003,
              "x2": 591,
              "y1": 387.2,
              "y2": 452.9,
              "page": 1
            }
          ],
          "answerOptions": "4"
        },
        "6": {
          "que": 6,
          "type": "mcq",
          "marks": {
            "cm": 4,
            "im": -1
          },
          "pdfData": [
            {
              "x1": 28.270000000000003,
              "x2": 591,
              "y1": 462.2,
              "y2": 544.78,
              "page": 1
            }
          ],
          "answerOptions": "4"
        },
        "7": {
          "que": 7,
          "type": "mcq",
          "marks": {
            "cm": 4,
            "im": -1
          },
          "pdfData": [
            {
              "x1": 28.270000000000003,
              "x2": 591,
              "y1": 553.7,
              "y2": 719.87,
              "page": 1
            }
          ],
          "answerOptions": "4"
        },
        "8": {
          "que": 8,
          "type": "mcq",
          "marks": {
            "cm": 4,
            "im": -1
          },
          "pdfData": [
            {
              "x1": 28.270000000000003,
              "x2": 591,
              "y1": 729.2,
              "y2": 765.5,
              "page": 1
            },
            {
              "x1": 28.270000000000003,
              "x2": 591,
              "y1": 68,
              "y2": 111.26,
              "page": 2
            }
          ],
          "answerOptions": "4"
        },
        "9": {
          "que": 9,
          "type": "mcq",
          "marks": {
            "cm": 4,
            "im": -1
          },
          "pdfData": [
            {
              "x1": 28.270000000000003,
              "x2": 591,
              "y1": 117.2,
              "y2": 191.46,
              "page": 2
            }
          ],
          "answerOptions": "4"
        },
        "10": {
          "que": 10,
          "type": "mcq",
          "marks": {
            "cm": 4,
            "im": -1
          },
          "pdfData": [
            {
              "x1": 28.270000000000003,
              "x2": 591,
              "y1": 198.2,
              "y2": 263.87,
              "page": 2
            }
          ],
          "answerOptions": "4"
        },
        "11": {
          "que": 11,
          "type": "mcq",
          "marks": {
            "cm": 4,
            "im": -1
          },
          "pdfData": [
            {
              "x1": 28.270000000000003,
              "x2": 591,
              "y1": 273.2,
              "y2": 355.78,
              "page": 2
            }
          ],
          "answerOptions": "4"
        },
        "12": {
          "que": 12,
          "type": "mcq",
          "marks": {
            "cm": 4,
            "im": -1
          },
          "pdfData": [
            {
              "x1": 28.270000000000003,
              "x2": 591,
              "y1": 364.7,
              "y2": 529.78,
              "page": 2
            }
          ],
          "answerOptions": "4"
        },
        "13": {
          "que": 13,
          "type": "mcq",
          "marks": {
            "cm": 4,
            "im": -1
          },
          "pdfData": [
            {
              "x1": 28.270000000000003,
              "x2": 591,
              "y1": 536.59,
              "y2": 620.46,
              "page": 2
            }
          ],
          "answerOptions": "4"
        },
        "14": {
          "que": 14,
          "type": "mcq",
          "marks": {
            "cm": 4,
            "im": -1
          },
          "pdfData": [
            {
              "x1": 28.270000000000003,
              "x2": 591,
              "y1": 627.95,
              "y2": 694.03,
              "page": 2
            }
          ],
          "answerOptions": "4"
        },
        "15": {
          "que": 15,
          "type": "mcq",
          "marks": {
            "cm": 4,
            "im": -1
          },
          "pdfData": [
            {
              "x1": 28.270000000000003,
              "x2": 591,
              "y1": 75.95,
              "y2": 211.37,
              "page": 3
            }
          ],
          "answerOptions": "4"
        },
        "16": {
          "que": 16,
          "type": "mcq",
          "marks": {
            "cm": 4,
            "im": -1
          },
          "pdfData": [
            {
              "x1": 28.270000000000003,
              "x2": 591,
              "y1": 220.7,
              "y2": 322.82,
              "page": 3
            }
          ],
          "answerOptions": "4"
        },
        "17": {
          "que": 17,
          "type": "mcq",
          "marks": {
            "cm": 4,
            "im": -1
          },
          "pdfData": [
            {
              "x1": 28.270000000000003,
              "x2": 591,
              "y1": 329.59,
              "y2": 394.37,
              "page": 3
            }
          ],
          "answerOptions": "4"
        },
        "18": {
          "que": 18,
          "type": "mcq",
          "marks": {
            "cm": 4,
            "im": -1
          },
          "pdfData": [
            {
              "x1": 28.270000000000003,
              "x2": 591,
              "y1": 403.7,
              "y2": 474.26,
              "page": 3
            }
          ],
          "answerOptions": "4"
        },
        "19": {
          "que": 19,
          "type": "mcq",
          "marks": {
            "cm": 4,
            "im": -1
          },
          "pdfData": [
            {
              "x1": 28.270000000000003,
              "x2": 591,
              "y1": 481.7,
              "y2": 637.78,
              "page": 3
            }
          ],
          "answerOptions": "4"
        },
        "20": {
          "que": 20,
          "type": "mcq",
          "marks": {
            "cm": 4,
            "im": -1
          },
          "pdfData": [
            {
              "x1": 28.270000000000003,
              "x2": 591,
              "y1": 645.7,
              "y2": 712.78,
              "page": 3
            }
          ],
          "answerOptions": "4"
        }
      },
      "P-NUM": {
        "21": {
          "que": 21,
          "type": "nat",
          "marks": {
            "cm": 4,
            "im": -1
          },
          "pdfData": [
            {
              "x1": 28.270000000000003,
              "x2": 591,
              "y1": 721.7,
              "y2": 754.78,
              "page": 3
            }
          ]
        },
        "22": {
          "que": 22,
          "type": "nat",
          "marks": {
            "cm": 4,
            "im": -1
          },
          "pdfData": [
            {
              "x1": 28.270000000000003,
              "x2": 591,
              "y1": 75.95,
              "y2": 111.96,
              "page": 4
            }
          ]
        },
        "23": {
          "que": 23,
          "type": "nat",
          "marks": {
            "cm": 4,
            "im": -1
          },
          "pdfData": [
            {
              "x1": 28.270000000000003,
              "x2": 591,
              "y1": 117.95,
              "y2": 298.37,
              "page": 4
            }
          ]
        },
        "24": {
          "que": 24,
          "type": "nat",
          "marks": {
            "cm": 4,
            "im": -1
          },
          "pdfData": [
            {
              "x1": 28.270000000000003,
              "x2": 591,
              "y1": 307.7,
              "y2": 356.87,
              "page": 4
            }
          ]
        },
        "25": {
          "que": 25,
          "type": "nat",
          "marks": {
            "cm": 4,
            "im": -1
          },
          "pdfData": [
            {
              "x1": 28.270000000000003,
              "x2": 591,
              "y1": 366.2,
              "y2": 544.45,
              "page": 4
            }
          ]
        },
        "26": {
          "que": 26,
          "type": "nat",
          "marks": {
            "cm": 4,
            "im": -1
          },
          "pdfData": [
            {
              "x1": 28.270000000000003,
              "x2": 591,
              "y1": 550.7,
              "y2": 600.28,
              "page": 4
            }
          ]
        },
        "27": {
          "que": 27,
          "type": "nat",
          "marks": {
            "cm": 4,
            "im": -1
          },
          "pdfData": [
            {
              "x1": 28.270000000000003,
              "x2": 591,
              "y1": 609.2,
              "y2": 642.28,
              "page": 4
            }
          ]
        },
        "28": {
          "que": 28,
          "type": "nat",
          "marks": {
            "cm": 4,
            "im": -1
          },
          "pdfData": [
            {
              "x1": 28.270000000000003,
              "x2": 591,
              "y1": 651.2,
              "y2": 684.28,
              "page": 4
            }
          ]
        },
        "29": {
          "que": 29,
          "type": "nat",
          "marks": {
            "cm": 4,
            "im": -1
          },
          "pdfData": [
            {
              "x1": 29.35,
              "x2": 591,
              "y1": 693.2,
              "y2": 742.78,
              "page": 4
            }
          ]
        },
        "30": {
          "que": 30,
          "type": "nat",
          "marks": {
            "cm": 4,
            "im": -1
          },
          "pdfData": [
            {
              "x1": 28.270000000000003,
              "x2": 591,
              "y1": 75.95,
              "y2": 109.03,
              "page": 5
            }
          ]
        }
      }
    },
    "Chemistry": {
      "C-MCQ": {
        "31": {
          "que": 31,
          "type": "mcq",
          "marks": {
            "cm": 4,
            "im": -1
          },
          "pdfData": [
            {
              "x1": 28.270000000000003,
              "x2": 591,
              "y1": 117.95,
              "y2": 183.62,
              "page": 5
            }
          ],
          "answerOptions": "4"
        },
        "32": {
          "que": 32,
          "type": "mcq",
          "marks": {
            "cm": 4,
            "im": -1
          },
          "pdfData": [
            {
              "x1": 28.270000000000003,
              "x2": 591,
              "y1": 191.2,
              "y2": 277.72,
              "page": 5
            }
          ],
          "answerOptions": "4"
        },
        "33": {
          "que": 33,
          "type": "mcq",
          "marks": {
            "cm": 4,
            "im": -1
          },
          "pdfData": [
            {
              "x1": 28.270000000000003,
              "x2": 591,
              "y1": 282.34,
              "y2": 408.62,
              "page": 5
            }
          ],
          "answerOptions": "4"
        },
        "34": {
          "que": 34,
          "type": "mcq",
          "marks": {
            "cm": 4,
            "im": -1
          },
          "pdfData": [
            {
              "x1": 28.270000000000003,
              "x2": 591,
              "y1": 417.95,
              "y2": 582.62,
              "page": 5
            }
          ],
          "answerOptions": "4"
        },
        "35": {
          "que": 35,
          "type": "mcq",
          "marks": {
            "cm": 4,
            "im": -1
          },
          "pdfData": [
            {
              "x1": 28.270000000000003,
              "x2": 591,
              "y1": 591.95,
              "y2": 690.62,
              "page": 5
            }
          ],
          "answerOptions": "4"
        },
        "36": {
          "que": 36,
          "type": "mcq",
          "marks": {
            "cm": 4,
            "im": -1
          },
          "pdfData": [
            {
              "x1": 28.270000000000003,
              "x2": 591,
              "y1": 699.95,
              "y2": 750.21,
              "page": 5
            },
            {
              "x1": 28.270000000000003,
              "x2": 591,
              "y1": 68,
              "y2": 140.87,
              "page": 6
            }
          ],
          "answerOptions": "4"
        },
        "37": {
          "que": 37,
          "type": "mcq",
          "marks": {
            "cm": 4,
            "im": -1
          },
          "pdfData": [
            {
              "x1": 28.270000000000003,
              "x2": 591,
              "y1": 150.2,
              "y2": 317.12,
              "page": 6
            }
          ],
          "answerOptions": "4"
        },
        "38": {
          "que": 38,
          "type": "mcq",
          "marks": {
            "cm": 4,
            "im": -1
          },
          "pdfData": [
            {
              "x1": 28.270000000000003,
              "x2": 591,
              "y1": 324.34,
              "y2": 466.37,
              "page": 6
            }
          ],
          "answerOptions": "4"
        },
        "39": {
          "que": 39,
          "type": "mcq",
          "marks": {
            "cm": 4,
            "im": -1
          },
          "pdfData": [
            {
              "x1": 28.270000000000003,
              "x2": 591,
              "y1": 475.7,
              "y2": 581.75,
              "page": 6
            },
            {
              "x1": 28.270000000000003,
              "x2": 591,
              "y1": 68,
              "y2": 325.25,
              "page": 7
            }
          ],
          "answerOptions": "4"
        },
        "40": {
          "que": 40,
          "type": "mcq",
          "marks": {
            "cm": 4,
            "im": -1
          },
          "pdfData": [
            {
              "x1": 28.270000000000003,
              "x2": 591,
              "y1": 336.95,
              "y2": 434.12,
              "page": 7
            }
          ],
          "answerOptions": "4"
        },
        "41": {
          "que": 41,
          "type": "mcq",
          "marks": {
            "cm": 4,
            "im": -1
          },
          "pdfData": [
            {
              "x1": 28.270000000000003,
              "x2": 591,
              "y1": 443.45,
              "y2": 493.03,
              "page": 7
            }
          ],
          "answerOptions": "4"
        },
        "42": {
          "que": 42,
          "type": "mcq",
          "marks": {
            "cm": 4,
            "im": -1
          },
          "pdfData": [
            {
              "x1": 28.270000000000003,
              "x2": 591,
              "y1": 500.2,
              "y2": 553.71,
              "page": 7
            }
          ],
          "answerOptions": "4"
        },
        "43": {
          "que": 43,
          "type": "mcq",
          "marks": {
            "cm": 4,
            "im": -1
          },
          "pdfData": [
            {
              "x1": 28.270000000000003,
              "x2": 591,
              "y1": 561.95,
              "y2": 627.62,
              "page": 7
            }
          ],
          "answerOptions": "4"
        },
        "44": {
          "que": 44,
          "type": "mcq",
          "marks": {
            "cm": 4,
            "im": -1
          },
          "pdfData": [
            {
              "x1": 28.270000000000003,
              "x2": 591,
              "y1": 636.95,
              "y2": 702.62,
              "page": 7
            }
          ],
          "answerOptions": "4"
        },
        "45": {
          "que": 45,
          "type": "mcq",
          "marks": {
            "cm": 4,
            "im": -1
          },
          "pdfData": [
            {
              "x1": 28.270000000000003,
              "x2": 591,
              "y1": 711.95,
              "y2": 745.71,
              "page": 7
            },
            {
              "x1": 28.270000000000003,
              "x2": 591,
              "y1": 68,
              "y2": 107.87,
              "page": 8
            }
          ],
          "answerOptions": "4"
        },
        "46": {
          "que": 46,
          "type": "mcq",
          "marks": {
            "cm": 4,
            "im": -1
          },
          "pdfData": [
            {
              "x1": 28.270000000000003,
              "x2": 591,
              "y1": 117.2,
              "y2": 182.87,
              "page": 8
            }
          ],
          "answerOptions": "4"
        },
        "47": {
          "que": 47,
          "type": "mcq",
          "marks": {
            "cm": 4,
            "im": -1
          },
          "pdfData": [
            {
              "x1": 28.270000000000003,
              "x2": 591,
              "y1": 192.2,
              "y2": 404.75,
              "page": 8
            }
          ],
          "answerOptions": "4"
        },
        "48": {
          "que": 48,
          "type": "mcq",
          "marks": {
            "cm": 4,
            "im": -1
          },
          "pdfData": [
            {
              "x1": 28.270000000000003,
              "x2": 591,
              "y1": 416.45,
              "y2": 548.87,
              "page": 8
            }
          ],
          "answerOptions": "4"
        },
        "49": {
          "que": 49,
          "type": "mcq",
          "marks": {
            "cm": 4,
            "im": -1
          },
          "pdfData": [
            {
              "x1": 28.270000000000003,
              "x2": 591,
              "y1": 558.2,
              "y2": 707,
              "page": 8
            }
          ],
          "answerOptions": "4"
        },
        "50": {
          "que": 50,
          "type": "mcq",
          "marks": {
            "cm": 4,
            "im": -1
          },
          "pdfData": [
            {
              "x1": 28.270000000000003,
              "x2": 591,
              "y1": 718.7,
              "y2": 734.87,
              "page": 8
            },
            {
              "x1": 28.270000000000003,
              "x2": 591,
              "y1": 68,
              "y2": 140.87,
              "page": 9
            }
          ],
          "answerOptions": "4"
        }
      },
      "C-NUM": {
        "51": {
          "que": 51,
          "type": "nat",
          "marks": {
            "cm": 4,
            "im": -1
          },
          "pdfData": [
            {
              "x1": 28.270000000000003,
              "x2": 591,
              "y1": 149.2,
              "y2": 169.71,
              "page": 9
            }
          ]
        },
        "52": {
          "que": 52,
          "type": "nat",
          "marks": {
            "cm": 4,
            "im": -1
          },
          "pdfData": [
            {
              "x1": 28.270000000000003,
              "x2": 591,
              "y1": 175.7,
              "y2": 209.46,
              "page": 9
            }
          ]
        },
        "53": {
          "que": 53,
          "type": "nat",
          "marks": {
            "cm": 4,
            "im": -1
          },
          "pdfData": [
            {
              "x1": 28.270000000000003,
              "x2": 591,
              "y1": 216.7,
              "y2": 319.71,
              "page": 9
            }
          ]
        },
        "54": {
          "que": 54,
          "type": "nat",
          "marks": {
            "cm": 4,
            "im": -1
          },
          "pdfData": [
            {
              "x1": 28.270000000000003,
              "x2": 591,
              "y1": 324.7,
              "y2": 512.75,
              "page": 9
            }
          ]
        },
        "55": {
          "que": 55,
          "type": "nat",
          "marks": {
            "cm": 4,
            "im": -1
          },
          "pdfData": [
            {
              "x1": 28.270000000000003,
              "x2": 591,
              "y1": 523.45,
              "y2": 654.21,
              "page": 9
            }
          ]
        },
        "56": {
          "que": 56,
          "type": "nat",
          "marks": {
            "cm": 4,
            "im": -1
          },
          "pdfData": [
            {
              "x1": 28.270000000000003,
              "x2": 591,
              "y1": 662.45,
              "y2": 729.21,
              "page": 9
            }
          ]
        },
        "57": {
          "que": 57,
          "type": "nat",
          "marks": {
            "cm": 4,
            "im": -1
          },
          "pdfData": [
            {
              "x1": 28.270000000000003,
              "x2": 591,
              "y1": 75.95,
              "y2": 125.53,
              "page": 10
            }
          ]
        },
        "58": {
          "que": 58,
          "type": "nat",
          "marks": {
            "cm": 4,
            "im": -1
          },
          "pdfData": [
            {
              "x1": 28.270000000000003,
              "x2": 591,
              "y1": 134.45,
              "y2": 167.12,
              "page": 10
            }
          ]
        },
        "59": {
          "que": 59,
          "type": "nat",
          "marks": {
            "cm": 4,
            "im": -1
          },
          "pdfData": [
            {
              "x1": 28.270000000000003,
              "x2": 591,
              "y1": 176.45,
              "y2": 245,
              "page": 10
            }
          ]
        },
        "60": {
          "que": 60,
          "type": "nat",
          "marks": {
            "cm": 4,
            "im": -1
          },
          "pdfData": [
            {
              "x1": 28.270000000000003,
              "x2": 591,
              "y1": 256.7,
              "y2": 289.78,
              "page": 10
            }
          ]
        }
      }
    },
    "Mathematics": {
      "M-MCQ": {
        "61": {
          "que": 61,
          "type": "mcq",
          "marks": {
            "cm": 4,
            "im": -1
          },
          "pdfData": [
            {
              "x1": 28.270000000000003,
              "x2": 591,
              "y1": 297.19,
              "y2": 372.21,
              "page": 10
            }
          ],
          "answerOptions": "4"
        },
        "62": {
          "que": 62,
          "type": "mcq",
          "marks": {
            "cm": 4,
            "im": -1
          },
          "pdfData": [
            {
              "x1": 28.270000000000003,
              "x2": 591,
              "y1": 378.2,
              "y2": 443.87,
              "page": 10
            }
          ],
          "answerOptions": "4"
        },
        "63": {
          "que": 63,
          "type": "mcq",
          "marks": {
            "cm": 4,
            "im": -1
          },
          "pdfData": [
            {
              "x1": 28.270000000000003,
              "x2": 591,
              "y1": 450.34,
              "y2": 518.87,
              "page": 10
            }
          ],
          "answerOptions": "4"
        },
        "64": {
          "que": 64,
          "type": "mcq",
          "marks": {
            "cm": 4,
            "im": -1
          },
          "pdfData": [
            {
              "x1": 28.270000000000003,
              "x2": 591,
              "y1": 525.7,
              "y2": 584.87,
              "page": 10
            }
          ],
          "answerOptions": "4"
        },
        "65": {
          "que": 65,
          "type": "mcq",
          "marks": {
            "cm": 4,
            "im": -1
          },
          "pdfData": [
            {
              "x1": 28.270000000000003,
              "x2": 591,
              "y1": 594.2,
              "y2": 663.21,
              "page": 10
            }
          ],
          "answerOptions": "4"
        },
        "66": {
          "que": 66,
          "type": "mcq",
          "marks": {
            "cm": 4,
            "im": -1
          },
          "pdfData": [
            {
              "x1": 28.270000000000003,
              "x2": 591,
              "y1": 669.2,
              "y2": 751.78,
              "page": 10
            }
          ],
          "answerOptions": "4"
        },
        "67": {
          "que": 67,
          "type": "mcq",
          "marks": {
            "cm": 4,
            "im": -1
          },
          "pdfData": [
            {
              "x1": 28.270000000000003,
              "x2": 591,
              "y1": 73.09,
              "y2": 158.12,
              "page": 11
            }
          ],
          "answerOptions": "4"
        },
        "68": {
          "que": 68,
          "type": "mcq",
          "marks": {
            "cm": 4,
            "im": -1
          },
          "pdfData": [
            {
              "x1": 28.270000000000003,
              "x2": 591,
              "y1": 167.45,
              "y2": 249.62,
              "page": 11
            }
          ],
          "answerOptions": "4"
        },
        "69": {
          "que": 69,
          "type": "mcq",
          "marks": {
            "cm": 4,
            "im": -1
          },
          "pdfData": [
            {
              "x1": 28.270000000000003,
              "x2": 591,
              "y1": 256.84,
              "y2": 351.62,
              "page": 11
            }
          ],
          "answerOptions": "4"
        },
        "70": {
          "que": 70,
          "type": "mcq",
          "marks": {
            "cm": 4,
            "im": -1
          },
          "pdfData": [
            {
              "x1": 28.270000000000003,
              "x2": 591,
              "y1": 359.59,
              "y2": 452.53,
              "page": 11
            }
          ],
          "answerOptions": "4"
        },
        "71": {
          "que": 71,
          "type": "mcq",
          "marks": {
            "cm": 4,
            "im": -1
          },
          "pdfData": [
            {
              "x1": 28.270000000000003,
              "x2": 591,
              "y1": 459.59,
              "y2": 538.37,
              "page": 11
            }
          ],
          "answerOptions": "4"
        },
        "72": {
          "que": 72,
          "type": "mcq",
          "marks": {
            "cm": 4,
            "im": -1
          },
          "pdfData": [
            {
              "x1": 28.270000000000003,
              "x2": 591,
              "y1": 544.84,
              "y2": 614.12,
              "page": 11
            }
          ],
          "answerOptions": "4"
        },
        "73": {
          "que": 73,
          "type": "mcq",
          "marks": {
            "cm": 4,
            "im": -1
          },
          "pdfData": [
            {
              "x1": 28.270000000000003,
              "x2": 591,
              "y1": 619.84,
              "y2": 676.01,
              "page": 11
            }
          ],
          "answerOptions": "4"
        },
        "74": {
          "que": 74,
          "type": "mcq",
          "marks": {
            "cm": 4,
            "im": -1
          },
          "pdfData": [
            {
              "x1": 28.270000000000003,
              "x2": 591,
              "y1": 676.84,
              "y2": 748.37,
              "page": 11
            }
          ],
          "answerOptions": "4"
        },
        "75": {
          "que": 75,
          "type": "mcq",
          "marks": {
            "cm": 4,
            "im": -1
          },
          "pdfData": [
            {
              "x1": 28.270000000000003,
              "x2": 591,
              "y1": 75.95,
              "y2": 128.61,
              "page": 12
            }
          ],
          "answerOptions": "4"
        },
        "76": {
          "que": 76,
          "type": "mcq",
          "marks": {
            "cm": 4,
            "im": -1
          },
          "pdfData": [
            {
              "x1": 28.270000000000003,
              "x2": 591,
              "y1": 134.45,
              "y2": 202.38,
              "page": 12
            }
          ],
          "answerOptions": "4"
        },
        "77": {
          "que": 77,
          "type": "mcq",
          "marks": {
            "cm": 4,
            "im": -1
          },
          "pdfData": [
            {
              "x1": 28.270000000000003,
              "x2": 591,
              "y1": 210.2,
              "y2": 277.37,
              "page": 12
            }
          ],
          "answerOptions": "4"
        },
        "78": {
          "que": 78,
          "type": "mcq",
          "marks": {
            "cm": 4,
            "im": -1
          },
          "pdfData": [
            {
              "x1": 28.270000000000003,
              "x2": 591,
              "y1": 283.84,
              "y2": 357.62,
              "page": 12
            }
          ],
          "answerOptions": "4"
        },
        "79": {
          "que": 79,
          "type": "mcq",
          "marks": {
            "cm": 4,
            "im": -1
          },
          "pdfData": [
            {
              "x1": 28.270000000000003,
              "x2": 591,
              "y1": 365.2,
              "y2": 416.87,
              "page": 12
            }
          ],
          "answerOptions": "4"
        },
        "80": {
          "que": 80,
          "type": "mcq",
          "marks": {
            "cm": 4,
            "im": -1
          },
          "pdfData": [
            {
              "x1": 28.270000000000003,
              "x2": 591,
              "y1": 422.59,
              "y2": 491.87,
              "page": 12
            }
          ],
          "answerOptions": "4"
        }
      },
      "M-NUM": {
        "81": {
          "que": 81,
          "type": "nat",
          "marks": {
            "cm": 4,
            "im": -1
          },
          "pdfData": [
            {
              "x1": 28.270000000000003,
              "x2": 591,
              "y1": 501.2,
              "y2": 517.78,
              "page": 12
            }
          ]
        },
        "82": {
          "que": 82,
          "type": "nat",
          "marks": {
            "cm": 4,
            "im": -1
          },
          "pdfData": [
            {
              "x1": 28.270000000000003,
              "x2": 591,
              "y1": 524.84,
              "y2": 571.03,
              "page": 12
            }
          ]
        },
        "83": {
          "que": 83,
          "type": "nat",
          "marks": {
            "cm": 4,
            "im": -1
          },
          "pdfData": [
            {
              "x1": 28.270000000000003,
              "x2": 591,
              "y1": 577.09,
              "y2": 597.63,
              "page": 12
            }
          ]
        },
        "84": {
          "que": 84,
          "type": "nat",
          "marks": {
            "cm": 4,
            "im": -1
          },
          "pdfData": [
            {
              "x1": 28.270000000000003,
              "x2": 591,
              "y1": 602.59,
              "y2": 638.53,
              "page": 12
            }
          ]
        },
        "85": {
          "que": 85,
          "type": "nat",
          "marks": {
            "cm": 4,
            "im": -1
          },
          "pdfData": [
            {
              "x1": 28.270000000000003,
              "x2": 591,
              "y1": 645.7,
              "y2": 685.78,
              "page": 12
            }
          ]
        },
        "86": {
          "que": 86,
          "type": "nat",
          "marks": {
            "cm": 4,
            "im": -1
          },
          "pdfData": [
            {
              "x1": 28.270000000000003,
              "x2": 591,
              "y1": 694.7,
              "y2": 748.78,
              "page": 12
            }
          ]
        },
        "87": {
          "que": 87,
          "type": "nat",
          "marks": {
            "cm": 4,
            "im": -1
          },
          "pdfData": [
            {
              "x1": 28.270000000000003,
              "x2": 591,
              "y1": 73.45,
              "y2": 125.95,
              "page": 13
            }
          ]
        },
        "88": {
          "que": 88,
          "type": "nat",
          "marks": {
            "cm": 4,
            "im": -1
          },
          "pdfData": [
            {
              "x1": 28.270000000000003,
              "x2": 591,
              "y1": 121.95,
              "y2": 147.21,
              "page": 13
            }
          ]
        },
        "89": {
          "que": 89,
          "type": "nat",
          "marks": {
            "cm": 4,
            "im": -1
          },
          "pdfData": [
            {
              "x1": 28.270000000000003,
              "x2": 591,
              "y1": 152.2,
              "y2": 205.78,
              "page": 13
            }
          ]
        },
        "90": {
          "que": 90,
          "type": "nat",
          "marks": {
            "cm": 4,
            "im": -1
          },
          "pdfData": [
            {
              "x1": 28.270000000000003,
              "x2": 591,
              "y1": 212.2,
              "y2": 251.51,
              "page": 13
            }
          ]
        }
      }
    }
  },
  "appVersion": "1.22.1",
  "generatedBy": "answerKeyPage",
  "generatedBasedOn": "pdfCropperPage",
  "testAnswerKey": {
    "Physics": {
      "P-MCQ": {
        "1": [
          3
        ],
        "2": [
          3
        ],
        "3": [
          4
        ],
        "4": [
          2
        ],
        "5": [
          2
        ],
        "6": [
          2
        ],
        "7": [
          2
        ],
        "8": [
          3
        ],
        "9": [
          3
        ],
        "10": [
          4
        ],
        "11": [
          3
        ],
        "12": [
          2
        ],
        "13": [
          1
        ],
        "14": [
          3
        ],
        "15": [
          1
        ],
        "16": [
          3
        ],
        "17": [
          2
        ],
        "18": [
          2
        ],
        "19": [
          3
        ],
        "20": [
          2
        ]
      },
      "P-NUM": {
        "21": "16",
        "22": "2",
        "23": "1000",
        "24": "60",
        "25": "16",
        "26": "5",
        "27": "500",
        "28": "4",
        "29": "275",
        "30": "6588"
      }
    },
    "Chemistry": {
      "C-MCQ": {
        "31": [
          4
        ],
        "32": [
          4
        ],
        "33": [
          1
        ],
        "34": [
          1
        ],
        "35": [
          2
        ],
        "36": [
          3
        ],
        "37": [
          2
        ],
        "38": [
          4
        ],
        "39": [
          3
        ],
        "40": [
          3
        ],
        "41": [
          2
        ],
        "42": [
          4
        ],
        "43": [
          2
        ],
        "44": [
          1
        ],
        "45": [
          3
        ],
        "46": [
          2
        ],
        "47": [
          3
        ],
        "48": [
          4
        ],
        "49": [
          4
        ],
        "50": [
          2
        ]
      },
      "C-NUM": {
        "51": "6",
        "52": "6",
        "53": "6535",
        "54": "50",
        "55": "19",
        "56": "315",
        "57": "6",
        "58": "318",
        "59": "4",
        "60": "9"
      }
    },
    "Mathematics": {
      "M-MCQ": {
        "61": [
          1
        ],
        "62": [
          2
        ],
        "63": [
          3
        ],
        "64": [
          4
        ],
        "65": [
          4
        ],
        "66": [
          4
        ],
        "67": [
          1
        ],
        "68": [
          1
        ],
        "69": [
          2
        ],
        "70": [
          1
        ],
        "71": [
          1
        ],
        "72": [
          4
        ],
        "73": [
          3
        ],
        "74": [
          2
        ],
        "75": [
          1
        ],
        "76": [
          1
        ],
        "77": [
          2
        ],
        "78": [
          4
        ],
        "79": [
          3
        ],
        "80": [
          3
        ]
      },
      "M-NUM": {
        "81": "3",
        "82": "76",
        "83": "2",
        "84": "10",
        "85": "170",
        "86": "5",
        "87": "1600",
        "88": "1",
        "89": "18",
        "90": "25"
      }
    }
  }
}