{
  "pdfCropperData": {
    "Maths": {
      "M-MCQ": {
        "1": {
          "que": 1,
          "type": "mcq",
          "options": 4,
          "marks": {
            "cm": 4,
            "im": -1
          },
          "pdfData": [
            {
              "page": 1,
              "x1": 33,
              "y1": 76,
              "x2": 561,
              "y2": 164
            }
          ]
        },
        "2": {
          "que": 2,
          "type": "mcq",
          "options": 4,
          "marks": {
            "cm": 4,
            "im": -1
          },
          "pdfData": [
            {
              "page": 1,
              "x1": 33,
              "y1": 164,
              "x2": 561,
              "y2": 238
            }
          ]
        },
        "3": {
          "que": 3,
          "type": "mcq",
          "options": 4,
          "marks": {
            "cm": 4,
            "im": -1
          },
          "pdfData": [
            {
              "page": 1,
              "x1": 33,
              "y1": 238,
              "x2": 561,
              "y2": 327
            }
          ]
        },
        "4": {
          "que": 4,
          "type": "mcq",
          "options": 4,
          "marks": {
            "cm": 4,
            "im": -1
          },
          "pdfData": [
            {
              "page": 1,
              "x1": 33,
              "y1": 327,
              "x2": 561,
              "y2": 408
            }
          ]
        },
        "5": {
          "que": 5,
          "type": "mcq",
          "options": 4,
          "marks": {
            "cm": 4,
            "im": -1
          },
          "pdfData": [
            {
              "page": 1,
              "x1": 33,
              "y1": 408,
              "x2": 561,
              "y2": 484
            }
          ]
        },
        "6": {
          "que": 6,
          "type": "mcq",
          "options": 4,
          "marks": {
            "cm": 4,
            "im": -1
          },
          "pdfData": [
            {
              "page": 1,
              "x1": 33,
              "y1": 484,
              "x2": 561,
              "y2": 547
            }
          ]
        },
        "7": {
          "que": 7,
          "type": "mcq",
          "options": 4,
          "marks": {
            "cm": 4,
            "im": -1
          },
          "pdfData": [
            {
              "page": 1,
              "x1": 33,
              "y1": 547,
              "x2": 561,
              "y2": 622
            }
          ]
        },
        "8": {
          "que": 8,
          "type": "mcq",
          "options": 4,
          "marks": {
            "cm": 4,
            "im": -1
          },
          "pdfData": [
            {
              "page": 1,
              "x1": 33,
              "y1": 622,
              "x2": 561,
              "y2": 693
            }
          ]
        },
        "9": {
          "que": 9,
          "type": "mcq",
          "options": 4,
          "marks": {
            "cm": 4,
            "im": -1
          },
          "pdfData": [
            {
              "page": 1,
              "x1": 33,
              "y1": 693,
              "x2": 561,
              "y2": 740
            },
            {
              "page": 2,
              "x1": 33,
              "y1": 77,
              "x2": 561,
              "y2": 116
            }
          ]
        },
        "10": {
          "que": 10,
          "type": "mcq",
          "options": 4,
          "marks": {
            "cm": 4,
            "im": -1
          },
          "pdfData": [
            {
              "page": 2,
              "x1": 33,
              "y1": 116,
              "x2": 561,
              "y2": 206
            }
          ]
        },
        "11": {
          "que": 11,
          "type": "mcq",
          "options": 4,
          "marks": {
            "cm": 4,
            "im": -1
          },
          "pdfData": [
            {
              "page": 2,
              "x1": 33,
              "y1": 206,
              "x2": 561,
              "y2": 262
            }
          ]
        },
        "12": {
          "que": 12,
          "type": "mcq",
          "options": 4,
          "marks": {
            "cm": 4,
            "im": -1
          },
          "pdfData": [
            {
              "page": 2,
              "x1": 33,
              "y1": 262,
              "x2": 561,
              "y2": 356
            }
          ]
        },
        "13": {
          "que": 13,
          "type": "mcq",
          "options": 4,
          "marks": {
            "cm": 4,
            "im": -1
          },
          "pdfData": [
            {
              "page": 2,
              "x1": 33,
              "y1": 356,
              "x2": 561,
              "y2": 428
            }
          ]
        },
        "14": {
          "que": 14,
          "type": "mcq",
          "options": 4,
          "marks": {
            "cm": 4,
            "im": -1
          },
          "pdfData": [
            {
              "page": 2,
              "x1": 33,
              "y1": 428,
              "x2": 561,
              "y2": 489
            }
          ]
        },
        "15": {
          "que": 15,
          "type": "mcq",
          "options": 4,
          "marks": {
            "cm": 4,
            "im": -1
          },
          "pdfData": [
            {
              "page": 2,
              "x1": 33,
              "y1": 489,
              "x2": 561,
              "y2": 580
            }
          ]
        },
        "16": {
          "que": 16,
          "type": "mcq",
          "options": 4,
          "marks": {
            "cm": 4,
            "im": -1
          },
          "pdfData": [
            {
              "page": 2,
              "x1": 33,
              "y1": 580,
              "x2": 561,
              "y2": 638
            }
          ]
        },
        "17": {
          "que": 17,
          "type": "mcq",
          "options": 4,
          "marks": {
            "cm": 4,
            "im": -1
          },
          "pdfData": [
            {
              "page": 2,
              "x1": 33,
              "y1": 638,
              "x2": 561,
              "y2": 732
            }
          ]
        },
        "18": {
          "que": 18,
          "type": "mcq",
          "options": 4,
          "marks": {
            "cm": 4,
            "im": -1
          },
          "pdfData": [
            {
              "page": 2,
              "x1": 33,
              "y1": 732,
              "x2": 561,
              "y2": 757
            },
            {
              "page": 3,
              "x1": 33,
              "y1": 70,
              "x2": 561,
              "y2": 119
            }
          ]
        },
        "19": {
          "que": 19,
          "type": "mcq",
          "options": 4,
          "marks": {
            "cm": 4,
            "im": -1
          },
          "pdfData": [
            {
              "page": 3,
              "x1": 33,
              "y1": 119,
              "x2": 561,
              "y2": 196
            }
          ]
        },
        "20": {
          "que": 20,
          "type": "mcq",
          "options": 4,
          "marks": {
            "cm": 4,
            "im": -1
          },
          "pdfData": [
            {
              "page": 3,
              "x1": 33,
              "y1": 196,
              "x2": 561,
              "y2": 274
            }
          ]
        }
      },
      "M-NUM": {
        "21": {
          "que": 21,
          "type": "nat",
          "marks": {
            "cm": 4,
            "im": -1
          },
          "pdfData": [
            {
              "page": 3,
              "x1": 33,
              "y1": 274,
              "x2": 561,
              "y2": 333
            }
          ]
        },
        "22": {
          "que": 22,
          "type": "nat",
          "marks": {
            "cm": 4,
            "im": -1
          },
          "pdfData": [
            {
              "page": 3,
              "x1": 33,
              "y1": 333,
              "x2": 561,
              "y2": 358
            }
          ]
        },
        "23": {
          "que": 23,
          "type": "nat",
          "marks": {
            "cm": 4,
            "im": -1
          },
          "pdfData": [
            {
              "page": 3,
              "x1": 33,
              "y1": 358,
              "x2": 561,
              "y2": 469
            }
          ]
        },
        "24": {
          "que": 24,
          "type": "nat",
          "marks": {
            "cm": 4,
            "im": -1
          },
          "pdfData": [
            {
              "page": 3,
              "x1": 33,
              "y1": 469,
              "x2": 561,
              "y2": 515
            }
          ]
        },
        "25": {
          "que": 25,
          "type": "nat",
          "marks": {
            "cm": 4,
            "im": -1
          },
          "pdfData": [
            {
              "page": 3,
              "x1": 33,
              "y1": 515,
              "x2": 561,
              "y2": 540
            }
          ]
        }
      }
    },
    "Physics": {
      "P-MCQ": {
        "26": {
          "que": 26,
          "type": "mcq",
          "options": 4,
          "marks": {
            "cm": 4,
            "im": -1
          },
          "pdfData": [
            {
              "page": 3,
              "x1": 33,
              "y1": 540,
              "x2": 561,
              "y2": 632
            }
          ]
        },
        "27": {
          "que": 27,
          "type": "mcq",
          "options": 4,
          "marks": {
            "cm": 4,
            "im": -1
          },
          "pdfData": [
            {
              "page": 3,
              "x1": 33,
              "y1": 632,
              "x2": 561,
              "y2": 740
            }
          ]
        },
        "28": {
          "que": 28,
          "type": "mcq",
          "options": 4,
          "marks": {
            "cm": 4,
            "im": -1
          },
          "pdfData": [
            {
              "page": 3,
              "x1": 33,
              "y1": 740,
              "x2": 561,
              "y2": 760
            },
            {
              "page": 4,
              "x1": 33,
              "y1": 72,
              "x2": 561,
              "y2": 127
            }
          ]
        },
        "29": {
          "que": 29,
          "type": "mcq",
          "options": 4,
          "marks": {
            "cm": 4,
            "im": -1
          },
          "pdfData": [
            {
              "page": 4,
              "x1": 33,
              "y1": 127,
              "x2": 561,
              "y2": 231
            }
          ]
        },
        "30": {
          "que": 30,
          "type": "mcq",
          "options": 4,
          "marks": {
            "cm": 4,
            "im": -1
          },
          "pdfData": [
            {
              "page": 4,
              "x1": 33,
              "y1": 231,
              "x2": 561,
              "y2": 321
            }
          ]
        },
        "31": {
          "que": 31,
          "type": "mcq",
          "options": 4,
          "marks": {
            "cm": 4,
            "im": -1
          },
          "pdfData": [
            {
              "page": 4,
              "x1": 33,
              "y1": 321,
              "x2": 561,
              "y2": 444
            }
          ]
        },
        "32": {
          "que": 32,
          "type": "mcq",
          "options": 4,
          "marks": {
            "cm": 4,
            "im": -1
          },
          "pdfData": [
            {
              "page": 4,
              "x1": 33,
              "y1": 444,
              "x2": 561,
              "y2": 553
            }
          ]
        },
        "33": {
          "que": 33,
          "type": "mcq",
          "options": 4,
          "marks": {
            "cm": 4,
            "im": -1
          },
          "pdfData": [
            {
              "page": 4,
              "x1": 33,
              "y1": 553,
              "x2": 561,
              "y2": 628
            }
          ]
        },
        "34": {
          "que": 34,
          "type": "mcq",
          "options": 4,
          "marks": {
            "cm": 4,
            "im": -1
          },
          "pdfData": [
            {
              "page": 4,
              "x1": 33,
              "y1": 628,
              "x2": 561,
              "y2": 700
            }
          ]
        },
        "35": {
          "que": 35,
          "type": "mcq",
          "options": 4,
          "marks": {
            "cm": 4,
            "im": -1
          },
          "pdfData": [
            {
              "page": 4,
              "x1": 33,
              "y1": 700,
              "x2": 561,
              "y2": 739
            },
            {
              "page": 5,
              "x1": 33,
              "y1": 77,
              "x2": 561,
              "y2": 146
            }
          ]
        },
        "36": {
          "que": 36,
          "type": "mcq",
          "options": 4,
          "marks": {
            "cm": 4,
            "im": -1
          },
          "pdfData": [
            {
              "page": 5,
              "x1": 33,
              "y1": 146,
              "x2": 561,
              "y2": 221
            }
          ]
        },
        "37": {
          "que": 37,
          "type": "mcq",
          "options": 4,
          "marks": {
            "cm": 4,
            "im": -1
          },
          "pdfData": [
            {
              "page": 5,
              "x1": 33,
              "y1": 221,
              "x2": 561,
              "y2": 294
            }
          ]
        },
        "38": {
          "que": 38,
          "type": "mcq",
          "options": 4,
          "marks": {
            "cm": 4,
            "im": -1
          },
          "pdfData": [
            {
              "page": 5,
              "x1": 33,
              "y1": 294,
              "x2": 561,
              "y2": 404
            }
          ]
        },
        "39": {
          "que": 39,
          "type": "mcq",
          "options": 4,
          "marks": {
            "cm": 4,
            "im": -1
          },
          "pdfData": [
            {
              "page": 5,
              "x1": 33,
              "y1": 404,
              "x2": 561,
              "y2": 492
            }
          ]
        },
        "40": {
          "que": 40,
          "type": "mcq",
          "options": 4,
          "marks": {
            "cm": 4,
            "im": -1
          },
          "pdfData": [
            {
              "page": 5,
              "x1": 33,
              "y1": 492,
              "x2": 561,
              "y2": 575
            }
          ]
        },
        "41": {
          "que": 41,
          "type": "mcq",
          "options": 4,
          "marks": {
            "cm": 4,
            "im": -1
          },
          "pdfData": [
            {
              "page": 5,
              "x1": 33,
              "y1": 575,
              "x2": 561,
              "y2": 663
            }
          ]
        },
        "42": {
          "que": 42,
          "type": "mcq",
          "options": 4,
          "marks": {
            "cm": 4,
            "im": -1
          },
          "pdfData": [
            {
              "page": 5,
              "x1": 33,
              "y1": 663,
              "x2": 561,
              "y2": 751
            },
            {
              "page": 6,
              "x1": 33,
              "y1": 77,
              "x2": 561,
              "y2": 116
            }
          ]
        },
        "43": {
          "que": 43,
          "type": "mcq",
          "options": 4,
          "marks": {
            "cm": 4,
            "im": -1
          },
          "pdfData": [
            {
              "page": 6,
              "x1": 33,
              "y1": 116,
              "x2": 561,
              "y2": 207
            }
          ]
        },
        "44": {
          "que": 44,
          "type": "mcq",
          "options": 4,
          "marks": {
            "cm": 4,
            "im": -1
          },
          "pdfData": [
            {
              "page": 6,
              "x1": 33,
              "y1": 207,
              "x2": 561,
              "y2": 306
            }
          ]
        },
        "45": {
          "que": 45,
          "type": "mcq",
          "options": 4,
          "marks": {
            "cm": 4,
            "im": -1
          },
          "pdfData": [
            {
              "page": 6,
              "x1": 33,
              "y1": 306,
              "x2": 561,
              "y2": 382
            }
          ]
        }
      },
      "P-NUM": {
        "46": {
          "que": 46,
          "type": "nat",
          "marks": {
            "cm": 4,
            "im": -1
          },
          "pdfData": [
            {
              "page": 6,
              "x1": 33,
              "y1": 382,
              "x2": 561,
              "y2": 427
            }
          ]
        },
        "47": {
          "que": 47,
          "type": "nat",
          "marks": {
            "cm": 4,
            "im": -1
          },
          "pdfData": [
            {
              "page": 6,
              "x1": 33,
              "y1": 427,
              "x2": 561,
              "y2": 594
            }
          ]
        },
        "48": {
          "que": 48,
          "type": "nat",
          "marks": {
            "cm": 4,
            "im": -1
          },
          "pdfData": [
            {
              "page": 6,
              "x1": 33,
              "y1": 594,
              "x2": 561,
              "y2": 644
            }
          ]
        },
        "49": {
          "que": 49,
          "type": "nat",
          "marks": {
            "cm": 4,
            "im": -1
          },
          "pdfData": [
            {
              "page": 6,
              "x1": 33,
              "y1": 644,
              "x2": 561,
              "y2": 685
            }
          ]
        },
        "50": {
          "que": 50,
          "type": "nat",
          "marks": {
            "cm": 4,
            "im": -1
          },
          "pdfData": [
            {
              "page": 6,
              "x1": 33,
              "y1": 685,
              "x2": 561,
              "y2": 728
            }
          ]
        }
      }
    },
    "Chemistry": {
      "C-MCQ": {
        "51": {
          "que": 51,
          "type": "mcq",
          "options": 4,
          "marks": {
            "cm": 4,
            "im": -1
          },
          "pdfData": [
            {
              "page": 6,
              "x1": 33,
              "y1": 728,
              "x2": 561,
              "y2": 764
            },
            {
              "page": 7,
              "x1": 33,
              "y1": 78,
              "x2": 561,
              "y2": 131
            }
          ]
        },
        "52": {
          "que": 52,
          "type": "mcq",
          "options": 4,
          "marks": {
            "cm": 4,
            "im": -1
          },
          "pdfData": [
            {
              "page": 7,
              "x1": 33,
              "y1": 131,
              "x2": 561,
              "y2": 308
            }
          ]
        },
        "53": {
          "que": 53,
          "type": "mcq",
          "options": 4,
          "marks": {
            "cm": 4,
            "im": -1
          },
          "pdfData": [
            {
              "page": 7,
              "x1": 33,
              "y1": 308,
              "x2": 561,
              "y2": 500
            }
          ]
        },
        "54": {
          "que": 54,
          "type": "mcq",
          "options": 4,
          "marks": {
            "cm": 4,
            "im": -1
          },
          "pdfData": [
            {
              "page": 7,
              "x1": 33,
              "y1": 500,
              "x2": 561,
              "y2": 620
            },
            {
              "page": 8,
              "x1": 33,
              "y1": 76,
              "x2": 561,
              "y2": 293
            }
          ]
        },
        "55": {
          "que": 55,
          "type": "mcq",
          "options": 4,
          "marks": {
            "cm": 4,
            "im": -1
          },
          "pdfData": [
            {
              "page": 8,
              "x1": 33,
              "y1": 293,
              "x2": 561,
              "y2": 411
            }
          ]
        },
        "56": {
          "que": 56,
          "type": "mcq",
          "options": 4,
          "marks": {
            "cm": 4,
            "im": -1
          },
          "pdfData": [
            {
              "page": 8,
              "x1": 33,
              "y1": 411,
              "x2": 561,
              "y2": 489
            }
          ]
        },
        "57": {
          "que": 57,
          "type": "mcq",
          "options": 4,
          "marks": {
            "cm": 4,
            "im": -1
          },
          "pdfData": [
            {
              "page": 8,
              "x1": 33,
              "y1": 489,
              "x2": 561,
              "y2": 561
            }
          ]
        },
        "58": {
          "que": 58,
          "type": "mcq",
          "options": 4,
          "marks": {
            "cm": 4,
            "im": -1
          },
          "pdfData": [
            {
              "page": 8,
              "x1": 33,
              "y1": 561,
              "x2": 561,
              "y2": 636
            }
          ]
        },
        "59": {
          "que": 59,
          "type": "mcq",
          "options": 4,
          "marks": {
            "cm": 4,
            "im": -1
          },
          "pdfData": [
            {
              "page": 8,
              "x1": 33,
              "y1": 636,
              "x2": 561,
              "y2": 728
            }
          ]
        },
        "60": {
          "que": 60,
          "type": "mcq",
          "options": 4,
          "marks": {
            "cm": 4,
            "im": -1
          },
          "pdfData": [
            {
              "page": 8,
              "x1": 33,
              "y1": 728,
              "x2": 561,
              "y2": 766
            },
            {
              "page": 9,
              "x1": 33,
              "y1": 73,
              "x2": 561,
              "y2": 113
            }
          ]
        },
        "61": {
          "que": 61,
          "type": "mcq",
          "options": 4,
          "marks": {
            "cm": 4,
            "im": -1
          },
          "pdfData": [
            {
              "page": 9,
              "x1": 33,
              "y1": 113,
              "x2": 561,
              "y2": 179
            }
          ]
        },
        "62": {
          "que": 62,
          "type": "mcq",
          "options": 4,
          "marks": {
            "cm": 4,
            "im": -1
          },
          "pdfData": [
            {
              "page": 9,
              "x1": 33,
              "y1": 179,
              "x2": 561,
              "y2": 319
            }
          ]
        },
        "63": {
          "que": 63,
          "type": "mcq",
          "options": 4,
          "marks": {
            "cm": 4,
            "im": -1
          },
          "pdfData": [
            {
              "page": 9,
              "x1": 33,
              "y1": 319,
              "x2": 561,
              "y2": 427
            }
          ]
        },
        "64": {
          "que": 64,
          "type": "mcq",
          "options": 4,
          "marks": {
            "cm": 4,
            "im": -1
          },
          "pdfData": [
            {
              "page": 9,
              "x1": 33,
              "y1": 427,
              "x2": 561,
              "y2": 568
            }
          ]
        },
        "65": {
          "que": 65,
          "type": "mcq",
          "options": 4,
          "marks": {
            "cm": 4,
            "im": -1
          },
          "pdfData": [
            {
              "page": 9,
              "x1": 33,
              "y1": 568,
              "x2": 561,
              "y2": 692
            }
          ]
        },
        "66": {
          "que": 66,
          "type": "mcq",
          "options": 4,
          "marks": {
            "cm": 4,
            "im": -1
          },
          "pdfData": [
            {
              "page": 10,
              "x1": 33,
              "y1": 76,
              "x2": 561,
              "y2": 229
            }
          ]
        },
        "67": {
          "que": 67,
          "type": "mcq",
          "options": 4,
          "marks": {
            "cm": 4,
            "im": -1
          },
          "pdfData": [
            {
              "page": 10,
              "x1": 33,
              "y1": 229,
              "x2": 561,
              "y2": 335
            }
          ]
        },
        "68": {
          "que": 68,
          "type": "mcq",
          "options": 4,
          "marks": {
            "cm": 4,
            "im": -1
          },
          "pdfData": [
            {
              "page": 10,
              "x1": 33,
              "y1": 335,
              "x2": 561,
              "y2": 411
            }
          ]
        },
        "69": {
          "que": 69,
          "type": "mcq",
          "options": 4,
          "marks": {
            "cm": 4,
            "im": -1
          },
          "pdfData": [
            {
              "page": 10,
              "x1": 33,
              "y1": 411,
              "x2": 561,
              "y2": 721
            }
          ]
        },
        "70": {
          "que": 70,
          "type": "mcq",
          "options": 4,
          "marks": {
            "cm": 4,
            "im": -1
          },
          "pdfData": [
            {
              "page": 10,
              "x1": 33,
              "y1": 721,
              "x2": 561,
              "y2": 764
            },
            {
              "page": 11,
              "x1": 33,
              "y1": 77,
              "x2": 561,
              "y2": 132
            }
          ]
        }
      },
      "C-NUM": {
        "71": {
          "que": 71,
          "type": "nat",
          "marks": {
            "cm": 4,
            "im": -1
          },
          "pdfData": [
            {
              "page": 11,
              "x1": 33,
              "y1": 132,
              "x2": 561,
              "y2": 172
            }
          ]
        },
        "72": {
          "que": 72,
          "type": "nat",
          "marks": {
            "cm": 4,
            "im": -1
          },
          "pdfData": [
            {
              "page": 11,
              "x1": 33,
              "y1": 172,
              "x2": 561,
              "y2": 245
            }
          ]
        },
        "73": {
          "que": 73,
          "type": "nat",
          "marks": {
            "cm": 4,
            "im": -1
          },
          "pdfData": [
            {
              "page": 11,
              "x1": 33,
              "y1": 245,
              "x2": 561,
              "y2": 323
            }
          ]
        },
        "74": {
          "que": 74,
          "type": "nat",
          "marks": {
            "cm": 4,
            "im": -1
          },
          "pdfData": [
            {
              "page": 11,
              "x1": 33,
              "y1": 323,
              "x2": 561,
              "y2": 363
            }
          ]
        },
        "75": {
          "que": 75,
          "type": "nat",
          "marks": {
            "cm": 4,
            "im": -1
          },
          "pdfData": [
            {
              "page": 11,
              "x1": 33,
              "y1": 363,
              "x2": 561,
              "y2": 419
            }
          ]
        }
      }
    }
  },
  "pdfFileHash": "5d95b640022b4fc2b842cf900afefb7ad38c6c314c635a14ad84eddd1f9c3d3d",
  "testAnswerKey": {
    "Maths": {
      "M-MCQ": {
        "1": [
          2
        ],
        "2": [
          2
        ],
        "3": [
          2
        ],
        "4": [
          1
        ],
        "5": [
          3
        ],
        "6": [
          1
        ],
        "7": [
          2
        ],
        "8": [
          3
        ],
        "9": [
          1
        ],
        "10": [
          3
        ],
        "11": [
          4
        ],
        "12": [
          4
        ],
        "13": [
          3
        ],
        "14": [
          4
        ],
        "15": [
          2
        ],
        "16": [
          2
        ],
        "17": [
          2
        ],
        "18": [
          4
        ],
        "19": [
          4
        ],
        "20": [
          1
        ]
      },
      "M-NUM": {
        "21": "5120",
        "22": "14",
        "23": "44",
        "24": "19",
        "25": "125"
      }
    },
    "Physics": {
      "P-MCQ": {
        "26": [
          3
        ],
        "27": [
          1
        ],
        "28": [
          2
        ],
        "29": [
          3
        ],
        "30": [
          3
        ],
        "31": [
          3
        ],
        "32": [
          1
        ],
        "33": [
          2
        ],
        "34": [
          2
        ],
        "35": [
          4
        ],
        "36": [
          4
        ],
        "37": [
          1
        ],
        "38": [
          2
        ],
        "39": [
          2
        ],
        "40": [
          3
        ],
        "41": [
          1
        ],
        "42": [
          4
        ],
        "43": [
          2
        ],
        "44": [
          3
        ],
        "45": [
          2
        ]
      },
      "P-NUM": {
        "46": "8",
        "47": "48",
        "48": "15",
        "49": "35",
        "50": "2"
      }
    },
    "Chemistry": {
      "C-MCQ": {
        "51": [
          2
        ],
        "52": [
          1
        ],
        "53": [
          2
        ],
        "54": [
          3
        ],
        "55": [
          4
        ],
        "56": [
          4
        ],
        "57": [
          4
        ],
        "58": [
          4
        ],
        "59": [
          3
        ],
        "60": [
          2
        ],
        "61": [
          3
        ],
        "62": [
          1
        ],
        "63": [
          1
        ],
        "64": [
          1
        ],
        "65": [
          2
        ],
        "66": [
          3
        ],
        "67": [
          3
        ],
        "68": [
          1
        ],
        "69": [
          1
        ],
        "70": [
          2
        ]
      },
      "C-NUM": {
        "71": "61",
        "72": "240",
        "73": "962",
        "74": "3",
        "75": "700"
      }
    }
  }
}