{
  "testConfig": {
    "optionalQuestions": [
      {
        "subject": "Physics",
        "section": "P-NUM",
        "count": 5
      },
      {
        "subject": "Chemistry",
        "section": "C-NUM",
        "count": 5
      },
      {
        "subject": "Mathematics",
        "section": "M-NUM",
        "count": 5
      }
    ],
    "pdfFileHash": "8df390897518e522362c664b443089fc1edb5612887021b9c2d88a5cbfdd41da"
  },
  "pdfCropperData": {
    "Physics": {
      "P-MCQ": {
        "1": {
          "que": 1,
          "type": "mcq",
          "marks": {
            "cm": 4,
            "im": -1
          },
          "pdfData": [
            {
              "x1": 23.87,
              "x2": 591,
              "y1": 76.36,
              "y2": 134.58,
              "page": 1
            }
          ],
          "answerOptions": "4"
        },
        "2": {
          "que": 2,
          "type": "mcq",
          "marks": {
            "cm": 4,
            "im": -1
          },
          "pdfData": [
            {
              "x1": 23.87,
              "x2": 591,
              "y1": 143.41,
              "y2": 225.47,
              "page": 1
            }
          ],
          "answerOptions": "4"
        },
        "3": {
          "que": 3,
          "type": "mcq",
          "marks": {
            "cm": 4,
            "im": -1
          },
          "pdfData": [
            {
              "x1": 23.87,
              "x2": 591,
              "y1": 234.3,
              "y2": 299.56,
              "page": 1
            }
          ],
          "answerOptions": "4"
        },
        "4": {
          "que": 4,
          "type": "mcq",
          "marks": {
            "cm": 4,
            "im": -1
          },
          "pdfData": [
            {
              "x1": 23.86,
              "x2": 591,
              "y1": 308.8,
              "y2": 390.85,
              "page": 1
            }
          ],
          "answerOptions": "4"
        },
        "5": {
          "que": 5,
          "type": "mcq",
          "marks": {
            "cm": 4,
            "im": -1
          },
          "pdfData": [
            {
              "x1": 23.86,
              "x2": 591,
              "y1": 399.69,
              "y2": 548.03,
              "page": 1
            }
          ],
          "answerOptions": "4"
        },
        "6": {
          "que": 6,
          "type": "mcq",
          "marks": {
            "cm": 4,
            "im": -1
          },
          "pdfData": [
            {
              "x1": 23.87,
              "x2": 591,
              "y1": 556.86,
              "y2": 755.14,
              "page": 1
            }
          ],
          "answerOptions": "4"
        },
        "7": {
          "que": 7,
          "type": "mcq",
          "marks": {
            "cm": 4,
            "im": -1
          },
          "pdfData": [
            {
              "x1": 23.87,
              "x2": 591,
              "y1": 75.61,
              "y2": 158.35,
              "page": 2
            }
          ],
          "answerOptions": "4"
        },
        "8": {
          "que": 8,
          "type": "mcq",
          "marks": {
            "cm": 4,
            "im": -1
          },
          "pdfData": [
            {
              "x1": 23.87,
              "x2": 591,
              "y1": 166.5,
              "y2": 232.17,
              "page": 2
            }
          ],
          "answerOptions": "4"
        },
        "9": {
          "que": 9,
          "type": "mcq",
          "marks": {
            "cm": 4,
            "im": -1
          },
          "pdfData": [
            {
              "x1": 23.87,
              "x2": 591,
              "y1": 241,
              "y2": 501.44,
              "page": 2
            }
          ],
          "answerOptions": "4"
        },
        "10": {
          "que": 10,
          "type": "mcq",
          "marks": {
            "cm": 4,
            "im": -1
          },
          "pdfData": [
            {
              "x1": 23.87,
              "x2": 591,
              "y1": 510.67999999999995,
              "y2": 612.17,
              "page": 2
            }
          ],
          "answerOptions": "4"
        },
        "11": {
          "que": 11,
          "type": "mcq",
          "marks": {
            "cm": 4,
            "im": -1
          },
          "pdfData": [
            {
              "x1": 23.87,
              "x2": 591,
              "y1": 621.37,
              "y2": 761.31,
              "page": 2
            },
            {
              "x1": 23.87,
              "x2": 591,
              "y1": 68,
              "y2": 107.76,
              "page": 3
            }
          ],
          "answerOptions": "4"
        },
        "12": {
          "que": 12,
          "type": "mcq",
          "marks": {
            "cm": 4,
            "im": -1
          },
          "pdfData": [
            {
              "x1": 23.87,
              "x2": 591,
              "y1": 115.59,
              "y2": 188.16,
              "page": 3
            }
          ],
          "answerOptions": "4"
        },
        "13": {
          "que": 13,
          "type": "mcq",
          "marks": {
            "cm": 4,
            "im": -1
          },
          "pdfData": [
            {
              "x1": 23.87,
              "x2": 591,
              "y1": 194.07,
              "y2": 352.11,
              "page": 3
            }
          ],
          "answerOptions": "4"
        },
        "14": {
          "que": 14,
          "type": "mcq",
          "marks": {
            "cm": 4,
            "im": -1
          },
          "pdfData": [
            {
              "x1": 23.87,
              "x2": 591,
              "y1": 360.94,
              "y2": 426.2,
              "page": 3
            }
          ],
          "answerOptions": "4"
        },
        "15": {
          "que": 15,
          "type": "mcq",
          "marks": {
            "cm": 4,
            "im": -1
          },
          "pdfData": [
            {
              "x1": 23.87,
              "x2": 591,
              "y1": 435.41,
              "y2": 581.22,
              "page": 3
            }
          ],
          "answerOptions": "4"
        },
        "16": {
          "que": 16,
          "type": "mcq",
          "marks": {
            "cm": 4,
            "im": -1
          },
          "pdfData": [
            {
              "x1": 23.87,
              "x2": 591,
              "y1": 587.41,
              "y2": 653.08,
              "page": 3
            }
          ],
          "answerOptions": "4"
        },
        "17": {
          "que": 17,
          "type": "mcq",
          "marks": {
            "cm": 4,
            "im": -1
          },
          "pdfData": [
            {
              "x1": 23.87,
              "x2": 591,
              "y1": 661.91,
              "y2": 727.17,
              "page": 3
            }
          ],
          "answerOptions": "4"
        },
        "18": {
          "que": 18,
          "type": "mcq",
          "marks": {
            "cm": 4,
            "im": -1
          },
          "pdfData": [
            {
              "x1": 23.87,
              "x2": 591,
              "y1": 75.61,
              "y2": 274.39,
              "page": 4
            }
          ],
          "answerOptions": "4"
        },
        "19": {
          "que": 19,
          "type": "mcq",
          "marks": {
            "cm": 4,
            "im": -1
          },
          "pdfData": [
            {
              "x1": 23.85,
              "x2": 591,
              "y1": 283.62,
              "y2": 348.39,
              "page": 4
            }
          ],
          "answerOptions": "4"
        },
        "20": {
          "que": 20,
          "type": "mcq",
          "marks": {
            "cm": 4,
            "im": -1
          },
          "pdfData": [
            {
              "x1": 23.85,
              "x2": 591,
              "y1": 357.19,
              "y2": 544.32,
              "page": 4
            }
          ],
          "answerOptions": "4"
        }
      },
      "P-NUM": {
        "21": {
          "que": 21,
          "type": "nat",
          "marks": {
            "cm": 4,
            "im": -1
          },
          "pdfData": [
            {
              "x1": 23.87,
              "x2": 591,
              "y1": 553.14,
              "y2": 603.53,
              "page": 4
            }
          ]
        },
        "22": {
          "que": 22,
          "type": "nat",
          "marks": {
            "cm": 4,
            "im": -1
          },
          "pdfData": [
            {
              "x1": 23.87,
              "x2": 591,
              "y1": 612.74,
              "y2": 646.31,
              "page": 4
            },
            {
              "x1": 23.87,
              "x2": 591,
              "y1": 68,
              "y2": 272.4,
              "page": 5
            }
          ]
        },
        "23": {
          "que": 23,
          "type": "nat",
          "marks": {
            "cm": 4,
            "im": -1
          },
          "pdfData": [
            {
              "x1": 23.87,
              "x2": 591,
              "y1": 280.23,
              "y2": 331.25,
              "page": 5
            }
          ]
        },
        "24": {
          "que": 24,
          "type": "nat",
          "marks": {
            "cm": 4,
            "im": -1
          },
          "pdfData": [
            {
              "x1": 23.87,
              "x2": 591,
              "y1": 340.08,
              "y2": 392,
              "page": 5
            }
          ]
        },
        "25": {
          "que": 25,
          "type": "nat",
          "marks": {
            "cm": 4,
            "im": -1
          },
          "pdfData": [
            {
              "x1": 23.87,
              "x2": 591,
              "y1": 398.21,
              "y2": 447.46,
              "page": 5
            }
          ]
        },
        "26": {
          "que": 26,
          "type": "nat",
          "marks": {
            "cm": 4,
            "im": -1
          },
          "pdfData": [
            {
              "x1": 23.87,
              "x2": 591,
              "y1": 456.3,
              "y2": 621.79,
              "page": 5
            }
          ]
        },
        "27": {
          "que": 27,
          "type": "nat",
          "marks": {
            "cm": 4,
            "im": -1
          },
          "pdfData": [
            {
              "x1": 23.87,
              "x2": 591,
              "y1": 630.38,
              "y2": 680.65,
              "page": 5
            }
          ]
        },
        "28": {
          "que": 28,
          "type": "nat",
          "marks": {
            "cm": 4,
            "im": -1
          },
          "pdfData": [
            {
              "x1": 23.87,
              "x2": 591,
              "y1": 75.61,
              "y2": 189.7,
              "page": 6
            }
          ]
        },
        "29": {
          "que": 29,
          "type": "nat",
          "marks": {
            "cm": 4,
            "im": -1
          },
          "pdfData": [
            {
              "x1": 23.87,
              "x2": 591,
              "y1": 198.53,
              "y2": 247.81,
              "page": 6
            }
          ]
        },
        "30": {
          "que": 30,
          "type": "nat",
          "marks": {
            "cm": 4,
            "im": -1
          },
          "pdfData": [
            {
              "x1": 23.87,
              "x2": 591,
              "y1": 256.66,
              "y2": 289.53,
              "page": 6
            }
          ]
        }
      }
    },
    "Chemistry": {
      "C-MCQ": {
        "31": {
          "que": 31,
          "type": "mcq",
          "marks": {
            "cm": 4,
            "im": -1
          },
          "pdfData": [
            {
              "x1": 23.87,
              "x2": 591,
              "y1": 298.36,
              "y2": 364.71,
              "page": 6
            }
          ],
          "answerOptions": "4"
        },
        "32": {
          "que": 32,
          "type": "mcq",
          "marks": {
            "cm": 4,
            "im": -1
          },
          "pdfData": [
            {
              "x1": 23.87,
              "x2": 591,
              "y1": 372.86,
              "y2": 470.91,
              "page": 6
            }
          ],
          "answerOptions": "4"
        },
        "33": {
          "que": 33,
          "type": "mcq",
          "marks": {
            "cm": 4,
            "im": -1
          },
          "pdfData": [
            {
              "x1": 23.87,
              "x2": 591,
              "y1": 480.14,
              "y2": 565.24,
              "page": 6
            }
          ],
          "answerOptions": "4"
        },
        "34": {
          "que": 34,
          "type": "mcq",
          "marks": {
            "cm": 4,
            "im": -1
          },
          "pdfData": [
            {
              "x1": 23.87,
              "x2": 591,
              "y1": 570.04,
              "y2": 652.69,
              "page": 6
            }
          ],
          "answerOptions": "4"
        },
        "35": {
          "que": 35,
          "type": "mcq",
          "marks": {
            "cm": 4,
            "im": -1
          },
          "pdfData": [
            {
              "x1": 23.87,
              "x2": 591,
              "y1": 661.92,
              "y2": 743.61,
              "page": 6
            },
            {
              "x1": 23.87,
              "x2": 591,
              "y1": 68,
              "y2": 140.14,
              "page": 7
            }
          ],
          "answerOptions": "4"
        },
        "36": {
          "que": 36,
          "type": "mcq",
          "marks": {
            "cm": 4,
            "im": -1
          },
          "pdfData": [
            {
              "x1": 23.87,
              "x2": 591,
              "y1": 149.37,
              "y2": 232.1,
              "page": 7
            }
          ],
          "answerOptions": "4"
        },
        "37": {
          "que": 37,
          "type": "mcq",
          "marks": {
            "cm": 4,
            "im": -1
          },
          "pdfData": [
            {
              "x1": 23.87,
              "x2": 591,
              "y1": 240.26,
              "y2": 305.52,
              "page": 7
            }
          ],
          "answerOptions": "4"
        },
        "38": {
          "que": 38,
          "type": "mcq",
          "marks": {
            "cm": 4,
            "im": -1
          },
          "pdfData": [
            {
              "x1": 23.87,
              "x2": 591,
              "y1": 314.73,
              "y2": 363.63,
              "page": 7
            }
          ],
          "answerOptions": "4"
        },
        "39": {
          "que": 39,
          "type": "mcq",
          "marks": {
            "cm": 4,
            "im": -1
          },
          "pdfData": [
            {
              "x1": 23.87,
              "x2": 591,
              "y1": 372.87,
              "y2": 503.7,
              "page": 7
            }
          ],
          "answerOptions": "4"
        },
        "40": {
          "que": 40,
          "type": "mcq",
          "marks": {
            "cm": 4,
            "im": -1
          },
          "pdfData": [
            {
              "x1": 23.87,
              "x2": 591,
              "y1": 511.92999999999995,
              "y2": 648.62,
              "page": 7
            }
          ],
          "answerOptions": "4"
        },
        "41": {
          "que": 41,
          "type": "mcq",
          "marks": {
            "cm": 4,
            "im": -1
          },
          "pdfData": [
            {
              "x1": 23.87,
              "x2": 591,
              "y1": 657.43,
              "y2": 752.5,
              "page": 7
            },
            {
              "x1": 23.87,
              "x2": 591,
              "y1": 68,
              "y2": 109.93,
              "page": 8
            }
          ],
          "answerOptions": "4"
        },
        "42": {
          "que": 42,
          "type": "mcq",
          "marks": {
            "cm": 4,
            "im": -1
          },
          "pdfData": [
            {
              "x1": 23.87,
              "x2": 591,
              "y1": 119.14,
              "y2": 165.87,
              "page": 8
            }
          ],
          "answerOptions": "4"
        },
        "43": {
          "que": 43,
          "type": "mcq",
          "marks": {
            "cm": 4,
            "im": -1
          },
          "pdfData": [
            {
              "x1": 23.86,
              "x2": 591,
              "y1": 173.7,
              "y2": 240.37,
              "page": 8
            }
          ],
          "answerOptions": "4"
        },
        "44": {
          "que": 44,
          "type": "mcq",
          "marks": {
            "cm": 4,
            "im": -1
          },
          "pdfData": [
            {
              "x1": 23.86,
              "x2": 591,
              "y1": 249.2,
              "y2": 298.07,
              "page": 8
            }
          ],
          "answerOptions": "4"
        },
        "45": {
          "que": 45,
          "type": "mcq",
          "marks": {
            "cm": 4,
            "im": -1
          },
          "pdfData": [
            {
              "x1": 23.86,
              "x2": 591,
              "y1": 307.31,
              "y2": 375.15,
              "page": 8
            }
          ],
          "answerOptions": "4"
        },
        "46": {
          "que": 46,
          "type": "mcq",
          "marks": {
            "cm": 4,
            "im": -1
          },
          "pdfData": [
            {
              "x1": 23.86,
              "x2": 591,
              "y1": 381.81,
              "y2": 431.77,
              "page": 8
            }
          ],
          "answerOptions": "4"
        },
        "47": {
          "que": 47,
          "type": "mcq",
          "marks": {
            "cm": 4,
            "im": -1
          },
          "pdfData": [
            {
              "x1": 23.86,
              "x2": 591,
              "y1": 439.92,
              "y2": 524.16,
              "page": 8
            }
          ],
          "answerOptions": "4"
        },
        "48": {
          "que": 48,
          "type": "mcq",
          "marks": {
            "cm": 4,
            "im": -1
          },
          "pdfData": [
            {
              "x1": 23.86,
              "x2": 591,
              "y1": 531.69,
              "y2": 639.89,
              "page": 8
            },
            {
              "x1": 23.87,
              "x2": 591,
              "y1": 68,
              "y2": 314.34,
              "page": 9
            }
          ],
          "answerOptions": "4"
        },
        "49": {
          "que": 49,
          "type": "mcq",
          "marks": {
            "cm": 4,
            "im": -1
          },
          "pdfData": [
            {
              "x1": 23.87,
              "x2": 591,
              "y1": 325.92,
              "y2": 562.41,
              "page": 9
            }
          ],
          "answerOptions": "4"
        },
        "50": {
          "que": 50,
          "type": "mcq",
          "marks": {
            "cm": 4,
            "im": -1
          },
          "pdfData": [
            {
              "x1": 23.87,
              "x2": 591,
              "y1": 574,
              "y2": 622.87,
              "page": 9
            }
          ],
          "answerOptions": "4"
        }
      },
      "C-NUM": {
        "51": {
          "que": 51,
          "type": "nat",
          "marks": {
            "cm": 4,
            "im": -1
          },
          "pdfData": [
            {
              "x1": 23.87,
              "x2": 591,
              "y1": 632.11,
              "y2": 665.01,
              "page": 9
            }
          ]
        },
        "52": {
          "que": 52,
          "type": "nat",
          "marks": {
            "cm": 4,
            "im": -1
          },
          "pdfData": [
            {
              "x1": 23.87,
              "x2": 591,
              "y1": 672.84,
              "y2": 706.73,
              "page": 9
            }
          ]
        },
        "53": {
          "que": 53,
          "type": "nat",
          "marks": {
            "cm": 4,
            "im": -1
          },
          "pdfData": [
            {
              "x1": 23.87,
              "x2": 591,
              "y1": 713.82,
              "y2": 734.23,
              "page": 9
            }
          ]
        },
        "54": {
          "que": 54,
          "type": "nat",
          "marks": {
            "cm": 4,
            "im": -1
          },
          "pdfData": [
            {
              "x1": 23.87,
              "x2": 591,
              "y1": 74.62,
              "y2": 108.5,
              "page": 10
            }
          ]
        },
        "55": {
          "que": 55,
          "type": "nat",
          "marks": {
            "cm": 4,
            "im": -1
          },
          "pdfData": [
            {
              "x1": 23.87,
              "x2": 591,
              "y1": 117.33,
              "y2": 183,
              "page": 10
            }
          ]
        },
        "56": {
          "que": 56,
          "type": "nat",
          "marks": {
            "cm": 4,
            "im": -1
          },
          "pdfData": [
            {
              "x1": 23.87,
              "x2": 591,
              "y1": 191.83,
              "y2": 304.03,
              "page": 10
            }
          ]
        },
        "57": {
          "que": 57,
          "type": "nat",
          "marks": {
            "cm": 4,
            "im": -1
          },
          "pdfData": [
            {
              "x1": 23.87,
              "x2": 591,
              "y1": 311.53,
              "y2": 362.55,
              "page": 10
            }
          ]
        },
        "58": {
          "que": 58,
          "type": "nat",
          "marks": {
            "cm": 4,
            "im": -1
          },
          "pdfData": [
            {
              "x1": 23.87,
              "x2": 591,
              "y1": 371.39,
              "y2": 478.23,
              "page": 10
            }
          ]
        },
        "59": {
          "que": 59,
          "type": "nat",
          "marks": {
            "cm": 4,
            "im": -1
          },
          "pdfData": [
            {
              "x1": 23.87,
              "x2": 591,
              "y1": 489.81,
              "y2": 620.63,
              "page": 10
            }
          ]
        },
        "60": {
          "que": 60,
          "type": "nat",
          "marks": {
            "cm": 4,
            "im": -1
          },
          "pdfData": [
            {
              "x1": 23.87,
              "x2": 591,
              "y1": 629.87,
              "y2": 738.34,
              "page": 10
            },
            {
              "x1": 23.87,
              "x2": 591,
              "y1": 68,
              "y2": 107.76,
              "page": 11
            }
          ]
        }
      }
    },
    "Mathematics": {
      "M-MCQ": {
        "61": {
          "que": 61,
          "type": "mcq",
          "marks": {
            "cm": 4,
            "im": -1
          },
          "pdfData": [
            {
              "x1": 23.87,
              "x2": 591,
              "y1": 116.59,
              "y2": 269.03,
              "page": 11
            }
          ],
          "answerOptions": "4"
        },
        "62": {
          "que": 62,
          "type": "mcq",
          "marks": {
            "cm": 4,
            "im": -1
          },
          "pdfData": [
            {
              "x1": 23.87,
              "x2": 591,
              "y1": 277.25,
              "y2": 346.89,
              "page": 11
            }
          ],
          "answerOptions": "4"
        },
        "63": {
          "que": 63,
          "type": "mcq",
          "marks": {
            "cm": 4,
            "im": -1
          },
          "pdfData": [
            {
              "x1": 23.87,
              "x2": 591,
              "y1": 355.39,
              "y2": 416.88,
              "page": 11
            }
          ],
          "answerOptions": "4"
        },
        "64": {
          "que": 64,
          "type": "mcq",
          "marks": {
            "cm": 4,
            "im": -1
          },
          "pdfData": [
            {
              "x1": 23.87,
              "x2": 591,
              "y1": 424.23,
              "y2": 505.93,
              "page": 11
            }
          ],
          "answerOptions": "4"
        },
        "65": {
          "que": 65,
          "type": "mcq",
          "marks": {
            "cm": 4,
            "im": -1
          },
          "pdfData": [
            {
              "x1": 23.86,
              "x2": 591,
              "y1": 515.16,
              "y2": 580.81,
              "page": 11
            }
          ],
          "answerOptions": "4"
        },
        "66": {
          "que": 66,
          "type": "mcq",
          "marks": {
            "cm": 4,
            "im": -1
          },
          "pdfData": [
            {
              "x1": 23.86,
              "x2": 591,
              "y1": 589.66,
              "y2": 654.93,
              "page": 11
            }
          ],
          "answerOptions": "4"
        },
        "67": {
          "que": 67,
          "type": "mcq",
          "marks": {
            "cm": 4,
            "im": -1
          },
          "pdfData": [
            {
              "x1": 23.86,
              "x2": 591,
              "y1": 664.16,
              "y2": 745.82,
              "page": 11
            }
          ],
          "answerOptions": "4"
        },
        "68": {
          "que": 68,
          "type": "mcq",
          "marks": {
            "cm": 4,
            "im": -1
          },
          "pdfData": [
            {
              "x1": 23.87,
              "x2": 591,
              "y1": 75.61,
              "y2": 141.62,
              "page": 12
            }
          ],
          "answerOptions": "4"
        },
        "69": {
          "que": 69,
          "type": "mcq",
          "marks": {
            "cm": 4,
            "im": -1
          },
          "pdfData": [
            {
              "x1": 23.87,
              "x2": 591,
              "y1": 148.76,
              "y2": 227.3,
              "page": 12
            }
          ],
          "answerOptions": "4"
        },
        "70": {
          "que": 70,
          "type": "mcq",
          "marks": {
            "cm": 4,
            "im": -1
          },
          "pdfData": [
            {
              "x1": 23.87,
              "x2": 591,
              "y1": 236.53,
              "y2": 301.8,
              "page": 12
            }
          ],
          "answerOptions": "4"
        },
        "71": {
          "que": 71,
          "type": "mcq",
          "marks": {
            "cm": 4,
            "im": -1
          },
          "pdfData": [
            {
              "x1": 23.87,
              "x2": 591,
              "y1": 308.19,
              "y2": 378.53,
              "page": 12
            }
          ],
          "answerOptions": "4"
        },
        "72": {
          "que": 72,
          "type": "mcq",
          "marks": {
            "cm": 4,
            "im": -1
          },
          "pdfData": [
            {
              "x1": 23.87,
              "x2": 591,
              "y1": 386.02,
              "y2": 437.39,
              "page": 12
            }
          ],
          "answerOptions": "4"
        },
        "73": {
          "que": 73,
          "type": "mcq",
          "marks": {
            "cm": 4,
            "im": -1
          },
          "pdfData": [
            {
              "x1": 23.87,
              "x2": 591,
              "y1": 446.62,
              "y2": 528.28,
              "page": 12
            }
          ],
          "answerOptions": "4"
        },
        "74": {
          "que": 74,
          "type": "mcq",
          "marks": {
            "cm": 4,
            "im": -1
          },
          "pdfData": [
            {
              "x1": 23.87,
              "x2": 591,
              "y1": 534.65,
              "y2": 619.91,
              "page": 12
            }
          ],
          "answerOptions": "4"
        },
        "75": {
          "que": 75,
          "type": "mcq",
          "marks": {
            "cm": 4,
            "im": -1
          },
          "pdfData": [
            {
              "x1": 23.87,
              "x2": 591,
              "y1": 627.39,
              "y2": 684.3,
              "page": 12
            }
          ],
          "answerOptions": "4"
        },
        "76": {
          "que": 76,
          "type": "mcq",
          "marks": {
            "cm": 4,
            "im": -1
          },
          "pdfData": [
            {
              "x1": 23.87,
              "x2": 591,
              "y1": 688.47,
              "y2": 742.14,
              "page": 12
            }
          ],
          "answerOptions": "4"
        },
        "77": {
          "que": 77,
          "type": "mcq",
          "marks": {
            "cm": 4,
            "im": -1
          },
          "pdfData": [
            {
              "x1": 23.87,
              "x2": 591,
              "y1": 747.33,
              "y2": 768.48,
              "page": 12
            },
            {
              "x1": 23.87,
              "x2": 591,
              "y1": 68,
              "y2": 107.76,
              "page": 13
            }
          ],
          "answerOptions": "4"
        },
        "78": {
          "que": 78,
          "type": "mcq",
          "marks": {
            "cm": 4,
            "im": -1
          },
          "pdfData": [
            {
              "x1": 23.87,
              "x2": 591,
              "y1": 114.85,
              "y2": 183.34,
              "page": 13
            }
          ],
          "answerOptions": "4"
        },
        "79": {
          "que": 79,
          "type": "mcq",
          "marks": {
            "cm": 4,
            "im": -1
          },
          "pdfData": [
            {
              "x1": 23.87,
              "x2": 591,
              "y1": 190.83,
              "y2": 257.84000000000003,
              "page": 13
            }
          ],
          "answerOptions": "4"
        },
        "80": {
          "que": 80,
          "type": "mcq",
          "marks": {
            "cm": 4,
            "im": -1
          },
          "pdfData": [
            {
              "x1": 23.87,
              "x2": 591,
              "y1": 264.23,
              "y2": 336.4,
              "page": 13
            }
          ],
          "answerOptions": "4"
        }
      },
      "M-NUM": {
        "81": {
          "que": 81,
          "type": "nat",
          "marks": {
            "cm": 4,
            "im": -1
          },
          "pdfData": [
            {
              "x1": 23.87,
              "x2": 591,
              "y1": 342.32,
              "y2": 358.42,
              "page": 13
            }
          ]
        },
        "82": {
          "que": 82,
          "type": "nat",
          "marks": {
            "cm": 4,
            "im": -1
          },
          "pdfData": [
            {
              "x1": 23.87,
              "x2": 591,
              "y1": 367.65,
              "y2": 418.35,
              "page": 13
            }
          ]
        },
        "83": {
          "que": 83,
          "type": "nat",
          "marks": {
            "cm": 4,
            "im": -1
          },
          "pdfData": [
            {
              "x1": 23.87,
              "x2": 591,
              "y1": 423.26,
              "y2": 445.91,
              "page": 13
            }
          ]
        },
        "84": {
          "que": 84,
          "type": "nat",
          "marks": {
            "cm": 4,
            "im": -1
          },
          "pdfData": [
            {
              "x1": 23.87,
              "x2": 591,
              "y1": 448.98,
              "y2": 484.71,
              "page": 13
            }
          ]
        },
        "85": {
          "que": 85,
          "type": "nat",
          "marks": {
            "cm": 4,
            "im": -1
          },
          "pdfData": [
            {
              "x1": 23.87,
              "x2": 591,
              "y1": 491.8,
              "y2": 528.66,
              "page": 13
            }
          ]
        },
        "86": {
          "que": 86,
          "type": "nat",
          "marks": {
            "cm": 4,
            "im": -1
          },
          "pdfData": [
            {
              "x1": 23.87,
              "x2": 591,
              "y1": 537.51,
              "y2": 586.41,
              "page": 13
            }
          ]
        },
        "87": {
          "que": 87,
          "type": "nat",
          "marks": {
            "cm": 4,
            "im": -1
          },
          "pdfData": [
            {
              "x1": 23.87,
              "x2": 591,
              "y1": 595.62,
              "y2": 612.1,
              "page": 13
            }
          ]
        },
        "88": {
          "que": 88,
          "type": "nat",
          "marks": {
            "cm": 4,
            "im": -1
          },
          "pdfData": [
            {
              "x1": 23.87,
              "x2": 591,
              "y1": 620.95,
              "y2": 655.99,
              "page": 13
            }
          ]
        },
        "89": {
          "que": 89,
          "type": "nat",
          "marks": {
            "cm": 4,
            "im": -1
          },
          "pdfData": [
            {
              "x1": 23.87,
              "x2": 591,
              "y1": 659.82,
              "y2": 679.16,
              "page": 13
            }
          ]
        },
        "90": {
          "que": 90,
          "type": "nat",
          "marks": {
            "cm": 4,
            "im": -1
          },
          "pdfData": [
            {
              "x1": 23.87,
              "x2": 591,
              "y1": 684.4,
              "y2": 726.09,
              "page": 13
            }
          ]
        }
      }
    }
  },
  "appVersion": "1.22.1",
  "generatedBy": "answerKeyPage",
  "generatedBasedOn": "pdfCropperPage",
  "testAnswerKey": {
    "Physics": {
      "P-MCQ": {
        "1": [
          2
        ],
        "2": [
          3
        ],
        "3": [
          4
        ],
        "4": [
          2
        ],
        "5": [
          4
        ],
        "6": [
          4
        ],
        "7": [
          4
        ],
        "8": [
          1
        ],
        "9": [
          2
        ],
        "10": [
          3
        ],
        "11": [
          2
        ],
        "12": [
          2
        ],
        "13": [
          2
        ],
        "14": [
          1
        ],
        "15": [
          4
        ],
        "16": [
          2
        ],
        "17": [
          2
        ],
        "18": [
          4
        ],
        "19": [
          2
        ],
        "20": [
          3
        ]
      },
      "P-NUM": {
        "21": "19",
        "22": "240",
        "23": "600",
        "24": "86",
        "25": "4",
        "26": "5",
        "27": "5",
        "28": "50",
        "29": "10",
        "30": "727"
      }
    },
    "Chemistry": {
      "C-MCQ": {
        "31": [
          3
        ],
        "32": [
          2
        ],
        "33": [
          4
        ],
        "34": [
          3
        ],
        "35": [
          3
        ],
        "36": [
          3
        ],
        "37": [
          2
        ],
        "38": [
          4
        ],
        "39": [
          2
        ],
        "40": [
          2
        ],
        "41": [
          1
        ],
        "42": [
          2
        ],
        "43": [
          3
        ],
        "44": [
          2
        ],
        "45": [
          3
        ],
        "46": [
          2
        ],
        "47": [
          3
        ],
        "48": [
          1
        ],
        "49": [
          4
        ],
        "50": [
          2
        ]
      },
      "C-NUM": {
        "51": "80",
        "52": "22",
        "53": "8",
        "54": "150",
        "55": "25",
        "56": "3",
        "57": "5",
        "58": "2",
        "59": "14",
        "60": "6"
      }
    },
    "Mathematics": {
      "M-MCQ": {
        "61": [
          1
        ],
        "62": [
          2
        ],
        "63": [
          3
        ],
        "64": [
          2
        ],
        "65": [
          2
        ],
        "66": [
          3
        ],
        "67": [
          1
        ],
        "68": [
          4
        ],
        "69": [
          3
        ],
        "70": [
          2
        ],
        "71": [
          1
        ],
        "72": [
          4
        ],
        "73": [
          1
        ],
        "74": [
          4
        ],
        "75": [
          4
        ],
        "76": [
          1
        ],
        "77": [
          3
        ],
        "78": [
          4
        ],
        "79": [
          4
        ],
        "80": [
          2
        ]
      },
      "M-NUM": {
        "81": "125",
        "82": "910",
        "83": "54",
        "84": "108",
        "85": "24",
        "86": "56",
        "87": "3",
        "88": "18",
        "89": "72",
        "90": "30"
      }
    }
  }
}