{
  "testConfig": {
    "optionalQuestions": [
      {
        "subject": "Physics",
        "section": "P-NUM",
        "count": 5
      },
      {
        "subject": "Chemistry",
        "section": "C-NUM",
        "count": 5
      },
      {
        "subject": "Mathematics",
        "section": "M-NUM",
        "count": 5
      }
    ],
    "pdfFileHash": "9671b8051cdff50267d356a623c814d8c030c2938ebd103eaa3cd998be836f85"
  },
  "pdfCropperData": {
    "Physics": {
      "P-MCQ": {
        "1": {
          "que": 1,
          "type": "mcq",
          "marks": {
            "cm": 4,
            "im": -1
          },
          "pdfData": [
            {
              "x1": 33.12,
              "x2": 591,
              "y1": 76.7,
              "y2": 162.96,
              "page": 1
            }
          ],
          "answerOptions": "4"
        },
        "2": {
          "que": 2,
          "type": "mcq",
          "marks": {
            "cm": 4,
            "im": -1
          },
          "pdfData": [
            {
              "x1": 33.12,
              "x2": 591,
              "y1": 167.95,
              "y2": 218.53,
              "page": 1
            }
          ],
          "answerOptions": "4"
        },
        "3": {
          "que": 3,
          "type": "mcq",
          "marks": {
            "cm": 4,
            "im": -1
          },
          "pdfData": [
            {
              "x1": 33.12,
              "x2": 591,
              "y1": 227.2,
              "y2": 277.03,
              "page": 1
            }
          ],
          "answerOptions": "4"
        },
        "4": {
          "que": 4,
          "type": "mcq",
          "marks": {
            "cm": 4,
            "im": -1
          },
          "pdfData": [
            {
              "x1": 33.12,
              "x2": 591,
              "y1": 285.7,
              "y2": 384.62,
              "page": 1
            }
          ],
          "answerOptions": "4"
        },
        "5": {
          "que": 5,
          "type": "mcq",
          "marks": {
            "cm": 4,
            "im": -1
          },
          "pdfData": [
            {
              "x1": 33.12,
              "x2": 591,
              "y1": 393.95,
              "y2": 650,
              "page": 1
            }
          ],
          "answerOptions": "4"
        },
        "6": {
          "que": 6,
          "type": "mcq",
          "marks": {
            "cm": 4,
            "im": -1
          },
          "pdfData": [
            {
              "x1": 33.12,
              "x2": 591,
              "y1": 661.7,
              "y2": 735.21,
              "page": 1
            }
          ],
          "answerOptions": "4"
        },
        "7": {
          "que": 7,
          "type": "mcq",
          "marks": {
            "cm": 4,
            "im": -1
          },
          "pdfData": [
            {
              "x1": 33.12,
              "x2": 591,
              "y1": 75.95,
              "y2": 147.21,
              "page": 2
            }
          ],
          "answerOptions": "4"
        },
        "8": {
          "que": 8,
          "type": "mcq",
          "marks": {
            "cm": 4,
            "im": -1
          },
          "pdfData": [
            {
              "x1": 33.12,
              "x2": 591,
              "y1": 153.2,
              "y2": 388.37,
              "page": 2
            }
          ],
          "answerOptions": "4"
        },
        "9": {
          "que": 9,
          "type": "mcq",
          "marks": {
            "cm": 4,
            "im": -1
          },
          "pdfData": [
            {
              "x1": 33.12,
              "x2": 591,
              "y1": 397.7,
              "y2": 463.78,
              "page": 2
            }
          ],
          "answerOptions": "4"
        },
        "10": {
          "que": 10,
          "type": "mcq",
          "marks": {
            "cm": 4,
            "im": -1
          },
          "pdfData": [
            {
              "x1": 33.12,
              "x2": 591,
              "y1": 471.7,
              "y2": 538.78,
              "page": 2
            }
          ],
          "answerOptions": "4"
        },
        "11": {
          "que": 11,
          "type": "mcq",
          "marks": {
            "cm": 4,
            "im": -1
          },
          "pdfData": [
            {
              "x1": 33.12,
              "x2": 591,
              "y1": 547.7,
              "y2": 713.46,
              "page": 2
            }
          ],
          "answerOptions": "4"
        },
        "12": {
          "que": 12,
          "type": "mcq",
          "marks": {
            "cm": 4,
            "im": -1
          },
          "pdfData": [
            {
              "x1": 33.12,
              "x2": 591,
              "y1": 720.7,
              "y2": 754.37,
              "page": 2
            },
            {
              "x1": 33.12,
              "x2": 591,
              "y1": 68,
              "y2": 332,
              "page": 3
            }
          ],
          "answerOptions": "4"
        },
        "13": {
          "que": 13,
          "type": "mcq",
          "marks": {
            "cm": 4,
            "im": -1
          },
          "pdfData": [
            {
              "x1": 33.12,
              "x2": 591,
              "y1": 343.7,
              "y2": 426.28,
              "page": 3
            }
          ],
          "answerOptions": "4"
        },
        "14": {
          "que": 14,
          "type": "mcq",
          "marks": {
            "cm": 4,
            "im": -1
          },
          "pdfData": [
            {
              "x1": 33.12,
              "x2": 591,
              "y1": 435.2,
              "y2": 517.37,
              "page": 3
            }
          ],
          "answerOptions": "4"
        },
        "15": {
          "que": 15,
          "type": "mcq",
          "marks": {
            "cm": 4,
            "im": -1
          },
          "pdfData": [
            {
              "x1": 33.12,
              "x2": 591,
              "y1": 526.7,
              "y2": 608.87,
              "page": 3
            }
          ],
          "answerOptions": "4"
        },
        "16": {
          "que": 16,
          "type": "mcq",
          "marks": {
            "cm": 4,
            "im": -1
          },
          "pdfData": [
            {
              "x1": 33.12,
              "x2": 591,
              "y1": 614.59,
              "y2": 700.01,
              "page": 3
            }
          ],
          "answerOptions": "4"
        },
        "17": {
          "que": 17,
          "type": "mcq",
          "marks": {
            "cm": 4,
            "im": -1
          },
          "pdfData": [
            {
              "x1": 33.12,
              "x2": 591,
              "y1": 706.7,
              "y2": 739.78,
              "page": 3
            },
            {
              "x1": 33.12,
              "x2": 591,
              "y1": 68,
              "y2": 108.28,
              "page": 4
            }
          ],
          "answerOptions": "4"
        },
        "18": {
          "que": 18,
          "type": "mcq",
          "marks": {
            "cm": 4,
            "im": -1
          },
          "pdfData": [
            {
              "x1": 33.12,
              "x2": 591,
              "y1": 117.2,
              "y2": 356.75,
              "page": 4
            }
          ],
          "answerOptions": "4"
        },
        "19": {
          "que": 19,
          "type": "mcq",
          "marks": {
            "cm": 4,
            "im": -1
          },
          "pdfData": [
            {
              "x1": 33.12,
              "x2": 591,
              "y1": 368.2,
              "y2": 437.46,
              "page": 4
            }
          ],
          "answerOptions": "4"
        },
        "20": {
          "que": 20,
          "type": "mcq",
          "marks": {
            "cm": 4,
            "im": -1
          },
          "pdfData": [
            {
              "x1": 33.12,
              "x2": 591,
              "y1": 443.45,
              "y2": 608.53,
              "page": 4
            }
          ],
          "answerOptions": "4"
        }
      },
      "P-NUM": {
        "21": {
          "que": 21,
          "type": "nat",
          "marks": {
            "cm": 4,
            "im": -1
          },
          "pdfData": [
            {
              "x1": 33.12,
              "x2": 591,
              "y1": 615.34,
              "y2": 667.78,
              "page": 4
            }
          ]
        },
        "22": {
          "que": 22,
          "type": "nat",
          "marks": {
            "cm": 4,
            "im": -1
          },
          "pdfData": [
            {
              "x1": 33.12,
              "x2": 591,
              "y1": 676.75,
              "y2": 729.21,
              "page": 4
            }
          ]
        },
        "23": {
          "que": 23,
          "type": "nat",
          "marks": {
            "cm": 4,
            "im": -1
          },
          "pdfData": [
            {
              "x1": 33.12,
              "x2": 591,
              "y1": 75.95,
              "y2": 109.03,
              "page": 5
            }
          ]
        },
        "24": {
          "que": 24,
          "type": "nat",
          "marks": {
            "cm": 4,
            "im": -1
          },
          "pdfData": [
            {
              "x1": 33.12,
              "x2": 591,
              "y1": 117.95,
              "y2": 153.96,
              "page": 5
            }
          ]
        },
        "25": {
          "que": 25,
          "type": "nat",
          "marks": {
            "cm": 4,
            "im": -1
          },
          "pdfData": [
            {
              "x1": 33.12,
              "x2": 591,
              "y1": 159.7,
              "y2": 226.03,
              "page": 5
            }
          ]
        },
        "26": {
          "que": 26,
          "type": "nat",
          "marks": {
            "cm": 4,
            "im": -1
          },
          "pdfData": [
            {
              "x1": 33.12,
              "x2": 591,
              "y1": 234.95,
              "y2": 401.15,
              "page": 5
            }
          ]
        },
        "27": {
          "que": 27,
          "type": "nat",
          "marks": {
            "cm": 4,
            "im": -1
          },
          "pdfData": [
            {
              "x1": 33.12,
              "x2": 591,
              "y1": 409.09,
              "y2": 591.5,
              "page": 5
            }
          ]
        },
        "28": {
          "que": 28,
          "type": "nat",
          "marks": {
            "cm": 4,
            "im": -1
          },
          "pdfData": [
            {
              "x1": 33.12,
              "x2": 591,
              "y1": 603.2,
              "y2": 635.87,
              "page": 5
            }
          ]
        },
        "29": {
          "que": 29,
          "type": "nat",
          "marks": {
            "cm": 4,
            "im": -1
          },
          "pdfData": [
            {
              "x1": 33.12,
              "x2": 591,
              "y1": 645.2,
              "y2": 694.37,
              "page": 5
            }
          ]
        },
        "30": {
          "que": 30,
          "type": "nat",
          "marks": {
            "cm": 4,
            "im": -1
          },
          "pdfData": [
            {
              "x1": 33.12,
              "x2": 591,
              "y1": 703.7,
              "y2": 753.28,
              "page": 5
            }
          ]
        }
      }
    },
    "Chemistry": {
      "C-MCQ": {
        "31": {
          "que": 31,
          "type": "mcq",
          "marks": {
            "cm": 4,
            "im": -1
          },
          "pdfData": [
            {
              "x1": 33.12,
              "x2": 591,
              "y1": 75.95,
              "y2": 141.62,
              "page": 6
            }
          ],
          "answerOptions": "4"
        },
        "32": {
          "que": 32,
          "type": "mcq",
          "marks": {
            "cm": 4,
            "im": -1
          },
          "pdfData": [
            {
              "x1": 33.12,
              "x2": 591,
              "y1": 150.95,
              "y2": 217.03,
              "page": 6
            }
          ],
          "answerOptions": "4"
        },
        "33": {
          "que": 33,
          "type": "mcq",
          "marks": {
            "cm": 4,
            "im": -1
          },
          "pdfData": [
            {
              "x1": 33.12,
              "x2": 591,
              "y1": 225.95,
              "y2": 276.21,
              "page": 6
            }
          ],
          "answerOptions": "4"
        },
        "34": {
          "que": 34,
          "type": "mcq",
          "marks": {
            "cm": 4,
            "im": -1
          },
          "pdfData": [
            {
              "x1": 33.12,
              "x2": 591,
              "y1": 284.2,
              "y2": 350.12,
              "page": 6
            }
          ],
          "answerOptions": "4"
        },
        "35": {
          "que": 35,
          "type": "mcq",
          "marks": {
            "cm": 4,
            "im": -1
          },
          "pdfData": [
            {
              "x1": 33.12,
              "x2": 591,
              "y1": 359.45,
              "y2": 715.72,
              "page": 6
            }
          ],
          "answerOptions": "4"
        },
        "36": {
          "que": 36,
          "type": "mcq",
          "marks": {
            "cm": 4,
            "im": -1
          },
          "pdfData": [
            {
              "x1": 33.12,
              "x2": 591,
              "y1": 725.05,
              "y2": 741.22,
              "page": 6
            },
            {
              "x1": 33.12,
              "x2": 591,
              "y1": 68,
              "y2": 107.87,
              "page": 7
            }
          ],
          "answerOptions": "4"
        },
        "37": {
          "que": 37,
          "type": "mcq",
          "marks": {
            "cm": 4,
            "im": -1
          },
          "pdfData": [
            {
              "x1": 33.12,
              "x2": 591,
              "y1": 117.2,
              "y2": 199.37,
              "page": 7
            }
          ],
          "answerOptions": "4"
        },
        "38": {
          "que": 38,
          "type": "mcq",
          "marks": {
            "cm": 4,
            "im": -1
          },
          "pdfData": [
            {
              "x1": 33.12,
              "x2": 591,
              "y1": 208.7,
              "y2": 589.25,
              "page": 7
            }
          ],
          "answerOptions": "4"
        },
        "39": {
          "que": 39,
          "type": "mcq",
          "marks": {
            "cm": 4,
            "im": -1
          },
          "pdfData": [
            {
              "x1": 33.12,
              "x2": 591,
              "y1": 600.95,
              "y2": 666.62,
              "page": 7
            }
          ],
          "answerOptions": "4"
        },
        "40": {
          "que": 40,
          "type": "mcq",
          "marks": {
            "cm": 4,
            "im": -1
          },
          "pdfData": [
            {
              "x1": 33.12,
              "x2": 591,
              "y1": 674.95,
              "y2": 725.53,
              "page": 7
            }
          ],
          "answerOptions": "4"
        },
        "41": {
          "que": 41,
          "type": "mcq",
          "marks": {
            "cm": 4,
            "im": -1
          },
          "pdfData": [
            {
              "x1": 33.12,
              "x2": 591,
              "y1": 734.45,
              "y2": 767.12,
              "page": 7
            },
            {
              "x1": 33.12,
              "x2": 591,
              "y1": 68,
              "y2": 107.87,
              "page": 8
            }
          ],
          "answerOptions": "4"
        },
        "42": {
          "que": 42,
          "type": "mcq",
          "marks": {
            "cm": 4,
            "im": -1
          },
          "pdfData": [
            {
              "x1": 33.12,
              "x2": 591,
              "y1": 117.2,
              "y2": 184.71,
              "page": 8
            }
          ],
          "answerOptions": "4"
        },
        "43": {
          "que": 43,
          "type": "mcq",
          "marks": {
            "cm": 4,
            "im": -1
          },
          "pdfData": [
            {
              "x1": 33.12,
              "x2": 591,
              "y1": 192.95,
              "y2": 242.12,
              "page": 8
            }
          ],
          "answerOptions": "4"
        },
        "44": {
          "que": 44,
          "type": "mcq",
          "marks": {
            "cm": 4,
            "im": -1
          },
          "pdfData": [
            {
              "x1": 33.12,
              "x2": 591,
              "y1": 251.45,
              "y2": 333.62,
              "page": 8
            }
          ],
          "answerOptions": "4"
        },
        "45": {
          "que": 45,
          "type": "mcq",
          "marks": {
            "cm": 4,
            "im": -1
          },
          "pdfData": [
            {
              "x1": 33.12,
              "x2": 591,
              "y1": 342.95,
              "y2": 393.21,
              "page": 8
            }
          ],
          "answerOptions": "4"
        },
        "46": {
          "que": 46,
          "type": "mcq",
          "marks": {
            "cm": 4,
            "im": -1
          },
          "pdfData": [
            {
              "x1": 33.11,
              "x2": 591,
              "y1": 401.45,
              "y2": 529.37,
              "page": 8
            }
          ],
          "answerOptions": "4"
        },
        "47": {
          "que": 47,
          "type": "mcq",
          "marks": {
            "cm": 4,
            "im": -1
          },
          "pdfData": [
            {
              "x1": 33.12,
              "x2": 591,
              "y1": 538.7,
              "y2": 670.37,
              "page": 8
            }
          ],
          "answerOptions": "4"
        },
        "48": {
          "que": 48,
          "type": "mcq",
          "marks": {
            "cm": 4,
            "im": -1
          },
          "pdfData": [
            {
              "x1": 33.12,
              "x2": 591,
              "y1": 75.95,
              "y2": 379.25,
              "page": 9
            }
          ],
          "answerOptions": "4"
        },
        "49": {
          "que": 49,
          "type": "mcq",
          "marks": {
            "cm": 4,
            "im": -1
          },
          "pdfData": [
            {
              "x1": 33.12,
              "x2": 591,
              "y1": 390.95,
              "y2": 457.03,
              "page": 9
            }
          ],
          "answerOptions": "4"
        },
        "50": {
          "que": 50,
          "type": "mcq",
          "marks": {
            "cm": 4,
            "im": -1
          },
          "pdfData": [
            {
              "x1": 33.12,
              "x2": 591,
              "y1": 465.95,
              "y2": 719.75,
              "page": 9
            }
          ],
          "answerOptions": "4"
        }
      },
      "C-NUM": {
        "51": {
          "que": 51,
          "type": "nat",
          "marks": {
            "cm": 4,
            "im": -1
          },
          "pdfData": [
            {
              "x1": 33.12,
              "x2": 591,
              "y1": 730.45,
              "y2": 748.71,
              "page": 9
            }
          ]
        },
        "52": {
          "que": 52,
          "type": "nat",
          "marks": {
            "cm": 4,
            "im": -1
          },
          "pdfData": [
            {
              "x1": 33.12,
              "x2": 591,
              "y1": 75.95,
              "y2": 111.21,
              "page": 10
            }
          ]
        },
        "53": {
          "que": 53,
          "type": "nat",
          "marks": {
            "cm": 4,
            "im": -1
          },
          "pdfData": [
            {
              "x1": 33.12,
              "x2": 591,
              "y1": 117.95,
              "y2": 151.03,
              "page": 10
            }
          ]
        },
        "54": {
          "que": 54,
          "type": "nat",
          "marks": {
            "cm": 4,
            "im": -1
          },
          "pdfData": [
            {
              "x1": 33.12,
              "x2": 591,
              "y1": 159.95,
              "y2": 193.71,
              "page": 10
            }
          ]
        },
        "55": {
          "que": 55,
          "type": "nat",
          "marks": {
            "cm": 4,
            "im": -1
          },
          "pdfData": [
            {
              "x1": 33.12,
              "x2": 591,
              "y1": 201.95,
              "y2": 219.21,
              "page": 10
            }
          ]
        },
        "56": {
          "que": 56,
          "type": "nat",
          "marks": {
            "cm": 4,
            "im": -1
          },
          "pdfData": [
            {
              "x1": 33.12,
              "x2": 591,
              "y1": 226.45,
              "y2": 310.03,
              "page": 10
            }
          ]
        },
        "57": {
          "que": 57,
          "type": "nat",
          "marks": {
            "cm": 4,
            "im": -1
          },
          "pdfData": [
            {
              "x1": 33.12,
              "x2": 591,
              "y1": 318.95,
              "y2": 461.46,
              "page": 10
            }
          ]
        },
        "58": {
          "que": 58,
          "type": "nat",
          "marks": {
            "cm": 4,
            "im": -1
          },
          "pdfData": [
            {
              "x1": 33.12,
              "x2": 591,
              "y1": 468.95,
              "y2": 518.53,
              "page": 10
            }
          ]
        },
        "59": {
          "que": 59,
          "type": "nat",
          "marks": {
            "cm": 4,
            "im": -1
          },
          "pdfData": [
            {
              "x1": 33.12,
              "x2": 591,
              "y1": 75.95,
              "y2": 323,
              "page": 11
            }
          ]
        },
        "60": {
          "que": 60,
          "type": "nat",
          "marks": {
            "cm": 4,
            "im": -1
          },
          "pdfData": [
            {
              "x1": 33.12,
              "x2": 591,
              "y1": 334.7,
              "y2": 367.78,
              "page": 11
            }
          ]
        }
      }
    },
    "Mathematics": {
      "M-MCQ": {
        "61": {
          "que": 61,
          "type": "mcq",
          "marks": {
            "cm": 4,
            "im": -1
          },
          "pdfData": [
            {
              "x1": 33.12,
              "x2": 591,
              "y1": 373.84,
              "y2": 444.28,
              "page": 11
            }
          ],
          "answerOptions": "4"
        },
        "62": {
          "que": 62,
          "type": "mcq",
          "marks": {
            "cm": 4,
            "im": -1
          },
          "pdfData": [
            {
              "x1": 33.12,
              "x2": 591,
              "y1": 449.59,
              "y2": 518.87,
              "page": 11
            }
          ],
          "answerOptions": "4"
        },
        "63": {
          "que": 63,
          "type": "mcq",
          "marks": {
            "cm": 4,
            "im": -1
          },
          "pdfData": [
            {
              "x1": 33.12,
              "x2": 591,
              "y1": 528.2,
              "y2": 610.37,
              "page": 11
            }
          ],
          "answerOptions": "4"
        },
        "64": {
          "que": 64,
          "type": "mcq",
          "marks": {
            "cm": 4,
            "im": -1
          },
          "pdfData": [
            {
              "x1": 33.12,
              "x2": 591,
              "y1": 618.7,
              "y2": 685.37,
              "page": 11
            }
          ],
          "answerOptions": "4"
        },
        "65": {
          "que": 65,
          "type": "mcq",
          "marks": {
            "cm": 4,
            "im": -1
          },
          "pdfData": [
            {
              "x1": 33.12,
              "x2": 591,
              "y1": 692.2,
              "y2": 750.62,
              "page": 11
            }
          ],
          "answerOptions": "4"
        },
        "66": {
          "que": 66,
          "type": "mcq",
          "marks": {
            "cm": 4,
            "im": -1
          },
          "pdfData": [
            {
              "x1": 33.12,
              "x2": 591,
              "y1": 75.95,
              "y2": 142.03,
              "page": 12
            }
          ],
          "answerOptions": "4"
        },
        "67": {
          "que": 67,
          "type": "mcq",
          "marks": {
            "cm": 4,
            "im": -1
          },
          "pdfData": [
            {
              "x1": 33.12,
              "x2": 591,
              "y1": 148.09,
              "y2": 216.62,
              "page": 12
            }
          ],
          "answerOptions": "4"
        },
        "68": {
          "que": 68,
          "type": "mcq",
          "marks": {
            "cm": 4,
            "im": -1
          },
          "pdfData": [
            {
              "x1": 33.12,
              "x2": 591,
              "y1": 225.95,
              "y2": 295.01,
              "page": 12
            }
          ],
          "answerOptions": "4"
        },
        "69": {
          "que": 69,
          "type": "mcq",
          "marks": {
            "cm": 4,
            "im": -1
          },
          "pdfData": [
            {
              "x1": 33.12,
              "x2": 591,
              "y1": 299.59,
              "y2": 394.37,
              "page": 12
            }
          ],
          "answerOptions": "4"
        },
        "70": {
          "que": 70,
          "type": "mcq",
          "marks": {
            "cm": 4,
            "im": -1
          },
          "pdfData": [
            {
              "x1": 33.12,
              "x2": 591,
              "y1": 403.09,
              "y2": 501.21,
              "page": 12
            }
          ],
          "answerOptions": "4"
        },
        "71": {
          "que": 71,
          "type": "mcq",
          "marks": {
            "cm": 4,
            "im": -1
          },
          "pdfData": [
            {
              "x1": 33.12,
              "x2": 591,
              "y1": 504.52,
              "y2": 560.87,
              "page": 12
            }
          ],
          "answerOptions": "4"
        },
        "72": {
          "que": 72,
          "type": "mcq",
          "marks": {
            "cm": 4,
            "im": -1
          },
          "pdfData": [
            {
              "x1": 33.11,
              "x2": 591,
              "y1": 568.45,
              "y2": 637.37,
              "page": 12
            }
          ],
          "answerOptions": "4"
        },
        "73": {
          "que": 73,
          "type": "mcq",
          "marks": {
            "cm": 4,
            "im": -1
          },
          "pdfData": [
            {
              "x1": 33.11,
              "x2": 591,
              "y1": 642.82,
              "y2": 749.12,
              "page": 12
            }
          ],
          "answerOptions": "4"
        },
        "74": {
          "que": 74,
          "type": "mcq",
          "marks": {
            "cm": 4,
            "im": -1
          },
          "pdfData": [
            {
              "x1": 33.12,
              "x2": 591,
              "y1": 73.09,
              "y2": 141.62,
              "page": 13
            }
          ],
          "answerOptions": "4"
        },
        "75": {
          "que": 75,
          "type": "mcq",
          "marks": {
            "cm": 4,
            "im": -1
          },
          "pdfData": [
            {
              "x1": 33.12,
              "x2": 591,
              "y1": 148.84,
              "y2": 212.12,
              "page": 13
            }
          ],
          "answerOptions": "4"
        },
        "76": {
          "que": 76,
          "type": "mcq",
          "marks": {
            "cm": 4,
            "im": -1
          },
          "pdfData": [
            {
              "x1": 33.12,
              "x2": 591,
              "y1": 220.45,
              "y2": 303.62,
              "page": 13
            }
          ],
          "answerOptions": "4"
        },
        "77": {
          "que": 77,
          "type": "mcq",
          "marks": {
            "cm": 4,
            "im": -1
          },
          "pdfData": [
            {
              "x1": 33.12,
              "x2": 591,
              "y1": 309.34,
              "y2": 381.96,
              "page": 13
            }
          ],
          "answerOptions": "4"
        },
        "78": {
          "que": 78,
          "type": "mcq",
          "marks": {
            "cm": 4,
            "im": -1
          },
          "pdfData": [
            {
              "x1": 33.12,
              "x2": 591,
              "y1": 384.34,
              "y2": 477.96,
              "page": 13
            }
          ],
          "answerOptions": "4"
        },
        "79": {
          "que": 79,
          "type": "mcq",
          "marks": {
            "cm": 4,
            "im": -1
          },
          "pdfData": [
            {
              "x1": 33.12,
              "x2": 591,
              "y1": 486.2,
              "y2": 551.87,
              "page": 13
            }
          ],
          "answerOptions": "4"
        },
        "80": {
          "que": 80,
          "type": "mcq",
          "marks": {
            "cm": 4,
            "im": -1
          },
          "pdfData": [
            {
              "x1": 33.12,
              "x2": 591,
              "y1": 561.2,
              "y2": 646.76,
              "page": 13
            }
          ],
          "answerOptions": "4"
        }
      },
      "M-NUM": {
        "81": {
          "que": 81,
          "type": "nat",
          "marks": {
            "cm": 4,
            "im": -1
          },
          "pdfData": [
            {
              "x1": 33.11,
              "x2": 591,
              "y1": 650.2,
              "y2": 689.9,
              "page": 13
            }
          ]
        },
        "82": {
          "que": 82,
          "type": "nat",
          "marks": {
            "cm": 4,
            "im": -1
          },
          "pdfData": [
            {
              "x1": 33.11,
              "x2": 591,
              "y1": 693.34,
              "y2": 729.28,
              "page": 13
            }
          ]
        },
        "83": {
          "que": 83,
          "type": "nat",
          "marks": {
            "cm": 4,
            "im": -1
          },
          "pdfData": [
            {
              "x1": 33.12,
              "x2": 591,
              "y1": 75.95,
              "y2": 143.14,
              "page": 14
            }
          ]
        },
        "84": {
          "que": 84,
          "type": "nat",
          "marks": {
            "cm": 4,
            "im": -1
          },
          "pdfData": [
            {
              "x1": 33.12,
              "x2": 591,
              "y1": 149.2,
              "y2": 174.21,
              "page": 14
            }
          ]
        },
        "85": {
          "que": 85,
          "type": "nat",
          "marks": {
            "cm": 4,
            "im": -1
          },
          "pdfData": [
            {
              "x1": 33.12,
              "x2": 591,
              "y1": 181.7,
              "y2": 264.28,
              "page": 14
            }
          ]
        },
        "86": {
          "que": 86,
          "type": "nat",
          "marks": {
            "cm": 4,
            "im": -1
          },
          "pdfData": [
            {
              "x1": 33.12,
              "x2": 591,
              "y1": 271.09,
              "y2": 343.45,
              "page": 14
            }
          ]
        },
        "87": {
          "que": 87,
          "type": "nat",
          "marks": {
            "cm": 4,
            "im": -1
          },
          "pdfData": [
            {
              "x1": 33.12,
              "x2": 591,
              "y1": 339.45,
              "y2": 365.46,
              "page": 14
            }
          ]
        },
        "88": {
          "que": 88,
          "type": "nat",
          "marks": {
            "cm": 4,
            "im": -1
          },
          "pdfData": [
            {
              "x1": 33.12,
              "x2": 591,
              "y1": 370.45,
              "y2": 404.87,
              "page": 14
            }
          ]
        },
        "89": {
          "que": 89,
          "type": "nat",
          "marks": {
            "cm": 4,
            "im": -1
          },
          "pdfData": [
            {
              "x1": 33.12,
              "x2": 591,
              "y1": 412.09,
              "y2": 460.03,
              "page": 14
            }
          ]
        },
        "90": {
          "que": 90,
          "type": "nat",
          "marks": {
            "cm": 4,
            "im": -1
          },
          "pdfData": [
            {
              "x1": 33.12,
              "x2": 591,
              "y1": 467.2,
              "y2": 519.66,
              "page": 14
            }
          ]
        }
      }
    }
  },
  "appVersion": "1.22.1",
  "generatedBy": "answerKeyPage",
  "generatedBasedOn": "pdfCropperPage",
  "testAnswerKey": {
    "Physics": {
      "P-MCQ": {
        "1": [
          3
        ],
        "2": [
          1
        ],
        "3": [
          1
        ],
        "4": [
          1
        ],
        "5": [
          4
        ],
        "6": [
          1
        ],
        "7": [
          4
        ],
        "8": [
          2
        ],
        "9": [
          3
        ],
        "10": [
          3
        ],
        "11": [
          1
        ],
        "12": [
          3
        ],
        "13": [
          2
        ],
        "14": [
          1
        ],
        "15": [
          4
        ],
        "16": [
          4
        ],
        "17": [
          1
        ],
        "18": [
          2
        ],
        "19": [
          2
        ],
        "20": [
          1
        ]
      },
      "P-NUM": {
        "21": "6",
        "22": "7",
        "23": "5",
        "24": "7",
        "25": "16",
        "26": "1",
        "27": "50",
        "28": "8",
        "29": "9",
        "30": "7"
      }
    },
    "Chemistry": {
      "C-MCQ": {
        "31": [
          2
        ],
        "32": [
          1
        ],
        "33": [
          4
        ],
        "34": [
          3
        ],
        "35": [
          1
        ],
        "36": [
          4
        ],
        "37": [
          3
        ],
        "38": [
          3
        ],
        "39": [
          4
        ],
        "40": [
          4
        ],
        "41": [
          4
        ],
        "42": [
          1
        ],
        "43": [
          4
        ],
        "44": [
          1
        ],
        "45": [
          2
        ],
        "46": [
          4
        ],
        "47": [
          1
        ],
        "48": [
          1
        ],
        "49": [
          4
        ],
        "50": [
          1
        ]
      },
      "C-NUM": {
        "51": "8",
        "52": "2",
        "53": "125",
        "54": "8",
        "55": "9",
        "56": "707",
        "57": "100",
        "58": "4",
        "59": "1",
        "60": "45"
      }
    },
    "Mathematics": {
      "M-MCQ": {
        "61": [
          2
        ],
        "62": [
          4
        ],
        "63": [
          3
        ],
        "64": [
          1
        ],
        "65": [
          1
        ],
        "66": [
          3
        ],
        "67": [
          2
        ],
        "68": [
          1
        ],
        "69": [
          2
        ],
        "70": [
          2
        ],
        "71": [
          3
        ],
        "72": [
          2
        ],
        "73": [
          2
        ],
        "74": [
          4
        ],
        "75": [
          4
        ],
        "76": [
          3
        ],
        "77": [
          4
        ],
        "78": [
          1
        ],
        "79": [
          3
        ],
        "80": [
          1
        ]
      },
      "M-NUM": {
        "81": "8",
        "82": "72",
        "83": "233",
        "84": "100",
        "85": "45",
        "86": "27",
        "87": "8",
        "88": "7",
        "89": "54",
        "90": "48"
      }
    }
  }
}