{
  "testConfig": {
    "optionalQuestions": [
      {
        "subject": "Physics",
        "section": "P-NUM",
        "count": 5
      },
      {
        "subject": "Chemistry",
        "section": "C-NUM",
        "count": 5
      },
      {
        "subject": "Mathematics",
        "section": "M-NUM",
        "count": 5
      }
    ],
    "pdfFileHash": "ef8fbe1413aaec8a8e78612e235bdbc733c9a666ac744bb7ecee27297b4771fa"
  },
  "pdfCropperData": {
    "Physics": {
      "P-MCQ": {
        "1": {
          "que": 1,
          "type": "mcq",
          "marks": {
            "cm": 4,
            "im": -1
          },
          "pdfData": [
            {
              "x1": 33.12,
              "x2": 591,
              "y1": 76.09,
              "y2": 143.88,
              "page": 1
            }
          ],
          "answerOptions": "4"
        },
        "2": {
          "que": 2,
          "type": "mcq",
          "marks": {
            "cm": 4,
            "im": -1
          },
          "pdfData": [
            {
              "x1": 33.12,
              "x2": 591,
              "y1": 151.45,
              "y2": 234.28,
              "page": 1
            }
          ],
          "answerOptions": "4"
        },
        "3": {
          "que": 3,
          "type": "mcq",
          "marks": {
            "cm": 4,
            "im": -1
          },
          "pdfData": [
            {
              "x1": 34.1,
              "x2": 591,
              "y1": 243.2,
              "y2": 448.71,
              "page": 1
            }
          ],
          "answerOptions": "4"
        },
        "4": {
          "que": 4,
          "type": "mcq",
          "marks": {
            "cm": 4,
            "im": -1
          },
          "pdfData": [
            {
              "x1": 33.12,
              "x2": 591,
              "y1": 452.95,
              "y2": 521.53,
              "page": 1
            }
          ],
          "answerOptions": "4"
        },
        "5": {
          "que": 5,
          "type": "mcq",
          "marks": {
            "cm": 4,
            "im": -1
          },
          "pdfData": [
            {
              "x1": 33.12,
              "x2": 591,
              "y1": 530.45,
              "y2": 596.53,
              "page": 1
            }
          ],
          "answerOptions": "4"
        },
        "6": {
          "que": 6,
          "type": "mcq",
          "marks": {
            "cm": 4,
            "im": -1
          },
          "pdfData": [
            {
              "x1": 33.12,
              "x2": 591,
              "y1": 602.59,
              "y2": 688.03,
              "page": 1
            }
          ],
          "answerOptions": "4"
        },
        "7": {
          "que": 7,
          "type": "mcq",
          "marks": {
            "cm": 4,
            "im": -1
          },
          "pdfData": [
            {
              "x1": 33.12,
              "x2": 591,
              "y1": 695.95,
              "y2": 730.03,
              "page": 1
            },
            {
              "x1": 33.12,
              "x2": 591,
              "y1": 68,
              "y2": 235.03,
              "page": 2
            }
          ],
          "answerOptions": "4"
        },
        "8": {
          "que": 8,
          "type": "mcq",
          "marks": {
            "cm": 4,
            "im": -1
          },
          "pdfData": [
            {
              "x1": 33.12,
              "x2": 591,
              "y1": 242.95,
              "y2": 310.03,
              "page": 2
            }
          ],
          "answerOptions": "4"
        },
        "9": {
          "que": 9,
          "type": "mcq",
          "marks": {
            "cm": 4,
            "im": -1
          },
          "pdfData": [
            {
              "x1": 33.12,
              "x2": 591,
              "y1": 318.95,
              "y2": 446.75,
              "page": 2
            }
          ],
          "answerOptions": "4"
        },
        "10": {
          "que": 10,
          "type": "mcq",
          "marks": {
            "cm": 4,
            "im": -1
          },
          "pdfData": [
            {
              "x1": 33.12,
              "x2": 591,
              "y1": 453.2,
              "y2": 597.26,
              "page": 2
            }
          ],
          "answerOptions": "4"
        },
        "11": {
          "que": 11,
          "type": "mcq",
          "marks": {
            "cm": 4,
            "im": -1
          },
          "pdfData": [
            {
              "x1": 33.12,
              "x2": 591,
              "y1": 603.2,
              "y2": 687.28,
              "page": 2
            }
          ],
          "answerOptions": "4"
        },
        "12": {
          "que": 12,
          "type": "mcq",
          "marks": {
            "cm": 4,
            "im": -1
          },
          "pdfData": [
            {
              "x1": 33.12,
              "x2": 591,
              "y1": 696.2,
              "y2": 729.28,
              "page": 2
            },
            {
              "x1": 33.12,
              "x2": 591,
              "y1": 68,
              "y2": 208.03,
              "page": 3
            }
          ],
          "answerOptions": "4"
        },
        "13": {
          "que": 13,
          "type": "mcq",
          "marks": {
            "cm": 4,
            "im": -1
          },
          "pdfData": [
            {
              "x1": 33.12,
              "x2": 591,
              "y1": 215.92,
              "y2": 284.88,
              "page": 3
            }
          ],
          "answerOptions": "4"
        },
        "14": {
          "que": 14,
          "type": "mcq",
          "marks": {
            "cm": 4,
            "im": -1
          },
          "pdfData": [
            {
              "x1": 33.12,
              "x2": 591,
              "y1": 292.7,
              "y2": 439.03,
              "page": 3
            }
          ],
          "answerOptions": "4"
        },
        "15": {
          "que": 15,
          "type": "mcq",
          "marks": {
            "cm": 4,
            "im": -1
          },
          "pdfData": [
            {
              "x1": 33.12,
              "x2": 591,
              "y1": 447.95,
              "y2": 514.03,
              "page": 3
            }
          ],
          "answerOptions": "4"
        },
        "16": {
          "que": 16,
          "type": "mcq",
          "marks": {
            "cm": 4,
            "im": -1
          },
          "pdfData": [
            {
              "x1": 33.12,
              "x2": 591,
              "y1": 522.95,
              "y2": 588.62,
              "page": 3
            }
          ],
          "answerOptions": "4"
        },
        "17": {
          "que": 17,
          "type": "mcq",
          "marks": {
            "cm": 4,
            "im": -1
          },
          "pdfData": [
            {
              "x1": 33.12,
              "x2": 591,
              "y1": 597.95,
              "y2": 680.53,
              "page": 3
            }
          ],
          "answerOptions": "4"
        },
        "18": {
          "que": 18,
          "type": "mcq",
          "marks": {
            "cm": 4,
            "im": -1
          },
          "pdfData": [
            {
              "x1": 33.12,
              "x2": 591,
              "y1": 689.45,
              "y2": 758.13,
              "page": 3
            },
            {
              "x1": 33.12,
              "x2": 591,
              "y1": 68,
              "y2": 107.87,
              "page": 4
            }
          ],
          "answerOptions": "4"
        },
        "19": {
          "que": 19,
          "type": "mcq",
          "marks": {
            "cm": 4,
            "im": -1
          },
          "pdfData": [
            {
              "x1": 33.12,
              "x2": 591,
              "y1": 117.2,
              "y2": 287.12,
              "page": 4
            }
          ],
          "answerOptions": "4"
        },
        "20": {
          "que": 20,
          "type": "mcq",
          "marks": {
            "cm": 4,
            "im": -1
          },
          "pdfData": [
            {
              "x1": 33.12,
              "x2": 591,
              "y1": 296.45,
              "y2": 426.62,
              "page": 4
            }
          ],
          "answerOptions": "4"
        }
      },
      "P-NUM": {
        "21": {
          "que": 21,
          "type": "nat",
          "marks": {
            "cm": 4,
            "im": -1
          },
          "pdfData": [
            {
              "x1": 33.12,
              "x2": 591,
              "y1": 435.95,
              "y2": 471.28,
              "page": 4
            }
          ]
        },
        "22": {
          "que": 22,
          "type": "nat",
          "marks": {
            "cm": 4,
            "im": -1
          },
          "pdfData": [
            {
              "x1": 33.12,
              "x2": 591,
              "y1": 476.59,
              "y2": 497.88,
              "page": 4
            }
          ]
        },
        "23": {
          "que": 23,
          "type": "nat",
          "marks": {
            "cm": 4,
            "im": -1
          },
          "pdfData": [
            {
              "x1": 33.12,
              "x2": 591,
              "y1": 505.7,
              "y2": 542.46,
              "page": 4
            }
          ]
        },
        "24": {
          "que": 24,
          "type": "nat",
          "marks": {
            "cm": 4,
            "im": -1
          },
          "pdfData": [
            {
              "x1": 33.12,
              "x2": 591,
              "y1": 548.2,
              "y2": 582.28,
              "page": 4
            }
          ]
        },
        "25": {
          "que": 25,
          "type": "nat",
          "marks": {
            "cm": 4,
            "im": -1
          },
          "pdfData": [
            {
              "x1": 33.12,
              "x2": 591,
              "y1": 590.2,
              "y2": 627.21,
              "page": 4
            }
          ]
        },
        "26": {
          "que": 26,
          "type": "nat",
          "marks": {
            "cm": 4,
            "im": -1
          },
          "pdfData": [
            {
              "x1": 33.12,
              "x2": 591,
              "y1": 632.59,
              "y2": 733.78,
              "page": 4
            }
          ]
        },
        "27": {
          "que": 27,
          "type": "nat",
          "marks": {
            "cm": 4,
            "im": -1
          },
          "pdfData": [
            {
              "x1": 33.17,
              "x2": 591,
              "y1": 75.95,
              "y2": 272,
              "page": 5
            }
          ]
        },
        "28": {
          "que": 28,
          "type": "nat",
          "marks": {
            "cm": 4,
            "im": -1
          },
          "pdfData": [
            {
              "x1": 33.12,
              "x2": 591,
              "y1": 281.95,
              "y2": 319.71,
              "page": 5
            }
          ]
        },
        "29": {
          "que": 29,
          "type": "nat",
          "marks": {
            "cm": 4,
            "im": -1
          },
          "pdfData": [
            {
              "x1": 33.12,
              "x2": 591,
              "y1": 325.09,
              "y2": 358.78,
              "page": 5
            }
          ]
        },
        "30": {
          "que": 30,
          "type": "nat",
          "marks": {
            "cm": 4,
            "im": -1
          },
          "pdfData": [
            {
              "x1": 33.12,
              "x2": 591,
              "y1": 367.7,
              "y2": 433.78,
              "page": 5
            }
          ]
        }
      }
    },
    "Chemistry": {
      "C-MCQ": {
        "31": {
          "que": 31,
          "type": "mcq",
          "marks": {
            "cm": 4,
            "im": -1
          },
          "pdfData": [
            {
              "x1": 33.12,
              "x2": 591,
              "y1": 442.7,
              "y2": 529.01,
              "page": 5
            }
          ],
          "answerOptions": "4"
        },
        "32": {
          "que": 32,
          "type": "mcq",
          "marks": {
            "cm": 4,
            "im": -1
          },
          "pdfData": [
            {
              "x1": 33.12,
              "x2": 591,
              "y1": 534.95,
              "y2": 584.53,
              "page": 5
            }
          ],
          "answerOptions": "4"
        },
        "33": {
          "que": 33,
          "type": "mcq",
          "marks": {
            "cm": 4,
            "im": -1
          },
          "pdfData": [
            {
              "x1": 33.12,
              "x2": 591,
              "y1": 593.45,
              "y2": 731.87,
              "page": 5
            }
          ],
          "answerOptions": "4"
        },
        "34": {
          "que": 34,
          "type": "mcq",
          "marks": {
            "cm": 4,
            "im": -1
          },
          "pdfData": [
            {
              "x1": 33.12,
              "x2": 591,
              "y1": 75.95,
              "y2": 214.37,
              "page": 6
            }
          ],
          "answerOptions": "4"
        },
        "35": {
          "que": 35,
          "type": "mcq",
          "marks": {
            "cm": 4,
            "im": -1
          },
          "pdfData": [
            {
              "x1": 33.12,
              "x2": 591,
              "y1": 223.7,
              "y2": 273.96,
              "page": 6
            }
          ],
          "answerOptions": "4"
        },
        "36": {
          "que": 36,
          "type": "mcq",
          "marks": {
            "cm": 4,
            "im": -1
          },
          "pdfData": [
            {
              "x1": 33.12,
              "x2": 591,
              "y1": 282.2,
              "y2": 364.37,
              "page": 6
            }
          ],
          "answerOptions": "4"
        },
        "37": {
          "que": 37,
          "type": "mcq",
          "marks": {
            "cm": 4,
            "im": -1
          },
          "pdfData": [
            {
              "x1": 33.12,
              "x2": 591,
              "y1": 372.7,
              "y2": 439.78,
              "page": 6
            }
          ],
          "answerOptions": "4"
        },
        "38": {
          "que": 38,
          "type": "mcq",
          "marks": {
            "cm": 4,
            "im": -1
          },
          "pdfData": [
            {
              "x1": 33.12,
              "x2": 591,
              "y1": 448.7,
              "y2": 552.28,
              "page": 6
            }
          ],
          "answerOptions": "4"
        },
        "39": {
          "que": 39,
          "type": "mcq",
          "marks": {
            "cm": 4,
            "im": -1
          },
          "pdfData": [
            {
              "x1": 33.12,
              "x2": 591,
              "y1": 561.2,
              "y2": 692.87,
              "page": 6
            }
          ],
          "answerOptions": "4"
        },
        "40": {
          "que": 40,
          "type": "mcq",
          "marks": {
            "cm": 4,
            "im": -1
          },
          "pdfData": [
            {
              "x1": 33.12,
              "x2": 591,
              "y1": 702.2,
              "y2": 734.87,
              "page": 6
            },
            {
              "x1": 33.12,
              "x2": 591,
              "y1": 68,
              "y2": 112.71,
              "page": 7
            }
          ],
          "answerOptions": "4"
        },
        "41": {
          "que": 41,
          "type": "mcq",
          "marks": {
            "cm": 4,
            "im": -1
          },
          "pdfData": [
            {
              "x1": 33.12,
              "x2": 591,
              "y1": 119.45,
              "y2": 302.12,
              "page": 7
            }
          ],
          "answerOptions": "4"
        },
        "42": {
          "que": 42,
          "type": "mcq",
          "marks": {
            "cm": 4,
            "im": -1
          },
          "pdfData": [
            {
              "x1": 33.12,
              "x2": 591,
              "y1": 311.45,
              "y2": 397.07,
              "page": 7
            }
          ],
          "answerOptions": "4"
        },
        "43": {
          "que": 43,
          "type": "mcq",
          "marks": {
            "cm": 4,
            "im": -1
          },
          "pdfData": [
            {
              "x1": 33.12,
              "x2": 591,
              "y1": 403.84,
              "y2": 542.12,
              "page": 7
            }
          ],
          "answerOptions": "4"
        },
        "44": {
          "que": 44,
          "type": "mcq",
          "marks": {
            "cm": 4,
            "im": -1
          },
          "pdfData": [
            {
              "x1": 33.11,
              "x2": 591,
              "y1": 549.7,
              "y2": 600.62,
              "page": 7
            }
          ],
          "answerOptions": "4"
        },
        "45": {
          "que": 45,
          "type": "mcq",
          "marks": {
            "cm": 4,
            "im": -1
          },
          "pdfData": [
            {
              "x1": 33.11,
              "x2": 591,
              "y1": 609.95,
              "y2": 691.78,
              "page": 7
            },
            {
              "x1": 33.12,
              "x2": 591,
              "y1": 68,
              "y2": 228.5,
              "page": 8
            }
          ],
          "answerOptions": "4"
        },
        "46": {
          "que": 46,
          "type": "mcq",
          "marks": {
            "cm": 4,
            "im": -1
          },
          "pdfData": [
            {
              "x1": 33.12,
              "x2": 591,
              "y1": 240.2,
              "y2": 389.87,
              "page": 8
            }
          ],
          "answerOptions": "4"
        },
        "47": {
          "que": 47,
          "type": "mcq",
          "marks": {
            "cm": 4,
            "im": -1
          },
          "pdfData": [
            {
              "x1": 33.12,
              "x2": 591,
              "y1": 399.2,
              "y2": 549.5,
              "page": 8
            }
          ],
          "answerOptions": "4"
        },
        "48": {
          "que": 48,
          "type": "mcq",
          "marks": {
            "cm": 4,
            "im": -1
          },
          "pdfData": [
            {
              "x1": 33.12,
              "x2": 591,
              "y1": 561.2,
              "y2": 626.87,
              "page": 8
            }
          ],
          "answerOptions": "4"
        },
        "49": {
          "que": 49,
          "type": "mcq",
          "marks": {
            "cm": 4,
            "im": -1
          },
          "pdfData": [
            {
              "x1": 33.12,
              "x2": 591,
              "y1": 636.2,
              "y2": 751.37,
              "page": 8
            },
            {
              "x1": 33.12,
              "x2": 591,
              "y1": 68,
              "y2": 302.75,
              "page": 9
            }
          ],
          "answerOptions": "4"
        },
        "50": {
          "que": 50,
          "type": "mcq",
          "marks": {
            "cm": 4,
            "im": -1
          },
          "pdfData": [
            {
              "x1": 33.12,
              "x2": 591,
              "y1": 314.45,
              "y2": 380.12,
              "page": 9
            }
          ],
          "answerOptions": "4"
        }
      },
      "C-NUM": {
        "51": {
          "que": 51,
          "type": "nat",
          "marks": {
            "cm": 4,
            "im": -1
          },
          "pdfData": [
            {
              "x1": 33.12,
              "x2": 591,
              "y1": 389.45,
              "y2": 439.03,
              "page": 9
            }
          ]
        },
        "52": {
          "que": 52,
          "type": "nat",
          "marks": {
            "cm": 4,
            "im": -1
          },
          "pdfData": [
            {
              "x1": 33.12,
              "x2": 591,
              "y1": 446.95,
              "y2": 467.46,
              "page": 9
            }
          ]
        },
        "53": {
          "que": 53,
          "type": "nat",
          "marks": {
            "cm": 4,
            "im": -1
          },
          "pdfData": [
            {
              "x1": 33.12,
              "x2": 591,
              "y1": 472.45,
              "y2": 506.53,
              "page": 9
            }
          ]
        },
        "54": {
          "que": 54,
          "type": "nat",
          "marks": {
            "cm": 4,
            "im": -1
          },
          "pdfData": [
            {
              "x1": 33.12,
              "x2": 591,
              "y1": 515.45,
              "y2": 721.78,
              "page": 9
            }
          ]
        },
        "55": {
          "que": 55,
          "type": "nat",
          "marks": {
            "cm": 4,
            "im": -1
          },
          "pdfData": [
            {
              "x1": 33.12,
              "x2": 591,
              "y1": 730.7,
              "y2": 763.4,
              "page": 9
            }
          ]
        },
        "56": {
          "que": 56,
          "type": "nat",
          "marks": {
            "cm": 4,
            "im": -1
          },
          "pdfData": [
            {
              "x1": 33.12,
              "x2": 591,
              "y1": 74.95,
              "y2": 125.53,
              "page": 10
            }
          ]
        },
        "57": {
          "que": 57,
          "type": "nat",
          "marks": {
            "cm": 4,
            "im": -1
          },
          "pdfData": [
            {
              "x1": 33.12,
              "x2": 591,
              "y1": 134.45,
              "y2": 202.71,
              "page": 10
            }
          ]
        },
        "58": {
          "que": 58,
          "type": "nat",
          "marks": {
            "cm": 4,
            "im": -1
          },
          "pdfData": [
            {
              "x1": 33.12,
              "x2": 591,
              "y1": 209.45,
              "y2": 225.62,
              "page": 10
            }
          ]
        },
        "59": {
          "que": 59,
          "type": "nat",
          "marks": {
            "cm": 4,
            "im": -1
          },
          "pdfData": [
            {
              "x1": 33.12,
              "x2": 591,
              "y1": 234.95,
              "y2": 284.53,
              "page": 10
            }
          ]
        },
        "60": {
          "que": 60,
          "type": "nat",
          "marks": {
            "cm": 4,
            "im": -1
          },
          "pdfData": [
            {
              "x1": 33.12,
              "x2": 591,
              "y1": 288.34,
              "y2": 352.73,
              "page": 10
            }
          ]
        }
      }
    },
    "Mathematics": {
      "M-MCQ": {
        "61": {
          "que": 61,
          "type": "mcq",
          "marks": {
            "cm": 4,
            "im": -1
          },
          "pdfData": [
            {
              "x1": 33.12,
              "x2": 591,
              "y1": 358.84,
              "y2": 429.21,
              "page": 10
            }
          ],
          "answerOptions": "4"
        },
        "62": {
          "que": 62,
          "type": "mcq",
          "marks": {
            "cm": 4,
            "im": -1
          },
          "pdfData": [
            {
              "x1": 33.12,
              "x2": 591,
              "y1": 435.7,
              "y2": 503.53,
              "page": 10
            }
          ],
          "answerOptions": "4"
        },
        "63": {
          "que": 63,
          "type": "mcq",
          "marks": {
            "cm": 4,
            "im": -1
          },
          "pdfData": [
            {
              "x1": 33.12,
              "x2": 591,
              "y1": 509.59,
              "y2": 561.62,
              "page": 10
            }
          ],
          "answerOptions": "4"
        },
        "64": {
          "que": 64,
          "type": "mcq",
          "marks": {
            "cm": 4,
            "im": -1
          },
          "pdfData": [
            {
              "x1": 33.12,
              "x2": 591,
              "y1": 568.45,
              "y2": 622.03,
              "page": 10
            }
          ],
          "answerOptions": "4"
        },
        "65": {
          "que": 65,
          "type": "mcq",
          "marks": {
            "cm": 4,
            "im": -1
          },
          "pdfData": [
            {
              "x1": 33.12,
              "x2": 591,
              "y1": 630.95,
              "y2": 713.12,
              "page": 10
            }
          ],
          "answerOptions": "4"
        },
        "66": {
          "que": 66,
          "type": "mcq",
          "marks": {
            "cm": 4,
            "im": -1
          },
          "pdfData": [
            {
              "x1": 33.12,
              "x2": 591,
              "y1": 719.95,
              "y2": 756.65,
              "page": 10
            },
            {
              "x1": 33.12,
              "x2": 591,
              "y1": 68,
              "y2": 124.37,
              "page": 11
            }
          ],
          "answerOptions": "4"
        },
        "67": {
          "que": 67,
          "type": "mcq",
          "marks": {
            "cm": 4,
            "im": -1
          },
          "pdfData": [
            {
              "x1": 33.12,
              "x2": 591,
              "y1": 131.2,
              "y2": 204.96,
              "page": 11
            }
          ],
          "answerOptions": "4"
        },
        "68": {
          "que": 68,
          "type": "mcq",
          "marks": {
            "cm": 4,
            "im": -1
          },
          "pdfData": [
            {
              "x1": 33.12,
              "x2": 591,
              "y1": 209.2,
              "y2": 266.53,
              "page": 11
            }
          ],
          "answerOptions": "4"
        },
        "69": {
          "que": 69,
          "type": "mcq",
          "marks": {
            "cm": 4,
            "im": -1
          },
          "pdfData": [
            {
              "x1": 33.12,
              "x2": 591,
              "y1": 275.45,
              "y2": 343.37,
              "page": 11
            }
          ],
          "answerOptions": "4"
        },
        "70": {
          "que": 70,
          "type": "mcq",
          "marks": {
            "cm": 4,
            "im": -1
          },
          "pdfData": [
            {
              "x1": 33.12,
              "x2": 591,
              "y1": 350.59,
              "y2": 430.37,
              "page": 11
            }
          ],
          "answerOptions": "4"
        },
        "71": {
          "que": 71,
          "type": "mcq",
          "marks": {
            "cm": 4,
            "im": -1
          },
          "pdfData": [
            {
              "x1": 33.12,
              "x2": 591,
              "y1": 437.84,
              "y2": 500.53,
              "page": 11
            }
          ],
          "answerOptions": "4"
        },
        "72": {
          "que": 72,
          "type": "mcq",
          "marks": {
            "cm": 4,
            "im": -1
          },
          "pdfData": [
            {
              "x1": 33.12,
              "x2": 591,
              "y1": 508.45,
              "y2": 577.78,
              "page": 11
            }
          ],
          "answerOptions": "4"
        },
        "73": {
          "que": 73,
          "type": "mcq",
          "marks": {
            "cm": 4,
            "im": -1
          },
          "pdfData": [
            {
              "x1": 33.12,
              "x2": 591,
              "y1": 583.84,
              "y2": 636.28,
              "page": 11
            }
          ],
          "answerOptions": "4"
        },
        "74": {
          "que": 74,
          "type": "mcq",
          "marks": {
            "cm": 4,
            "im": -1
          },
          "pdfData": [
            {
              "x1": 33.12,
              "x2": 591,
              "y1": 644.44,
              "y2": 700.78,
              "page": 11
            }
          ],
          "answerOptions": "4"
        },
        "75": {
          "que": 75,
          "type": "mcq",
          "marks": {
            "cm": 4,
            "im": -1
          },
          "pdfData": [
            {
              "x1": 33.11,
              "x2": 591,
              "y1": 708.19,
              "y2": 730.76,
              "page": 11
            },
            {
              "x1": 33.12,
              "x2": 591,
              "y1": 68,
              "y2": 120.21,
              "page": 12
            }
          ],
          "answerOptions": "4"
        },
        "76": {
          "que": 76,
          "type": "mcq",
          "marks": {
            "cm": 4,
            "im": -1
          },
          "pdfData": [
            {
              "x1": 33.12,
              "x2": 591,
              "y1": 124.09,
              "y2": 195.96,
              "page": 12
            }
          ],
          "answerOptions": "4"
        },
        "77": {
          "que": 77,
          "type": "mcq",
          "marks": {
            "cm": 4,
            "im": -1
          },
          "pdfData": [
            {
              "x1": 33.12,
              "x2": 591,
              "y1": 201.34,
              "y2": 319.37,
              "page": 12
            }
          ],
          "answerOptions": "4"
        },
        "78": {
          "que": 78,
          "type": "mcq",
          "marks": {
            "cm": 4,
            "im": -1
          },
          "pdfData": [
            {
              "x1": 33.12,
              "x2": 591,
              "y1": 327.34,
              "y2": 413.12,
              "page": 12
            }
          ],
          "answerOptions": "4"
        },
        "79": {
          "que": 79,
          "type": "mcq",
          "marks": {
            "cm": 4,
            "im": -1
          },
          "pdfData": [
            {
              "x1": 33.11,
              "x2": 591,
              "y1": 421.45,
              "y2": 488.12,
              "page": 12
            }
          ],
          "answerOptions": "4"
        },
        "80": {
          "que": 80,
          "type": "mcq",
          "marks": {
            "cm": 4,
            "im": -1
          },
          "pdfData": [
            {
              "x1": 33.11,
              "x2": 591,
              "y1": 497.2,
              "y2": 563.53,
              "page": 12
            }
          ],
          "answerOptions": "4"
        }
      },
      "M-NUM": {
        "81": {
          "que": 81,
          "type": "nat",
          "marks": {
            "cm": 4,
            "im": -1
          },
          "pdfData": [
            {
              "x1": 33.11,
              "x2": 591,
              "y1": 572.45,
              "y2": 588.62,
              "page": 12
            }
          ]
        },
        "82": {
          "que": 82,
          "type": "nat",
          "marks": {
            "cm": 4,
            "im": -1
          },
          "pdfData": [
            {
              "x1": 33.11,
              "x2": 591,
              "y1": 596.95,
              "y2": 631.37,
              "page": 12
            }
          ]
        },
        "83": {
          "que": 83,
          "type": "nat",
          "marks": {
            "cm": 4,
            "im": -1
          },
          "pdfData": [
            {
              "x1": 33.11,
              "x2": 591,
              "y1": 637.84,
              "y2": 693.7,
              "page": 12
            }
          ]
        },
        "84": {
          "que": 84,
          "type": "nat",
          "marks": {
            "cm": 4,
            "im": -1
          },
          "pdfData": [
            {
              "x1": 33.11,
              "x2": 591,
              "y1": 697.09,
              "y2": 749.53,
              "page": 12
            }
          ]
        },
        "85": {
          "que": 85,
          "type": "nat",
          "marks": {
            "cm": 4,
            "im": -1
          },
          "pdfData": [
            {
              "x1": 33.12,
              "x2": 591,
              "y1": 73.84,
              "y2": 137.12,
              "page": 13
            }
          ]
        },
        "86": {
          "que": 86,
          "type": "nat",
          "marks": {
            "cm": 4,
            "im": -1
          },
          "pdfData": [
            {
              "x1": 33.12,
              "x2": 591,
              "y1": 146.45,
              "y2": 182.46,
              "page": 13
            }
          ]
        },
        "87": {
          "que": 87,
          "type": "nat",
          "marks": {
            "cm": 4,
            "im": -1
          },
          "pdfData": [
            {
              "x1": 33.12,
              "x2": 591,
              "y1": 188.45,
              "y2": 221.15,
              "page": 13
            }
          ]
        },
        "88": {
          "que": 88,
          "type": "nat",
          "marks": {
            "cm": 4,
            "im": -1
          },
          "pdfData": [
            {
              "x1": 33.12,
              "x2": 591,
              "y1": 230.2,
              "y2": 265.74,
              "page": 13
            }
          ]
        },
        "89": {
          "que": 89,
          "type": "nat",
          "marks": {
            "cm": 4,
            "im": -1
          },
          "pdfData": [
            {
              "x1": 33.12,
              "x2": 591,
              "y1": 268.86,
              "y2": 305.59,
              "page": 13
            }
          ]
        },
        "90": {
          "que": 90,
          "type": "nat",
          "marks": {
            "cm": 4,
            "im": -1
          },
          "pdfData": [
            {
              "x1": 33.12,
              "x2": 591,
              "y1": 313.36,
              "y2": 347.87,
              "page": 13
            }
          ]
        }
      }
    }
  },
  "appVersion": "1.22.1",
  "generatedBy": "answerKeyPage",
  "generatedBasedOn": "pdfCropperPage",
  "testAnswerKey": {
    "Physics": {
      "P-MCQ": {
        "1": [
          1
        ],
        "2": [
          2
        ],
        "3": [
          1
        ],
        "4": [
          4
        ],
        "5": [
          3
        ],
        "6": [
          2
        ],
        "7": [
          2
        ],
        "8": [
          2
        ],
        "9": [
          1
        ],
        "10": [
          1
        ],
        "11": [
          1
        ],
        "12": [
          2
        ],
        "13": [
          4
        ],
        "14": [
          3
        ],
        "15": [
          3
        ],
        "16": [
          4
        ],
        "17": [
          4
        ],
        "18": [
          1
        ],
        "19": [
          2
        ],
        "20": [
          2
        ]
      },
      "P-NUM": {
        "21": "150",
        "22": "58",
        "23": "3",
        "24": "1027",
        "25": "22",
        "26": "16",
        "27": "2500",
        "28": "28",
        "29": "4",
        "30": "4"
      }
    },
    "Chemistry": {
      "C-MCQ": {
        "31": [
          1
        ],
        "32": [
          3
        ],
        "33": [
          1
        ],
        "34": [
          2
        ],
        "35": [
          2
        ],
        "36": [
          4
        ],
        "37": [
          1
        ],
        "38": [
          4
        ],
        "39": [
          4
        ],
        "40": [
          2
        ],
        "41": [
          4
        ],
        "42": [
          1
        ],
        "43": [
          1
        ],
        "44": [
          3
        ],
        "45": [
          4
        ],
        "46": [
          4
        ],
        "47": [
          1
        ],
        "48": [
          1
        ],
        "49": [
          4
        ],
        "50": [
          1
        ]
      },
      "C-NUM": {
        "51": "58",
        "52": "6",
        "53": "400",
        "54": "15",
        "55": "4",
        "56": "23",
        "57": "3",
        "58": "7",
        "59": "6",
        "60": "0"
      }
    },
    "Mathematics": {
      "M-MCQ": {
        "61": [
          1
        ],
        "62": [
          1
        ],
        "63": [
          3
        ],
        "64": [
          1
        ],
        "65": [
          1
        ],
        "66": [
          4
        ],
        "67": [
          2
        ],
        "68": [
          3
        ],
        "69": [
          1
        ],
        "70": [
          4
        ],
        "71": [
          3
        ],
        "72": [
          4
        ],
        "73": [
          2
        ],
        "74": [
          1
        ],
        "75": [
          4
        ],
        "76": [
          3
        ],
        "77": [
          1
        ],
        "78": [
          1
        ],
        "79": [
          4
        ],
        "80": [
          4
        ]
      },
      "M-NUM": {
        "81": "70",
        "82": "1011",
        "83": "36",
        "84": "80",
        "85": "450",
        "86": "0",
        "87": "24",
        "88": "61",
        "89": "252",
        "90": "62"
      }
    }
  }
}