{
  "pdfCropperData": {
    "Maths": {
      "M-MCQ": {
        "1": {
          "que": 1,
          "type": "mcq",
          "options": 4,
          "marks": {
            "cm": 4,
            "im": -1
          },
          "pdfData": [
            {
              "page": 1,
              "x1": 34,
              "y1": 76,
              "x2": 555,
              "y2": 130
            }
          ]
        },
        "2": {
          "que": 2,
          "type": "mcq",
          "options": 4,
          "marks": {
            "cm": 4,
            "im": -1
          },
          "pdfData": [
            {
              "page": 1,
              "x1": 34,
              "y1": 130,
              "x2": 555,
              "y2": 206
            }
          ]
        },
        "3": {
          "que": 3,
          "type": "mcq",
          "options": 4,
          "marks": {
            "cm": 4,
            "im": -1
          },
          "pdfData": [
            {
              "page": 1,
              "x1": 34,
              "y1": 206,
              "x2": 555,
              "y2": 316
            }
          ]
        },
        "4": {
          "que": 4,
          "type": "mcq",
          "options": 4,
          "marks": {
            "cm": 4,
            "im": -1
          },
          "pdfData": [
            {
              "page": 1,
              "x1": 34,
              "y1": 316,
              "x2": 555,
              "y2": 388
            }
          ]
        },
        "5": {
          "que": 5,
          "type": "mcq",
          "options": 4,
          "marks": {
            "cm": 4,
            "im": -1
          },
          "pdfData": [
            {
              "page": 1,
              "x1": 34,
              "y1": 388,
              "x2": 555,
              "y2": 480
            }
          ]
        },
        "6": {
          "que": 6,
          "type": "mcq",
          "options": 4,
          "marks": {
            "cm": 4,
            "im": -1
          },
          "pdfData": [
            {
              "page": 1,
              "x1": 34,
              "y1": 480,
              "x2": 555,
              "y2": 556
            }
          ]
        },
        "7": {
          "que": 7,
          "type": "mcq",
          "options": 4,
          "marks": {
            "cm": 4,
            "im": -1
          },
          "pdfData": [
            {
              "page": 1,
              "x1": 34,
              "y1": 556,
              "x2": 555,
              "y2": 630
            }
          ]
        },
        "8": {
          "que": 8,
          "type": "mcq",
          "options": 4,
          "marks": {
            "cm": 4,
            "im": -1
          },
          "pdfData": [
            {
              "page": 1,
              "x1": 34,
              "y1": 630,
              "x2": 555,
              "y2": 708
            }
          ]
        },
        "9": {
          "que": 9,
          "type": "mcq",
          "options": 4,
          "marks": {
            "cm": 4,
            "im": -1
          },
          "pdfData": [
            {
              "page": 2,
              "x1": 34,
              "y1": 76,
              "x2": 560,
              "y2": 134
            }
          ]
        },
        "10": {
          "que": 10,
          "type": "mcq",
          "options": 4,
          "marks": {
            "cm": 4,
            "im": -1
          },
          "pdfData": [
            {
              "page": 2,
              "x1": 34,
              "y1": 134,
              "x2": 560,
              "y2": 215
            }
          ]
        },
        "11": {
          "que": 11,
          "type": "mcq",
          "options": 4,
          "marks": {
            "cm": 4,
            "im": -1
          },
          "pdfData": [
            {
              "page": 2,
              "x1": 34,
              "y1": 215,
              "x2": 560,
              "y2": 291
            }
          ]
        },
        "12": {
          "que": 12,
          "type": "mcq",
          "options": 4,
          "marks": {
            "cm": 4,
            "im": -1
          },
          "pdfData": [
            {
              "page": 2,
              "x1": 34,
              "y1": 291,
              "x2": 560,
              "y2": 371
            }
          ]
        },
        "13": {
          "que": 13,
          "type": "mcq",
          "options": 4,
          "marks": {
            "cm": 4,
            "im": -1
          },
          "pdfData": [
            {
              "page": 2,
              "x1": 34,
              "y1": 371,
              "x2": 560,
              "y2": 476
            }
          ]
        },
        "14": {
          "que": 14,
          "type": "mcq",
          "options": 4,
          "marks": {
            "cm": 4,
            "im": -1
          },
          "pdfData": [
            {
              "page": 2,
              "x1": 34,
              "y1": 476,
              "x2": 560,
              "y2": 537
            }
          ]
        },
        "15": {
          "que": 15,
          "type": "mcq",
          "options": 4,
          "marks": {
            "cm": 4,
            "im": -1
          },
          "pdfData": [
            {
              "page": 2,
              "x1": 34,
              "y1": 537,
              "x2": 560,
              "y2": 621
            }
          ]
        },
        "16": {
          "que": 16,
          "type": "mcq",
          "options": 4,
          "marks": {
            "cm": 4,
            "im": -1
          },
          "pdfData": [
            {
              "page": 2,
              "x1": 34,
              "y1": 621,
              "x2": 560,
              "y2": 691
            }
          ]
        },
        "17": {
          "que": 17,
          "type": "mcq",
          "options": 4,
          "marks": {
            "cm": 4,
            "im": -1
          },
          "pdfData": [
            {
              "page": 3,
              "x1": 34,
              "y1": 76,
              "x2": 560,
              "y2": 269
            }
          ]
        },
        "18": {
          "que": 18,
          "type": "mcq",
          "options": 4,
          "marks": {
            "cm": 4,
            "im": -1
          },
          "pdfData": [
            {
              "page": 3,
              "x1": 34,
              "y1": 269,
              "x2": 560,
              "y2": 359
            }
          ]
        },
        "19": {
          "que": 19,
          "type": "mcq",
          "options": 4,
          "marks": {
            "cm": 4,
            "im": -1
          },
          "pdfData": [
            {
              "page": 3,
              "x1": 34,
              "y1": 359,
              "x2": 560,
              "y2": 433
            }
          ]
        },
        "20": {
          "que": 20,
          "type": "mcq",
          "options": 4,
          "marks": {
            "cm": 4,
            "im": -1
          },
          "pdfData": [
            {
              "page": 3,
              "x1": 34,
              "y1": 433,
              "x2": 560,
              "y2": 508
            }
          ]
        }
      },
      "M-NUM": {
        "21": {
          "que": 21,
          "type": "nat",
          "marks": {
            "cm": 4,
            "im": -1
          },
          "pdfData": [
            {
              "page": 3,
              "x1": 34,
              "y1": 508,
              "x2": 560,
              "y2": 534
            }
          ]
        },
        "22": {
          "que": 22,
          "type": "nat",
          "marks": {
            "cm": 4,
            "im": -1
          },
          "pdfData": [
            {
              "page": 3,
              "x1": 34,
              "y1": 534,
              "x2": 560,
              "y2": 592
            }
          ]
        },
        "23": {
          "que": 23,
          "type": "nat",
          "marks": {
            "cm": 4,
            "im": -1
          },
          "pdfData": [
            {
              "page": 3,
              "x1": 34,
              "y1": 592,
              "x2": 560,
              "y2": 635
            }
          ]
        },
        "24": {
          "que": 24,
          "type": "nat",
          "marks": {
            "cm": 4,
            "im": -1
          },
          "pdfData": [
            {
              "page": 3,
              "x1": 34,
              "y1": 635,
              "x2": 560,
              "y2": 693
            }
          ]
        },
        "25": {
          "que": 25,
          "type": "nat",
          "marks": {
            "cm": 4,
            "im": -1
          },
          "pdfData": [
            {
              "page": 3,
              "x1": 34,
              "y1": 693,
              "x2": 560,
              "y2": 734
            }
          ]
        }
      }
    },
    "Physics": {
      "P-MCQ": {
        "26": {
          "que": 26,
          "type": "mcq",
          "options": 4,
          "marks": {
            "cm": 4,
            "im": -1
          },
          "pdfData": [
            {
              "page": 4,
              "x1": 34,
              "y1": 75,
              "x2": 560,
              "y2": 162
            }
          ]
        },
        "27": {
          "que": 27,
          "type": "mcq",
          "options": 4,
          "marks": {
            "cm": 4,
            "im": -1
          },
          "pdfData": [
            {
              "page": 4,
              "x1": 34,
              "y1": 162,
              "x2": 560,
              "y2": 236
            }
          ]
        },
        "28": {
          "que": 28,
          "type": "mcq",
          "options": 4,
          "marks": {
            "cm": 4,
            "im": -1
          },
          "pdfData": [
            {
              "page": 4,
              "x1": 34,
              "y1": 236,
              "x2": 560,
              "y2": 312
            }
          ]
        },
        "29": {
          "que": 29,
          "type": "mcq",
          "options": 4,
          "marks": {
            "cm": 4,
            "im": -1
          },
          "pdfData": [
            {
              "page": 4,
              "x1": 34,
              "y1": 312,
              "x2": 560,
              "y2": 404
            }
          ]
        },
        "30": {
          "que": 30,
          "type": "mcq",
          "options": 4,
          "marks": {
            "cm": 4,
            "im": -1
          },
          "pdfData": [
            {
              "page": 4,
              "x1": 34,
              "y1": 404,
              "x2": 560,
              "y2": 479
            }
          ]
        },
        "31": {
          "que": 31,
          "type": "mcq",
          "options": 4,
          "marks": {
            "cm": 4,
            "im": -1
          },
          "pdfData": [
            {
              "page": 4,
              "x1": 34,
              "y1": 479,
              "x2": 560,
              "y2": 566
            }
          ]
        },
        "32": {
          "que": 32,
          "type": "mcq",
          "options": 4,
          "marks": {
            "cm": 4,
            "im": -1
          },
          "pdfData": [
            {
              "page": 4,
              "x1": 34,
              "y1": 566,
              "x2": 560,
              "y2": 658
            }
          ]
        },
        "33": {
          "que": 33,
          "type": "mcq",
          "options": 4,
          "marks": {
            "cm": 4,
            "im": -1
          },
          "pdfData": [
            {
              "page": 4,
              "x1": 34,
              "y1": 658,
              "x2": 560,
              "y2": 732
            }
          ]
        },
        "34": {
          "que": 34,
          "type": "mcq",
          "options": 4,
          "marks": {
            "cm": 4,
            "im": -1
          },
          "pdfData": [
            {
              "page": 5,
              "x1": 34,
              "y1": 73,
              "x2": 560,
              "y2": 259
            }
          ]
        },
        "35": {
          "que": 35,
          "type": "mcq",
          "options": 4,
          "marks": {
            "cm": 4,
            "im": -1
          },
          "pdfData": [
            {
              "page": 5,
              "x1": 34,
              "y1": 259,
              "x2": 560,
              "y2": 332
            }
          ]
        },
        "36": {
          "que": 36,
          "type": "mcq",
          "options": 4,
          "marks": {
            "cm": 4,
            "im": -1
          },
          "pdfData": [
            {
              "page": 5,
              "x1": 34,
              "y1": 332,
              "x2": 560,
              "y2": 425
            }
          ]
        },
        "37": {
          "que": 37,
          "type": "mcq",
          "options": 4,
          "marks": {
            "cm": 4,
            "im": -1
          },
          "pdfData": [
            {
              "page": 5,
              "x1": 34,
              "y1": 425,
              "x2": 560,
              "y2": 612
            }
          ]
        },
        "38": {
          "que": 38,
          "type": "mcq",
          "options": 4,
          "marks": {
            "cm": 4,
            "im": -1
          },
          "pdfData": [
            {
              "page": 5,
              "x1": 34,
              "y1": 612,
              "x2": 560,
              "y2": 702
            }
          ]
        },
        "39": {
          "que": 39,
          "type": "mcq",
          "options": 4,
          "marks": {
            "cm": 4,
            "im": -1
          },
          "pdfData": [
            {
              "page": 5,
              "x1": 34,
              "y1": 702,
              "x2": 560,
              "y2": 741
            },
            {
              "page": 6,
              "x1": 34,
              "y1": 75,
              "x2": 560,
              "y2": 115
            }
          ]
        },
        "40": {
          "que": 40,
          "type": "mcq",
          "options": 4,
          "marks": {
            "cm": 4,
            "im": -1
          },
          "pdfData": [
            {
              "page": 6,
              "x1": 34,
              "y1": 115,
              "x2": 560,
              "y2": 238
            }
          ]
        },
        "41": {
          "que": 41,
          "type": "mcq",
          "options": 4,
          "marks": {
            "cm": 4,
            "im": -1
          },
          "pdfData": [
            {
              "page": 6,
              "x1": 34,
              "y1": 238,
              "x2": 560,
              "y2": 329
            }
          ]
        },
        "42": {
          "que": 42,
          "type": "mcq",
          "options": 4,
          "marks": {
            "cm": 4,
            "im": -1
          },
          "pdfData": [
            {
              "page": 6,
              "x1": 34,
              "y1": 329,
              "x2": 560,
              "y2": 419
            }
          ]
        },
        "43": {
          "que": 43,
          "type": "mcq",
          "options": 4,
          "marks": {
            "cm": 4,
            "im": -1
          },
          "pdfData": [
            {
              "page": 6,
              "x1": 34,
              "y1": 419,
              "x2": 560,
              "y2": 511
            }
          ]
        },
        "44": {
          "que": 44,
          "type": "mcq",
          "options": 4,
          "marks": {
            "cm": 4,
            "im": -1
          },
          "pdfData": [
            {
              "page": 6,
              "x1": 34,
              "y1": 511,
              "x2": 560,
              "y2": 692
            }
          ]
        },
        "45": {
          "que": 45,
          "type": "mcq",
          "options": 4,
          "marks": {
            "cm": 4,
            "im": -1
          },
          "pdfData": [
            {
              "page": 6,
              "x1": 34,
              "y1": 692,
              "x2": 560,
              "y2": 746
            },
            {
              "page": 7,
              "x1": 34,
              "y1": 76,
              "x2": 560,
              "y2": 116
            }
          ]
        }
      },
      "P-NUM": {
        "46": {
          "que": 46,
          "type": "nat",
          "marks": {
            "cm": 4,
            "im": -1
          },
          "pdfData": [
            {
              "page": 7,
              "x1": 34,
              "y1": 116,
              "x2": 560,
              "y2": 188
            }
          ]
        },
        "47": {
          "que": 47,
          "type": "nat",
          "marks": {
            "cm": 4,
            "im": -1
          },
          "pdfData": [
            {
              "page": 7,
              "x1": 34,
              "y1": 188,
              "x2": 560,
              "y2": 230
            }
          ]
        },
        "48": {
          "que": 48,
          "type": "nat",
          "marks": {
            "cm": 4,
            "im": -1
          },
          "pdfData": [
            {
              "page": 7,
              "x1": 34,
              "y1": 230,
              "x2": 560,
              "y2": 288
            }
          ]
        },
        "49": {
          "que": 49,
          "type": "nat",
          "marks": {
            "cm": 4,
            "im": -1
          },
          "pdfData": [
            {
              "page": 7,
              "x1": 34,
              "y1": 288,
              "x2": 560,
              "y2": 353
            }
          ]
        },
        "50": {
          "que": 50,
          "type": "nat",
          "marks": {
            "cm": 4,
            "im": -1
          },
          "pdfData": [
            {
              "page": 7,
              "x1": 34,
              "y1": 353,
              "x2": 560,
              "y2": 509
            }
          ]
        }
      }
    },
    "Chemistry": {
      "C-MCQ": {
        "51": {
          "que": 51,
          "type": "mcq",
          "options": 4,
          "marks": {
            "cm": 4,
            "im": -1
          },
          "pdfData": [
            {
              "page": 7,
              "x1": 34,
              "y1": 509,
              "x2": 560,
              "y2": 610
            },
            {
              "page": 8,
              "x1": 34,
              "y1": 74,
              "x2": 560,
              "y2": 273
            }
          ]
        },
        "52": {
          "que": 52,
          "type": "mcq",
          "options": 4,
          "marks": {
            "cm": 4,
            "im": -1
          },
          "pdfData": [
            {
              "page": 8,
              "x1": 34,
              "y1": 273,
              "x2": 560,
              "y2": 359
            }
          ]
        },
        "53": {
          "que": 53,
          "type": "mcq",
          "options": 4,
          "marks": {
            "cm": 4,
            "im": -1
          },
          "pdfData": [
            {
              "page": 8,
              "x1": 34,
              "y1": 359,
              "x2": 560,
              "y2": 574
            }
          ]
        },
        "54": {
          "que": 54,
          "type": "mcq",
          "options": 4,
          "marks": {
            "cm": 4,
            "im": -1
          },
          "pdfData": [
            {
              "page": 8,
              "x1": 34,
              "y1": 574,
              "x2": 560,
              "y2": 595
            },
            {
              "page": 9,
              "x1": 34,
              "y1": 73,
              "x2": 560,
              "y2": 274
            }
          ]
        },
        "55": {
          "que": 55,
          "type": "mcq",
          "options": 4,
          "marks": {
            "cm": 4,
            "im": -1
          },
          "pdfData": [
            {
              "page": 9,
              "x1": 34,
              "y1": 274,
              "x2": 560,
              "y2": 380
            }
          ]
        },
        "56": {
          "que": 56,
          "type": "mcq",
          "options": 4,
          "marks": {
            "cm": 4,
            "im": -1
          },
          "pdfData": [
            {
              "page": 10,
              "x1": 34,
              "y1": 75,
              "x2": 560,
              "y2": 504
            }
          ]
        },
        "57": {
          "que": 57,
          "type": "mcq",
          "options": 4,
          "marks": {
            "cm": 4,
            "im": -1
          },
          "pdfData": [
            {
              "page": 10,
              "x1": 34,
              "y1": 504,
              "x2": 560,
              "y2": 596
            }
          ]
        },
        "58": {
          "que": 58,
          "type": "mcq",
          "options": 4,
          "marks": {
            "cm": 4,
            "im": -1
          },
          "pdfData": [
            {
              "page": 10,
              "x1": 34,
              "y1": 596,
              "x2": 560,
              "y2": 708
            }
          ]
        },
        "59": {
          "que": 59,
          "type": "mcq",
          "options": 4,
          "marks": {
            "cm": 4,
            "im": -1
          },
          "pdfData": [
            {
              "page": 10,
              "x1": 34,
              "y1": 708,
              "x2": 560,
              "y2": 760
            }
          ]
        },
        "60": {
          "que": 60,
          "type": "mcq",
          "options": 4,
          "marks": {
            "cm": 4,
            "im": -1
          },
          "pdfData": [
            {
              "page": 11,
              "x1": 34,
              "y1": 76,
              "x2": 560,
              "y2": 148
            }
          ]
        },
        "61": {
          "que": 61,
          "type": "mcq",
          "options": 4,
          "marks": {
            "cm": 4,
            "im": -1
          },
          "pdfData": [
            {
              "page": 11,
              "x1": 34,
              "y1": 148,
              "x2": 560,
              "y2": 256
            }
          ]
        },
        "62": {
          "que": 62,
          "type": "mcq",
          "options": 4,
          "marks": {
            "cm": 4,
            "im": -1
          },
          "pdfData": [
            {
              "page": 11,
              "x1": 34,
              "y1": 256,
              "x2": 560,
              "y2": 338
            }
          ]
        },
        "63": {
          "que": 63,
          "type": "mcq",
          "options": 4,
          "marks": {
            "cm": 4,
            "im": -1
          },
          "pdfData": [
            {
              "page": 11,
              "x1": 34,
              "y1": 338,
              "x2": 560,
              "y2": 444
            }
          ]
        },
        "64": {
          "que": 64,
          "type": "mcq",
          "options": 4,
          "marks": {
            "cm": 4,
            "im": -1
          },
          "pdfData": [
            {
              "page": 11,
              "x1": 34,
              "y1": 444,
              "x2": 560,
              "y2": 552
            }
          ]
        },
        "65": {
          "que": 65,
          "type": "mcq",
          "options": 4,
          "marks": {
            "cm": 4,
            "im": -1
          },
          "pdfData": [
            {
              "page": 11,
              "x1": 34,
              "y1": 552,
              "x2": 560,
              "y2": 712
            }
          ]
        },
        "66": {
          "que": 66,
          "type": "mcq",
          "options": 4,
          "marks": {
            "cm": 4,
            "im": -1
          },
          "pdfData": [
            {
              "page": 12,
              "x1": 34,
              "y1": 76,
              "x2": 560,
              "y2": 241
            }
          ]
        },
        "67": {
          "que": 67,
          "type": "mcq",
          "options": 4,
          "marks": {
            "cm": 4,
            "im": -1
          },
          "pdfData": [
            {
              "page": 12,
              "x1": 34,
              "y1": 241,
              "x2": 560,
              "y2": 626
            }
          ]
        },
        "68": {
          "que": 68,
          "type": "mcq",
          "options": 4,
          "marks": {
            "cm": 4,
            "im": -1
          },
          "pdfData": [
            {
              "page": 12,
              "x1": 34,
              "y1": 626,
              "x2": 560,
              "y2": 694
            }
          ]
        },
        "69": {
          "que": 69,
          "type": "mcq",
          "options": 4,
          "marks": {
            "cm": 4,
            "im": -1
          },
          "pdfData": [
            {
              "page": 13,
              "x1": 34,
              "y1": 75,
              "x2": 560,
              "y2": 301
            }
          ]
        },
        "70": {
          "que": 70,
          "type": "mcq",
          "options": 4,
          "marks": {
            "cm": 4,
            "im": -1
          },
          "pdfData": [
            {
              "page": 13,
              "x1": 34,
              "y1": 301,
              "x2": 560,
              "y2": 390
            }
          ]
        }
      },
      "C-NUM": {
        "71": {
          "que": 71,
          "type": "nat",
          "marks": {
            "cm": 4,
            "im": -1
          },
          "pdfData": [
            {
              "page": 13,
              "x1": 34,
              "y1": 390,
              "x2": 560,
              "y2": 434
            }
          ]
        },
        "72": {
          "que": 72,
          "type": "nat",
          "marks": {
            "cm": 4,
            "im": -1
          },
          "pdfData": [
            {
              "page": 13,
              "x1": 34,
              "y1": 434,
              "x2": 560,
              "y2": 512
            }
          ]
        },
        "73": {
          "que": 73,
          "type": "nat",
          "marks": {
            "cm": 4,
            "im": -1
          },
          "pdfData": [
            {
              "page": 13,
              "x1": 34,
              "y1": 512,
              "x2": 560,
              "y2": 570
            }
          ]
        },
        "74": {
          "que": 74,
          "type": "nat",
          "marks": {
            "cm": 4,
            "im": -1
          },
          "pdfData": [
            {
              "page": 13,
              "x1": 34,
              "y1": 570,
              "x2": 560,
              "y2": 674
            }
          ]
        },
        "75": {
          "que": 75,
          "type": "nat",
          "marks": {
            "cm": 4,
            "im": -1
          },
          "pdfData": [
            {
              "page": 14,
              "x1": 34,
              "y1": 76,
              "x2": 560,
              "y2": 307
            }
          ]
        }
      }
    }
  },
  "pdfFileHash": "cb003dfe6c02917cd60b2f8f197919cfd8e33063f98ff28c65a5132af50c2bde",
  "testAnswerKey": {
    "Maths": {
      "M-MCQ": {
        "1": [
          3
        ],
        "2": [
          4
        ],
        "3": [
          2
        ],
        "4": [
          2
        ],
        "5": [
          3
        ],
        "6": [
          2
        ],
        "7": [
          3
        ],
        "8": [
          4
        ],
        "9": [
          3
        ],
        "10": [
          3
        ],
        "11": [
          1
        ],
        "12": [
          4
        ],
        "13": [
          2
        ],
        "14": [
          2
        ],
        "15": [
          1
        ],
        "16": [
          3
        ],
        "17": [
          2
        ],
        "18": [
          2
        ],
        "19": [
          2
        ],
        "20": [
          3
        ]
      },
      "M-NUM": {
        "21": "8788",
        "22": "474",
        "23": "17280",
        "24": "15",
        "25": "31"
      }
    },
    "Physics": {
      "P-MCQ": {
        "26": [
          2
        ],
        "27": [
          4
        ],
        "28": [
          1
        ],
        "29": [
          2
        ],
        "30": [
          3
        ],
        "31": [
          1
        ],
        "32": [
          4
        ],
        "33": [
          2
        ],
        "34": [
          2
        ],
        "35": [
          1
        ],
        "36": [
          2
        ],
        "37": [
          3
        ],
        "38": [
          2
        ],
        "39": [
          2
        ],
        "40": [
          1
        ],
        "41": [
          2
        ],
        "42": [
          4
        ],
        "43": [
          1
        ],
        "44": [
          2
        ],
        "45": [
          1
        ]
      },
      "P-NUM": {
        "46": "100",
        "47": "2",
        "48": "2190",
        "49": "3",
        "50": "16"
      }
    },
    "Chemistry": {
      "C-MCQ": {
        "51": [
          2
        ],
        "52": [
          3
        ],
        "53": [
          1
        ],
        "54": [
          1
        ],
        "55": [
          2
        ],
        "56": [
          4
        ],
        "57": [
          3
        ],
        "58": [
          1
        ],
        "59": [
          3
        ],
        "60": [
          4
        ],
        "61": [
          3
        ],
        "62": [
          4
        ],
        "63": [
          2
        ],
        "64": [
          2
        ],
        "65": [
          2
        ],
        "66": [
          2
        ],
        "67": [
          3
        ],
        "68": [
          1
        ],
        "69": [
          3
        ],
        "70": [
          4
        ]
      },
      "C-NUM": {
        "71": "100",
        "72": "27",
        "73": "153",
        "74": "200",
        "75": "4"
      }
    }
  }
}