{
  "testConfig": {
    "optionalQuestions": [
      {
        "subject": "Physics",
        "section": "P-NUM",
        "count": 5
      },
      {
        "subject": "Chemistry",
        "section": "C-NUM",
        "count": 5
      },
      {
        "subject": "Mathematics",
        "section": "M-NUM",
        "count": 5
      }
    ],
    "pdfFileHash": "0eccb81592699cd08dc6ed757d5f04a427879738c6d5b105d01b13d48743e119"
  },
  "pdfCropperData": {
    "Physics": {
      "P-MCQ": {
        "1": {
          "que": 1,
          "type": "mcq",
          "marks": {
            "cm": 4,
            "im": -1
          },
          "pdfData": [
            {
              "x1": 33.12,
              "x2": 591,
              "y1": 76.7,
              "y2": 127.39,
              "page": 1
            }
          ],
          "answerOptions": "4"
        },
        "2": {
          "que": 2,
          "type": "mcq",
          "marks": {
            "cm": 4,
            "im": -1
          },
          "pdfData": [
            {
              "x1": 33.12,
              "x2": 591,
              "y1": 135.2,
              "y2": 217.78,
              "page": 1
            }
          ],
          "answerOptions": "4"
        },
        "3": {
          "que": 3,
          "type": "mcq",
          "marks": {
            "cm": 4,
            "im": -1
          },
          "pdfData": [
            {
              "x1": 33.12,
              "x2": 591,
              "y1": 226.7,
              "y2": 294.28,
              "page": 1
            }
          ],
          "answerOptions": "4"
        },
        "4": {
          "que": 4,
          "type": "mcq",
          "marks": {
            "cm": 4,
            "im": -1
          },
          "pdfData": [
            {
              "x1": 33.12,
              "x2": 591,
              "y1": 303.2,
              "y2": 389.51,
              "page": 1
            }
          ],
          "answerOptions": "4"
        },
        "5": {
          "que": 5,
          "type": "mcq",
          "marks": {
            "cm": 4,
            "im": -1
          },
          "pdfData": [
            {
              "x1": 33.12,
              "x2": 591,
              "y1": 395.45,
              "y2": 461.53,
              "page": 1
            }
          ],
          "answerOptions": "4"
        },
        "6": {
          "que": 6,
          "type": "mcq",
          "marks": {
            "cm": 4,
            "im": -1
          },
          "pdfData": [
            {
              "x1": 33.12,
              "x2": 591,
              "y1": 470.45,
              "y2": 554.12,
              "page": 1
            }
          ],
          "answerOptions": "4"
        },
        "7": {
          "que": 7,
          "type": "mcq",
          "marks": {
            "cm": 4,
            "im": -1
          },
          "pdfData": [
            {
              "x1": 33.12,
              "x2": 591,
              "y1": 563.11,
              "y2": 635.46,
              "page": 1
            }
          ],
          "answerOptions": "4"
        },
        "8": {
          "que": 8,
          "type": "mcq",
          "marks": {
            "cm": 4,
            "im": -1
          },
          "pdfData": [
            {
              "x1": 33.12,
              "x2": 591,
              "y1": 642.2,
              "y2": 708.28,
              "page": 1
            }
          ],
          "answerOptions": "4"
        },
        "9": {
          "que": 9,
          "type": "mcq",
          "marks": {
            "cm": 4,
            "im": -1
          },
          "pdfData": [
            {
              "x1": 33.12,
              "x2": 591,
              "y1": 717.2,
              "y2": 749.87,
              "page": 1
            },
            {
              "x1": 33.12,
              "x2": 591,
              "y1": 68,
              "y2": 113.46,
              "page": 2
            }
          ],
          "answerOptions": "4"
        },
        "10": {
          "que": 10,
          "type": "mcq",
          "marks": {
            "cm": 4,
            "im": -1
          },
          "pdfData": [
            {
              "x1": 33.12,
              "x2": 591,
              "y1": 120.2,
              "y2": 185.87,
              "page": 2
            }
          ],
          "answerOptions": "4"
        },
        "11": {
          "que": 11,
          "type": "mcq",
          "marks": {
            "cm": 4,
            "im": -1
          },
          "pdfData": [
            {
              "x1": 33.12,
              "x2": 591,
              "y1": 195.2,
              "y2": 333.21,
              "page": 2
            }
          ],
          "answerOptions": "4"
        },
        "12": {
          "que": 12,
          "type": "mcq",
          "marks": {
            "cm": 4,
            "im": -1
          },
          "pdfData": [
            {
              "x1": 33.12,
              "x2": 591,
              "y1": 339.95,
              "y2": 406.03,
              "page": 2
            }
          ],
          "answerOptions": "4"
        },
        "13": {
          "que": 13,
          "type": "mcq",
          "marks": {
            "cm": 4,
            "im": -1
          },
          "pdfData": [
            {
              "x1": 33.12,
              "x2": 591,
              "y1": 414.95,
              "y2": 556.03,
              "page": 2
            }
          ],
          "answerOptions": "4"
        },
        "14": {
          "que": 14,
          "type": "mcq",
          "marks": {
            "cm": 4,
            "im": -1
          },
          "pdfData": [
            {
              "x1": 33.12,
              "x2": 591,
              "y1": 564.95,
              "y2": 663.62,
              "page": 2
            }
          ],
          "answerOptions": "4"
        },
        "15": {
          "que": 15,
          "type": "mcq",
          "marks": {
            "cm": 4,
            "im": -1
          },
          "pdfData": [
            {
              "x1": 33.12,
              "x2": 591,
              "y1": 672.95,
              "y2": 743.46,
              "page": 2
            }
          ],
          "answerOptions": "4"
        },
        "16": {
          "que": 16,
          "type": "mcq",
          "marks": {
            "cm": 4,
            "im": -1
          },
          "pdfData": [
            {
              "x1": 33.12,
              "x2": 591,
              "y1": 75.95,
              "y2": 174.62,
              "page": 3
            }
          ],
          "answerOptions": "4"
        },
        "17": {
          "que": 17,
          "type": "mcq",
          "marks": {
            "cm": 4,
            "im": -1
          },
          "pdfData": [
            {
              "x1": 33.12,
              "x2": 591,
              "y1": 183.95,
              "y2": 250.71,
              "page": 3
            }
          ],
          "answerOptions": "4"
        },
        "18": {
          "que": 18,
          "type": "mcq",
          "marks": {
            "cm": 4,
            "im": -1
          },
          "pdfData": [
            {
              "x1": 33.12,
              "x2": 591,
              "y1": 258.95,
              "y2": 308.53,
              "page": 3
            }
          ],
          "answerOptions": "4"
        },
        "19": {
          "que": 19,
          "type": "mcq",
          "marks": {
            "cm": 4,
            "im": -1
          },
          "pdfData": [
            {
              "x1": 33.12,
              "x2": 591,
              "y1": 317.45,
              "y2": 383.53,
              "page": 3
            }
          ],
          "answerOptions": "4"
        },
        "20": {
          "que": 20,
          "type": "mcq",
          "marks": {
            "cm": 4,
            "im": -1
          },
          "pdfData": [
            {
              "x1": 33.12,
              "x2": 591,
              "y1": 392.2,
              "y2": 463.71,
              "page": 3
            }
          ],
          "answerOptions": "4"
        }
      },
      "P-NUM": {
        "21": {
          "que": 21,
          "type": "nat",
          "marks": {
            "cm": 4,
            "im": -1
          },
          "pdfData": [
            {
              "x1": 33.12,
              "x2": 591,
              "y1": 469.27,
              "y2": 505.78,
              "page": 3
            }
          ]
        },
        "22": {
          "que": 22,
          "type": "nat",
          "marks": {
            "cm": 4,
            "im": -1
          },
          "pdfData": [
            {
              "x1": 33.12,
              "x2": 591,
              "y1": 513.7,
              "y2": 564.28,
              "page": 3
            }
          ]
        },
        "23": {
          "que": 23,
          "type": "nat",
          "marks": {
            "cm": 4,
            "im": -1
          },
          "pdfData": [
            {
              "x1": 33.12,
              "x2": 591,
              "y1": 573.2,
              "y2": 622.78,
              "page": 3
            }
          ]
        },
        "24": {
          "que": 24,
          "type": "nat",
          "marks": {
            "cm": 4,
            "im": -1
          },
          "pdfData": [
            {
              "x1": 33.12,
              "x2": 591,
              "y1": 631.7,
              "y2": 680.87,
              "page": 3
            }
          ]
        },
        "25": {
          "que": 25,
          "type": "nat",
          "marks": {
            "cm": 4,
            "im": -1
          },
          "pdfData": [
            {
              "x1": 33.12,
              "x2": 591,
              "y1": 689.95,
              "y2": 722.9,
              "page": 3
            }
          ]
        },
        "26": {
          "que": 26,
          "type": "nat",
          "marks": {
            "cm": 4,
            "im": -1
          },
          "pdfData": [
            {
              "x1": 33.12,
              "x2": 591,
              "y1": 75.61,
              "y2": 206,
              "page": 4
            }
          ]
        },
        "27": {
          "que": 27,
          "type": "nat",
          "marks": {
            "cm": 4,
            "im": -1
          },
          "pdfData": [
            {
              "x1": 33.12,
              "x2": 591,
              "y1": 217.7,
              "y2": 268.03,
              "page": 4
            }
          ]
        },
        "28": {
          "que": 28,
          "type": "nat",
          "marks": {
            "cm": 4,
            "im": -1
          },
          "pdfData": [
            {
              "x1": 33.12,
              "x2": 591,
              "y1": 276.95,
              "y2": 310.03,
              "page": 4
            }
          ]
        },
        "29": {
          "que": 29,
          "type": "nat",
          "marks": {
            "cm": 4,
            "im": -1
          },
          "pdfData": [
            {
              "x1": 33.12,
              "x2": 591,
              "y1": 317.2,
              "y2": 370.03,
              "page": 4
            }
          ]
        },
        "30": {
          "que": 30,
          "type": "nat",
          "marks": {
            "cm": 4,
            "im": -1
          },
          "pdfData": [
            {
              "x1": 33.12,
              "x2": 591,
              "y1": 377.95,
              "y2": 445.03,
              "page": 4
            }
          ]
        }
      }
    },
    "Chemistry": {
      "C-MCQ": {
        "31": {
          "que": 31,
          "type": "mcq",
          "marks": {
            "cm": 4,
            "im": -1
          },
          "pdfData": [
            {
              "x1": 33.12,
              "x2": 591,
              "y1": 453.95,
              "y2": 536.53,
              "page": 4
            }
          ],
          "answerOptions": "4"
        },
        "32": {
          "que": 32,
          "type": "mcq",
          "marks": {
            "cm": 4,
            "im": -1
          },
          "pdfData": [
            {
              "x1": 33.12,
              "x2": 591,
              "y1": 545.45,
              "y2": 677.12,
              "page": 4
            }
          ],
          "answerOptions": "4"
        },
        "33": {
          "que": 33,
          "type": "mcq",
          "marks": {
            "cm": 4,
            "im": -1
          },
          "pdfData": [
            {
              "x1": 33.12,
              "x2": 591,
              "y1": 685.45,
              "y2": 738.16,
              "page": 4
            }
          ],
          "answerOptions": "4"
        },
        "34": {
          "que": 34,
          "type": "mcq",
          "marks": {
            "cm": 4,
            "im": -1
          },
          "pdfData": [
            {
              "x1": 33.12,
              "x2": 591,
              "y1": 75.95,
              "y2": 191.12,
              "page": 5
            }
          ],
          "answerOptions": "4"
        },
        "35": {
          "que": 35,
          "type": "mcq",
          "marks": {
            "cm": 4,
            "im": -1
          },
          "pdfData": [
            {
              "x1": 33.12,
              "x2": 591,
              "y1": 200.45,
              "y2": 266.12,
              "page": 5
            }
          ],
          "answerOptions": "4"
        },
        "36": {
          "que": 36,
          "type": "mcq",
          "marks": {
            "cm": 4,
            "im": -1
          },
          "pdfData": [
            {
              "x1": 33.12,
              "x2": 591,
              "y1": 275.45,
              "y2": 475.03,
              "page": 5
            }
          ],
          "answerOptions": "4"
        },
        "37": {
          "que": 37,
          "type": "mcq",
          "marks": {
            "cm": 4,
            "im": -1
          },
          "pdfData": [
            {
              "x1": 33.12,
              "x2": 591,
              "y1": 483.95,
              "y2": 717.28,
              "page": 5
            }
          ],
          "answerOptions": "4"
        },
        "38": {
          "que": 38,
          "type": "mcq",
          "marks": {
            "cm": 4,
            "im": -1
          },
          "pdfData": [
            {
              "x1": 33.12,
              "x2": 591,
              "y1": 75.95,
              "y2": 176.53,
              "page": 6
            }
          ],
          "answerOptions": "4"
        },
        "39": {
          "que": 39,
          "type": "mcq",
          "marks": {
            "cm": 4,
            "im": -1
          },
          "pdfData": [
            {
              "x1": 33.12,
              "x2": 591,
              "y1": 185.45,
              "y2": 407,
              "page": 6
            }
          ],
          "answerOptions": "4"
        },
        "40": {
          "que": 40,
          "type": "mcq",
          "marks": {
            "cm": 4,
            "im": -1
          },
          "pdfData": [
            {
              "x1": 33.12,
              "x2": 591,
              "y1": 417.7,
              "y2": 599.87,
              "page": 6
            }
          ],
          "answerOptions": "4"
        },
        "41": {
          "que": 41,
          "type": "mcq",
          "marks": {
            "cm": 4,
            "im": -1
          },
          "pdfData": [
            {
              "x1": 33.12,
              "x2": 591,
              "y1": 609.2,
              "y2": 740.87,
              "page": 6
            }
          ],
          "answerOptions": "4"
        },
        "42": {
          "que": 42,
          "type": "mcq",
          "marks": {
            "cm": 4,
            "im": -1
          },
          "pdfData": [
            {
              "x1": 33.12,
              "x2": 591,
              "y1": 750.2,
              "y2": 766.37,
              "page": 6
            },
            {
              "x1": 33.12,
              "x2": 591,
              "y1": 68,
              "y2": 107.87,
              "page": 7
            }
          ],
          "answerOptions": "4"
        },
        "43": {
          "que": 43,
          "type": "mcq",
          "marks": {
            "cm": 4,
            "im": -1
          },
          "pdfData": [
            {
              "x1": 33.12,
              "x2": 591,
              "y1": 117.2,
              "y2": 238.37,
              "page": 7
            }
          ],
          "answerOptions": "4"
        },
        "44": {
          "que": 44,
          "type": "mcq",
          "marks": {
            "cm": 4,
            "im": -1
          },
          "pdfData": [
            {
              "x1": 33.12,
              "x2": 591,
              "y1": 246.7,
              "y2": 313.78,
              "page": 7
            }
          ],
          "answerOptions": "4"
        },
        "45": {
          "que": 45,
          "type": "mcq",
          "marks": {
            "cm": 4,
            "im": -1
          },
          "pdfData": [
            {
              "x1": 33.12,
              "x2": 591,
              "y1": 322.45,
              "y2": 391.71,
              "page": 7
            }
          ],
          "answerOptions": "4"
        },
        "46": {
          "que": 46,
          "type": "mcq",
          "marks": {
            "cm": 4,
            "im": -1
          },
          "pdfData": [
            {
              "x1": 33.12,
              "x2": 591,
              "y1": 397.7,
              "y2": 529.37,
              "page": 7
            }
          ],
          "answerOptions": "4"
        },
        "47": {
          "que": 47,
          "type": "mcq",
          "marks": {
            "cm": 4,
            "im": -1
          },
          "pdfData": [
            {
              "x1": 33.12,
              "x2": 591,
              "y1": 538.7,
              "y2": 670.78,
              "page": 7
            }
          ],
          "answerOptions": "4"
        },
        "48": {
          "que": 48,
          "type": "mcq",
          "marks": {
            "cm": 4,
            "im": -1
          },
          "pdfData": [
            {
              "x1": 33.12,
              "x2": 591,
              "y1": 75.95,
              "y2": 281,
              "page": 8
            }
          ],
          "answerOptions": "4"
        },
        "49": {
          "que": 49,
          "type": "mcq",
          "marks": {
            "cm": 4,
            "im": -1
          },
          "pdfData": [
            {
              "x1": 33.12,
              "x2": 591,
              "y1": 292.7,
              "y2": 503.75,
              "page": 8
            }
          ],
          "answerOptions": "4"
        },
        "50": {
          "que": 50,
          "type": "mcq",
          "marks": {
            "cm": 4,
            "im": -1
          },
          "pdfData": [
            {
              "x1": 33.12,
              "x2": 591,
              "y1": 515.45,
              "y2": 656.12,
              "page": 8
            },
            {
              "x1": 33.12,
              "x2": 591,
              "y1": 68,
              "y2": 204.5,
              "page": 9
            }
          ],
          "answerOptions": "4"
        }
      },
      "C-NUM": {
        "51": {
          "que": 51,
          "type": "nat",
          "marks": {
            "cm": 4,
            "im": -1
          },
          "pdfData": [
            {
              "x1": 33.12,
              "x2": 591,
              "y1": 215.95,
              "y2": 265.78,
              "page": 9
            }
          ]
        },
        "52": {
          "que": 52,
          "type": "nat",
          "marks": {
            "cm": 4,
            "im": -1
          },
          "pdfData": [
            {
              "x1": 33.13,
              "x2": 591,
              "y1": 274.7,
              "y2": 310.71,
              "page": 9
            }
          ]
        },
        "53": {
          "que": 53,
          "type": "nat",
          "marks": {
            "cm": 4,
            "im": -1
          },
          "pdfData": [
            {
              "x1": 33.12,
              "x2": 591,
              "y1": 316.7,
              "y2": 349.78,
              "page": 9
            }
          ]
        },
        "54": {
          "que": 54,
          "type": "nat",
          "marks": {
            "cm": 4,
            "im": -1
          },
          "pdfData": [
            {
              "x1": 33.12,
              "x2": 591,
              "y1": 357.7,
              "y2": 407.87,
              "page": 9
            }
          ]
        },
        "55": {
          "que": 55,
          "type": "nat",
          "marks": {
            "cm": 4,
            "im": -1
          },
          "pdfData": [
            {
              "x1": 33.12,
              "x2": 591,
              "y1": 417.2,
              "y2": 578.12,
              "page": 9
            }
          ]
        },
        "56": {
          "que": 56,
          "type": "nat",
          "marks": {
            "cm": 4,
            "im": -1
          },
          "pdfData": [
            {
              "x1": 33.12,
              "x2": 591,
              "y1": 587.45,
              "y2": 706.71,
              "page": 9
            }
          ]
        },
        "57": {
          "que": 57,
          "type": "nat",
          "marks": {
            "cm": 4,
            "im": -1
          },
          "pdfData": [
            {
              "x1": 33.12,
              "x2": 591,
              "y1": 712.45,
              "y2": 745.4,
              "page": 9
            },
            {
              "x1": 33.12,
              "x2": 591,
              "y1": 68,
              "y2": 216.28,
              "page": 10
            }
          ]
        },
        "58": {
          "que": 58,
          "type": "nat",
          "marks": {
            "cm": 4,
            "im": -1
          },
          "pdfData": [
            {
              "x1": 33.12,
              "x2": 591,
              "y1": 224.2,
              "y2": 241.78,
              "page": 10
            }
          ]
        },
        "59": {
          "que": 59,
          "type": "nat",
          "marks": {
            "cm": 4,
            "im": -1
          },
          "pdfData": [
            {
              "x1": 33.12,
              "x2": 591,
              "y1": 249.7,
              "y2": 270.21,
              "page": 10
            }
          ]
        },
        "60": {
          "que": 60,
          "type": "nat",
          "marks": {
            "cm": 4,
            "im": -1
          },
          "pdfData": [
            {
              "x1": 33.12,
              "x2": 591,
              "y1": 276.2,
              "y2": 308.87,
              "page": 10
            }
          ]
        }
      }
    },
    "Mathematics": {
      "M-MCQ": {
        "61": {
          "que": 61,
          "type": "mcq",
          "marks": {
            "cm": 4,
            "im": -1
          },
          "pdfData": [
            {
              "x1": 33.12,
              "x2": 591,
              "y1": 315.34,
              "y2": 384.28,
              "page": 10
            }
          ],
          "answerOptions": "4"
        },
        "62": {
          "que": 62,
          "type": "mcq",
          "marks": {
            "cm": 4,
            "im": -1
          },
          "pdfData": [
            {
              "x1": 33.12,
              "x2": 591,
              "y1": 392.2,
              "y2": 444.62,
              "page": 10
            }
          ],
          "answerOptions": "4"
        },
        "63": {
          "que": 63,
          "type": "mcq",
          "marks": {
            "cm": 4,
            "im": -1
          },
          "pdfData": [
            {
              "x1": 33.12,
              "x2": 591,
              "y1": 451.09,
              "y2": 519.62,
              "page": 10
            }
          ],
          "answerOptions": "4"
        },
        "64": {
          "que": 64,
          "type": "mcq",
          "marks": {
            "cm": 4,
            "im": -1
          },
          "pdfData": [
            {
              "x1": 33.12,
              "x2": 591,
              "y1": 527.95,
              "y2": 595.03,
              "page": 10
            }
          ],
          "answerOptions": "4"
        },
        "65": {
          "que": 65,
          "type": "mcq",
          "marks": {
            "cm": 4,
            "im": -1
          },
          "pdfData": [
            {
              "x1": 33.12,
              "x2": 591,
              "y1": 603.95,
              "y2": 669.62,
              "page": 10
            }
          ],
          "answerOptions": "4"
        },
        "66": {
          "que": 66,
          "type": "mcq",
          "marks": {
            "cm": 4,
            "im": -1
          },
          "pdfData": [
            {
              "x1": 33.11,
              "x2": 591,
              "y1": 678.95,
              "y2": 761.53,
              "page": 10
            }
          ],
          "answerOptions": "4"
        },
        "67": {
          "que": 67,
          "type": "mcq",
          "marks": {
            "cm": 4,
            "im": -1
          },
          "pdfData": [
            {
              "x1": 33.12,
              "x2": 591,
              "y1": 73.09,
              "y2": 143.87,
              "page": 11
            }
          ],
          "answerOptions": "4"
        },
        "68": {
          "que": 68,
          "type": "mcq",
          "marks": {
            "cm": 4,
            "im": -1
          },
          "pdfData": [
            {
              "x1": 33.12,
              "x2": 591,
              "y1": 153.2,
              "y2": 254.12,
              "page": 11
            }
          ],
          "answerOptions": "4"
        },
        "69": {
          "que": 69,
          "type": "mcq",
          "marks": {
            "cm": 4,
            "im": -1
          },
          "pdfData": [
            {
              "x1": 33.12,
              "x2": 591,
              "y1": 261.34,
              "y2": 353.87,
              "page": 11
            }
          ],
          "answerOptions": "4"
        },
        "70": {
          "que": 70,
          "type": "mcq",
          "marks": {
            "cm": 4,
            "im": -1
          },
          "pdfData": [
            {
              "x1": 33.11,
              "x2": 591,
              "y1": 359.02,
              "y2": 413.12,
              "page": 11
            }
          ],
          "answerOptions": "4"
        },
        "71": {
          "que": 71,
          "type": "mcq",
          "marks": {
            "cm": 4,
            "im": -1
          },
          "pdfData": [
            {
              "x1": 33.11,
              "x2": 591,
              "y1": 418.84,
              "y2": 488.12,
              "page": 11
            }
          ],
          "answerOptions": "4"
        },
        "72": {
          "que": 72,
          "type": "mcq",
          "marks": {
            "cm": 4,
            "im": -1
          },
          "pdfData": [
            {
              "x1": 33.11,
              "x2": 591,
              "y1": 497.45,
              "y2": 563.12,
              "page": 11
            }
          ],
          "answerOptions": "4"
        },
        "73": {
          "que": 73,
          "type": "mcq",
          "marks": {
            "cm": 4,
            "im": -1
          },
          "pdfData": [
            {
              "x1": 33.11,
              "x2": 591,
              "y1": 570.61,
              "y2": 639.62,
              "page": 11
            }
          ],
          "answerOptions": "4"
        },
        "74": {
          "que": 74,
          "type": "mcq",
          "marks": {
            "cm": 4,
            "im": -1
          },
          "pdfData": [
            {
              "x1": 33.11,
              "x2": 591,
              "y1": 645.34,
              "y2": 726.21,
              "page": 11
            }
          ],
          "answerOptions": "4"
        },
        "75": {
          "que": 75,
          "type": "mcq",
          "marks": {
            "cm": 4,
            "im": -1
          },
          "pdfData": [
            {
              "x1": 33.11,
              "x2": 591,
              "y1": 731.95,
              "y2": 766.37,
              "page": 11
            },
            {
              "x1": 33.12,
              "x2": 591,
              "y1": 68,
              "y2": 108.28,
              "page": 12
            }
          ],
          "answerOptions": "4"
        },
        "76": {
          "que": 76,
          "type": "mcq",
          "marks": {
            "cm": 4,
            "im": -1
          },
          "pdfData": [
            {
              "x1": 33.12,
              "x2": 591,
              "y1": 114.34,
              "y2": 167.53,
              "page": 12
            }
          ],
          "answerOptions": "4"
        },
        "77": {
          "que": 77,
          "type": "mcq",
          "marks": {
            "cm": 4,
            "im": -1
          },
          "pdfData": [
            {
              "x1": 33.12,
              "x2": 591,
              "y1": 172.84,
              "y2": 246.62,
              "page": 12
            }
          ],
          "answerOptions": "4"
        },
        "78": {
          "que": 78,
          "type": "mcq",
          "marks": {
            "cm": 4,
            "im": -1
          },
          "pdfData": [
            {
              "x1": 33.12,
              "x2": 591,
              "y1": 253.09,
              "y2": 334.37,
              "page": 12
            }
          ],
          "answerOptions": "4"
        },
        "79": {
          "que": 79,
          "type": "mcq",
          "marks": {
            "cm": 4,
            "im": -1
          },
          "pdfData": [
            {
              "x1": 33.11,
              "x2": 591,
              "y1": 343.7,
              "y2": 412.71,
              "page": 12
            }
          ],
          "answerOptions": "4"
        },
        "80": {
          "que": 80,
          "type": "mcq",
          "marks": {
            "cm": 4,
            "im": -1
          },
          "pdfData": [
            {
              "x1": 33.11,
              "x2": 591,
              "y1": 416.95,
              "y2": 477.21,
              "page": 12
            }
          ],
          "answerOptions": "4"
        }
      },
      "M-NUM": {
        "81": {
          "que": 81,
          "type": "nat",
          "marks": {
            "cm": 4,
            "im": -1
          },
          "pdfData": [
            {
              "x1": 33.11,
              "x2": 591,
              "y1": 483.95,
              "y2": 517.03,
              "page": 12
            }
          ]
        },
        "82": {
          "que": 82,
          "type": "nat",
          "marks": {
            "cm": 4,
            "im": -1
          },
          "pdfData": [
            {
              "x1": 33.11,
              "x2": 591,
              "y1": 524.95,
              "y2": 542.53,
              "page": 12
            }
          ]
        },
        "83": {
          "que": 83,
          "type": "nat",
          "marks": {
            "cm": 4,
            "im": -1
          },
          "pdfData": [
            {
              "x1": 33.11,
              "x2": 591,
              "y1": 547.84,
              "y2": 585.64,
              "page": 12
            }
          ]
        },
        "84": {
          "que": 84,
          "type": "nat",
          "marks": {
            "cm": 4,
            "im": -1
          },
          "pdfData": [
            {
              "x1": 33.11,
              "x2": 591,
              "y1": 593.45,
              "y2": 638.53,
              "page": 12
            }
          ]
        },
        "85": {
          "que": 85,
          "type": "nat",
          "marks": {
            "cm": 4,
            "im": -1
          },
          "pdfData": [
            {
              "x1": 33.11,
              "x2": 591,
              "y1": 647.45,
              "y2": 681.21,
              "page": 12
            }
          ]
        },
        "86": {
          "que": 86,
          "type": "nat",
          "marks": {
            "cm": 4,
            "im": -1
          },
          "pdfData": [
            {
              "x1": 33.11,
              "x2": 591,
              "y1": 685.84,
              "y2": 722.53,
              "page": 12
            }
          ]
        },
        "87": {
          "que": 87,
          "type": "nat",
          "marks": {
            "cm": 4,
            "im": -1
          },
          "pdfData": [
            {
              "x1": 33.11,
              "x2": 591,
              "y1": 731.45,
              "y2": 766.71,
              "page": 12
            }
          ]
        },
        "88": {
          "que": 88,
          "type": "nat",
          "marks": {
            "cm": 4,
            "im": -1
          },
          "pdfData": [
            {
              "x1": 33.12,
              "x2": 591,
              "y1": 71.32,
              "y2": 150.96,
              "page": 13
            }
          ]
        },
        "89": {
          "que": 89,
          "type": "nat",
          "marks": {
            "cm": 4,
            "im": -1
          },
          "pdfData": [
            {
              "x1": 33.12,
              "x2": 591,
              "y1": 154.09,
              "y2": 194.46,
              "page": 13
            }
          ]
        },
        "90": {
          "que": 90,
          "type": "nat",
          "marks": {
            "cm": 4,
            "im": -1
          },
          "pdfData": [
            {
              "x1": 33.12,
              "x2": 591,
              "y1": 201.2,
              "y2": 250.37,
              "page": 13
            }
          ]
        }
      }
    }
  },
  "appVersion": "1.22.1",
  "generatedBy": "answerKeyPage",
  "generatedBasedOn": "pdfCropperPage",
  "testAnswerKey": {
    "Physics": {
      "P-MCQ": {
        "1": [
          2
        ],
        "2": [
          2
        ],
        "3": [
          4
        ],
        "4": [
          4
        ],
        "5": [
          2
        ],
        "6": [
          4
        ],
        "7": [
          2
        ],
        "8": [
          3
        ],
        "9": [
          3
        ],
        "10": [
          1
        ],
        "11": [
          2
        ],
        "12": [
          2
        ],
        "13": [
          2
        ],
        "14": [
          2
        ],
        "15": [
          1
        ],
        "16": [
          3
        ],
        "17": [
          1
        ],
        "18": [
          2
        ],
        "19": [
          3
        ],
        "20": [
          3
        ]
      },
      "P-NUM": {
        "21": "3",
        "22": "100",
        "23": "20",
        "24": "17",
        "25": "36",
        "26": "25",
        "27": "160",
        "28": "10",
        "29": "200",
        "30": "15"
      }
    },
    "Chemistry": {
      "C-MCQ": {
        "31": [
          4
        ],
        "32": [
          3
        ],
        "33": [
          2
        ],
        "34": [
          2
        ],
        "35": [
          1
        ],
        "36": [
          4
        ],
        "37": [
          1
        ],
        "38": [
          1
        ],
        "39": [
          4
        ],
        "40": [
          3
        ],
        "41": [
          1
        ],
        "42": [
          2
        ],
        "43": [
          1
        ],
        "44": [
          2
        ],
        "45": [
          4
        ],
        "46": [
          2
        ],
        "47": [
          4
        ],
        "48": [
          4
        ],
        "49": [
          3
        ],
        "50": [
          1
        ]
      },
      "C-NUM": {
        "51": "164",
        "52": "4",
        "53": "2",
        "54": "82",
        "55": "4",
        "56": "3",
        "57": "8",
        "58": "2",
        "59": "3",
        "60": "4"
      }
    },
    "Mathematics": {
      "M-MCQ": {
        "61": [
          3
        ],
        "62": [
          2
        ],
        "63": [
          2
        ],
        "64": [
          3
        ],
        "65": [
          1
        ],
        "66": [
          4
        ],
        "67": [
          1
        ],
        "68": [
          3
        ],
        "69": [
          2
        ],
        "70": [
          1
        ],
        "71": [
          3
        ],
        "72": [
          1
        ],
        "73": [
          2
        ],
        "74": [
          3
        ],
        "75": [
          1
        ],
        "76": [
          3
        ],
        "77": [
          2
        ],
        "78": [
          4
        ],
        "79": [
          1
        ],
        "80": [
          2
        ]
      },
      "M-NUM": {
        "81": "9",
        "82": "1",
        "83": "9",
        "84": "32",
        "85": "25",
        "86": "14",
        "87": "1010",
        "88": "81",
        "89": "39",
        "90": "19"
      }
    }
  }
}