{
  "pdfCropperData": {
    "Maths": {
      "M-MCQ": {
        "1": {
          "que": 1,
          "type": "mcq",
          "options": 4,
          "marks": {
            "cm": 4,
            "im": -1
          },
          "pdfData": [
            {
              "page": 1,
              "x1": 34,
              "y1": 76,
              "x2": 561,
              "y2": 164
            }
          ]
        },
        "2": {
          "que": 2,
          "type": "mcq",
          "options": 4,
          "marks": {
            "cm": 4,
            "im": -1
          },
          "pdfData": [
            {
              "page": 1,
              "x1": 34,
              "y1": 164,
              "x2": 561,
              "y2": 246
            }
          ]
        },
        "3": {
          "que": 3,
          "type": "mcq",
          "options": 4,
          "marks": {
            "cm": 4,
            "im": -1
          },
          "pdfData": [
            {
              "page": 1,
              "x1": 34,
              "y1": 246,
              "x2": 561,
              "y2": 327
            }
          ]
        },
        "4": {
          "que": 4,
          "type": "mcq",
          "options": 4,
          "marks": {
            "cm": 4,
            "im": -1
          },
          "pdfData": [
            {
              "page": 1,
              "x1": 34,
              "y1": 327,
              "x2": 561,
              "y2": 383
            }
          ]
        },
        "5": {
          "que": 5,
          "type": "mcq",
          "options": 4,
          "marks": {
            "cm": 4,
            "im": -1
          },
          "pdfData": [
            {
              "page": 1,
              "x1": 34,
              "y1": 383,
              "x2": 561,
              "y2": 443
            }
          ]
        },
        "6": {
          "que": 6,
          "type": "mcq",
          "options": 4,
          "marks": {
            "cm": 4,
            "im": -1
          },
          "pdfData": [
            {
              "page": 1,
              "x1": 34,
              "y1": 443,
              "x2": 561,
              "y2": 521
            }
          ]
        },
        "7": {
          "que": 7,
          "type": "mcq",
          "options": 4,
          "marks": {
            "cm": 4,
            "im": -1
          },
          "pdfData": [
            {
              "page": 1,
              "x1": 34,
              "y1": 521,
              "x2": 561,
              "y2": 596
            }
          ]
        },
        "8": {
          "que": 8,
          "type": "mcq",
          "options": 4,
          "marks": {
            "cm": 4,
            "im": -1
          },
          "pdfData": [
            {
              "page": 1,
              "x1": 34,
              "y1": 596,
              "x2": 561,
              "y2": 658
            }
          ]
        },
        "9": {
          "que": 9,
          "type": "mcq",
          "options": 4,
          "marks": {
            "cm": 4,
            "im": -1
          },
          "pdfData": [
            {
              "page": 1,
              "x1": 34,
              "y1": 658,
              "x2": 561,
              "y2": 732
            }
          ]
        },
        "10": {
          "que": 10,
          "type": "mcq",
          "options": 4,
          "marks": {
            "cm": 4,
            "im": -1
          },
          "pdfData": [
            {
              "page": 1,
              "x1": 34,
              "y1": 732,
              "x2": 561,
              "y2": 772
            },
            {
              "page": 2,
              "x1": 34,
              "y1": 73,
              "x2": 561,
              "y2": 114
            }
          ]
        },
        "11": {
          "que": 11,
          "type": "mcq",
          "options": 4,
          "marks": {
            "cm": 4,
            "im": -1
          },
          "pdfData": [
            {
              "page": 2,
              "x1": 34,
              "y1": 114,
              "x2": 561,
              "y2": 204
            }
          ]
        },
        "12": {
          "que": 12,
          "type": "mcq",
          "options": 4,
          "marks": {
            "cm": 4,
            "im": -1
          },
          "pdfData": [
            {
              "page": 2,
              "x1": 34,
              "y1": 204,
              "x2": 561,
              "y2": 268
            }
          ]
        },
        "13": {
          "que": 13,
          "type": "mcq",
          "options": 4,
          "marks": {
            "cm": 4,
            "im": -1
          },
          "pdfData": [
            {
              "page": 2,
              "x1": 34,
              "y1": 268,
              "x2": 561,
              "y2": 326
            }
          ]
        },
        "14": {
          "que": 14,
          "type": "mcq",
          "options": 4,
          "marks": {
            "cm": 4,
            "im": -1
          },
          "pdfData": [
            {
              "page": 2,
              "x1": 34,
              "y1": 326,
              "x2": 561,
              "y2": 385
            }
          ]
        },
        "15": {
          "que": 15,
          "type": "mcq",
          "options": 4,
          "marks": {
            "cm": 4,
            "im": -1
          },
          "pdfData": [
            {
              "page": 2,
              "x1": 34,
              "y1": 385,
              "x2": 561,
              "y2": 445
            }
          ]
        },
        "16": {
          "que": 16,
          "type": "mcq",
          "options": 4,
          "marks": {
            "cm": 4,
            "im": -1
          },
          "pdfData": [
            {
              "page": 2,
              "x1": 34,
              "y1": 445,
              "x2": 561,
              "y2": 520
            }
          ]
        },
        "17": {
          "que": 17,
          "type": "mcq",
          "options": 4,
          "marks": {
            "cm": 4,
            "im": -1
          },
          "pdfData": [
            {
              "page": 2,
              "x1": 34,
              "y1": 520,
              "x2": 561,
              "y2": 609
            }
          ]
        },
        "18": {
          "que": 18,
          "type": "mcq",
          "options": 4,
          "marks": {
            "cm": 4,
            "im": -1
          },
          "pdfData": [
            {
              "page": 2,
              "x1": 34,
              "y1": 609,
              "x2": 561,
              "y2": 720
            }
          ]
        },
        "19": {
          "que": 19,
          "type": "mcq",
          "options": 4,
          "marks": {
            "cm": 4,
            "im": -1
          },
          "pdfData": [
            {
              "page": 2,
              "x1": 34,
              "y1": 720,
              "x2": 561,
              "y2": 760
            },
            {
              "page": 3,
              "x1": 34,
              "y1": 77,
              "x2": 561,
              "y2": 113
            }
          ]
        },
        "20": {
          "que": 20,
          "type": "mcq",
          "options": 4,
          "marks": {
            "cm": 4,
            "im": -1
          },
          "pdfData": [
            {
              "page": 3,
              "x1": 34,
              "y1": 113,
              "x2": 561,
              "y2": 196
            }
          ]
        }
      },
      "M-NUM": {
        "21": {
          "que": 21,
          "type": "nat",
          "marks": {
            "cm": 4,
            "im": -1
          },
          "pdfData": [
            {
              "page": 3,
              "x1": 34,
              "y1": 196,
              "x2": 561,
              "y2": 233
            }
          ]
        },
        "22": {
          "que": 22,
          "type": "nat",
          "marks": {
            "cm": 4,
            "im": -1
          },
          "pdfData": [
            {
              "page": 3,
              "x1": 34,
              "y1": 233,
              "x2": 561,
              "y2": 282
            }
          ]
        },
        "23": {
          "que": 23,
          "type": "nat",
          "marks": {
            "cm": 4,
            "im": -1
          },
          "pdfData": [
            {
              "page": 3,
              "x1": 34,
              "y1": 282,
              "x2": 561,
              "y2": 324
            }
          ]
        },
        "24": {
          "que": 24,
          "type": "nat",
          "marks": {
            "cm": 4,
            "im": -1
          },
          "pdfData": [
            {
              "page": 3,
              "x1": 34,
              "y1": 324,
              "x2": 561,
              "y2": 366
            }
          ]
        },
        "25": {
          "que": 25,
          "type": "nat",
          "marks": {
            "cm": 4,
            "im": -1
          },
          "pdfData": [
            {
              "page": 3,
              "x1": 34,
              "y1": 366,
              "x2": 561,
              "y2": 434
            }
          ]
        }
      }
    },
    "Physics": {
      "P-MCQ": {
        "26": {
          "que": 26,
          "type": "mcq",
          "options": 4,
          "marks": {
            "cm": 4,
            "im": -1
          },
          "pdfData": [
            {
              "page": 3,
              "x1": 34,
              "y1": 434,
              "x2": 561,
              "y2": 748
            }
          ]
        },
        "27": {
          "que": 27,
          "type": "mcq",
          "options": 4,
          "marks": {
            "cm": 4,
            "im": -1
          },
          "pdfData": [
            {
              "page": 4,
              "x1": 34,
              "y1": 76,
              "x2": 561,
              "y2": 187
            }
          ]
        },
        "28": {
          "que": 28,
          "type": "mcq",
          "options": 4,
          "marks": {
            "cm": 4,
            "im": -1
          },
          "pdfData": [
            {
              "page": 4,
              "x1": 34,
              "y1": 187,
              "x2": 561,
              "y2": 353
            }
          ]
        },
        "29": {
          "que": 29,
          "type": "mcq",
          "options": 4,
          "marks": {
            "cm": 4,
            "im": -1
          },
          "pdfData": [
            {
              "page": 4,
              "x1": 34,
              "y1": 353,
              "x2": 561,
              "y2": 443
            }
          ]
        },
        "30": {
          "que": 30,
          "type": "mcq",
          "options": 4,
          "marks": {
            "cm": 4,
            "im": -1
          },
          "pdfData": [
            {
              "page": 4,
              "x1": 34,
              "y1": 443,
              "x2": 561,
              "y2": 668
            }
          ]
        },
        "31": {
          "que": 31,
          "type": "mcq",
          "options": 4,
          "marks": {
            "cm": 4,
            "im": -1
          },
          "pdfData": [
            {
              "page": 4,
              "x1": 34,
              "y1": 668,
              "x2": 561,
              "y2": 722
            },
            {
              "page": 5,
              "x1": 34,
              "y1": 76,
              "x2": 561,
              "y2": 365
            }
          ]
        },
        "32": {
          "que": 32,
          "type": "mcq",
          "options": 4,
          "marks": {
            "cm": 4,
            "im": -1
          },
          "pdfData": [
            {
              "page": 5,
              "x1": 34,
              "y1": 365,
              "x2": 561,
              "y2": 498
            }
          ]
        },
        "33": {
          "que": 33,
          "type": "mcq",
          "options": 4,
          "marks": {
            "cm": 4,
            "im": -1
          },
          "pdfData": [
            {
              "page": 5,
              "x1": 34,
              "y1": 498,
              "x2": 561,
              "y2": 571
            }
          ]
        },
        "34": {
          "que": 34,
          "type": "mcq",
          "options": 4,
          "marks": {
            "cm": 4,
            "im": -1
          },
          "pdfData": [
            {
              "page": 5,
              "x1": 34,
              "y1": 571,
              "x2": 561,
              "y2": 662
            }
          ]
        },
        "35": {
          "que": 35,
          "type": "mcq",
          "options": 4,
          "marks": {
            "cm": 4,
            "im": -1
          },
          "pdfData": [
            {
              "page": 6,
              "x1": 34,
              "y1": 77,
              "x2": 561,
              "y2": 300
            }
          ]
        },
        "36": {
          "que": 36,
          "type": "mcq",
          "options": 4,
          "marks": {
            "cm": 4,
            "im": -1
          },
          "pdfData": [
            {
              "page": 6,
              "x1": 34,
              "y1": 300,
              "x2": 561,
              "y2": 616
            }
          ]
        },
        "37": {
          "que": 37,
          "type": "mcq",
          "options": 4,
          "marks": {
            "cm": 4,
            "im": -1
          },
          "pdfData": [
            {
              "page": 6,
              "x1": 34,
              "y1": 616,
              "x2": 561,
              "y2": 714
            }
          ]
        },
        "38": {
          "que": 38,
          "type": "mcq",
          "options": 4,
          "marks": {
            "cm": 4,
            "im": -1
          },
          "pdfData": [
            {
              "page": 7,
              "x1": 34,
              "y1": 76,
              "x2": 561,
              "y2": 268
            }
          ]
        },
        "39": {
          "que": 39,
          "type": "mcq",
          "options": 4,
          "marks": {
            "cm": 4,
            "im": -1
          },
          "pdfData": [
            {
              "page": 7,
              "x1": 34,
              "y1": 268,
              "x2": 561,
              "y2": 358
            }
          ]
        },
        "40": {
          "que": 40,
          "type": "mcq",
          "options": 4,
          "marks": {
            "cm": 4,
            "im": -1
          },
          "pdfData": [
            {
              "page": 7,
              "x1": 34,
              "y1": 358,
              "x2": 561,
              "y2": 431
            }
          ]
        },
        "41": {
          "que": 41,
          "type": "mcq",
          "options": 4,
          "marks": {
            "cm": 4,
            "im": -1
          },
          "pdfData": [
            {
              "page": 7,
              "x1": 34,
              "y1": 431,
              "x2": 561,
              "y2": 508
            }
          ]
        },
        "42": {
          "que": 42,
          "type": "mcq",
          "options": 4,
          "marks": {
            "cm": 4,
            "im": -1
          },
          "pdfData": [
            {
              "page": 7,
              "x1": 34,
              "y1": 508,
              "x2": 561,
              "y2": 585
            }
          ]
        },
        "43": {
          "que": 43,
          "type": "mcq",
          "options": 4,
          "marks": {
            "cm": 4,
            "im": -1
          },
          "pdfData": [
            {
              "page": 7,
              "x1": 34,
              "y1": 585,
              "x2": 561,
              "y2": 634
            },
            {
              "page": 8,
              "x1": 34,
              "y1": 76,
              "x2": 561,
              "y2": 293
            }
          ]
        },
        "44": {
          "que": 44,
          "type": "mcq",
          "options": 4,
          "marks": {
            "cm": 4,
            "im": -1
          },
          "pdfData": [
            {
              "page": 8,
              "x1": 34,
              "y1": 293,
              "x2": 561,
              "y2": 430
            }
          ]
        },
        "45": {
          "que": 45,
          "type": "mcq",
          "options": 4,
          "marks": {
            "cm": 4,
            "im": -1
          },
          "pdfData": [
            {
              "page": 8,
              "x1": 34,
              "y1": 430,
              "x2": 561,
              "y2": 570
            }
          ]
        }
      },
      "P-NUM": {
        "46": {
          "que": 46,
          "type": "nat",
          "marks": {
            "cm": 4,
            "im": -1
          },
          "pdfData": [
            {
              "page": 8,
              "x1": 34,
              "y1": 570,
              "x2": 561,
              "y2": 625
            }
          ]
        },
        "47": {
          "que": 47,
          "type": "nat",
          "marks": {
            "cm": 4,
            "im": -1
          },
          "pdfData": [
            {
              "page": 9,
              "x1": 34,
              "y1": 76,
              "x2": 561,
              "y2": 280
            }
          ]
        },
        "48": {
          "que": 48,
          "type": "nat",
          "marks": {
            "cm": 4,
            "im": -1
          },
          "pdfData": [
            {
              "page": 9,
              "x1": 34,
              "y1": 280,
              "x2": 561,
              "y2": 321
            }
          ]
        },
        "49": {
          "que": 49,
          "type": "nat",
          "marks": {
            "cm": 4,
            "im": -1
          },
          "pdfData": [
            {
              "page": 9,
              "x1": 34,
              "y1": 321,
              "x2": 561,
              "y2": 403
            }
          ]
        },
        "50": {
          "que": 50,
          "type": "nat",
          "marks": {
            "cm": 4,
            "im": -1
          },
          "pdfData": [
            {
              "page": 9,
              "x1": 34,
              "y1": 403,
              "x2": 561,
              "y2": 460
            }
          ]
        }
      }
    },
    "Chemistry": {
      "C-MCQ": {
        "51": {
          "que": 51,
          "type": "mcq",
          "marks": {
            "cm": 4,
            "im": -1
          },
          "pdfData": [
            {
              "page": 9,
              "x1": 34,
              "y1": 460,
              "x2": 561,
              "y2": 538
            }
          ]
        },
        "52": {
          "que": 52,
          "type": "mcq",
          "marks": {
            "cm": 4,
            "im": -1
          },
          "pdfData": [
            {
              "page": 9,
              "x1": 34,
              "y1": 538,
              "x2": 561,
              "y2": 717
            }
          ]
        },
        "53": {
          "que": 53,
          "type": "mcq",
          "marks": {
            "cm": 4,
            "im": -1
          },
          "pdfData": [
            {
              "page": 9,
              "x1": 34,
              "y1": 717,
              "x2": 561,
              "y2": 756
            },
            {
              "page": 10,
              "x1": 34,
              "y1": 75,
              "x2": 561,
              "y2": 176
            }
          ]
        },
        "54": {
          "que": 54,
          "type": "mcq",
          "marks": {
            "cm": 4,
            "im": -1
          },
          "pdfData": [
            {
              "page": 10,
              "x1": 34,
              "y1": 176,
              "x2": 561,
              "y2": 256
            }
          ]
        },
        "55": {
          "que": 55,
          "type": "mcq",
          "marks": {
            "cm": 4,
            "im": -1
          },
          "pdfData": [
            {
              "page": 10,
              "x1": 34,
              "y1": 256,
              "x2": 561,
              "y2": 365
            }
          ]
        },
        "56": {
          "que": 56,
          "type": "mcq",
          "marks": {
            "cm": 4,
            "im": -1
          },
          "pdfData": [
            {
              "page": 10,
              "x1": 34,
              "y1": 365,
              "x2": 561,
              "y2": 453
            }
          ]
        },
        "57": {
          "que": 57,
          "type": "mcq",
          "marks": {
            "cm": 4,
            "im": -1
          },
          "pdfData": [
            {
              "page": 10,
              "x1": 34,
              "y1": 453,
              "x2": 561,
              "y2": 532
            }
          ]
        },
        "58": {
          "que": 58,
          "type": "mcq",
          "marks": {
            "cm": 4,
            "im": -1
          },
          "pdfData": [
            {
              "page": 10,
              "x1": 34,
              "y1": 532,
              "x2": 561,
              "y2": 554
            },
            {
              "page": 11,
              "x1": 34,
              "y1": 75,
              "x2": 561,
              "y2": 300
            }
          ]
        },
        "59": {
          "que": 59,
          "type": "mcq",
          "marks": {
            "cm": 4,
            "im": -1
          },
          "pdfData": [
            {
              "page": 11,
              "x1": 34,
              "y1": 300,
              "x2": 561,
              "y2": 376
            }
          ]
        },
        "60": {
          "que": 60,
          "type": "mcq",
          "marks": {
            "cm": 4,
            "im": -1
          },
          "pdfData": [
            {
              "page": 11,
              "x1": 34,
              "y1": 376,
              "x2": 561,
              "y2": 468
            }
          ]
        },
        "61": {
          "que": 61,
          "type": "mcq",
          "marks": {
            "cm": 4,
            "im": -1
          },
          "pdfData": [
            {
              "page": 11,
              "x1": 34,
              "y1": 468,
              "x2": 561,
              "y2": 531
            }
          ]
        },
        "62": {
          "que": 62,
          "type": "mcq",
          "marks": {
            "cm": 4,
            "im": -1
          },
          "pdfData": [
            {
              "page": 11,
              "x1": 34,
              "y1": 531,
              "x2": 561,
              "y2": 669
            }
          ]
        },
        "63": {
          "que": 63,
          "type": "mcq",
          "marks": {
            "cm": 4,
            "im": -1
          },
          "pdfData": [
            {
              "page": 12,
              "x1": 34,
              "y1": 76,
              "x2": 561,
              "y2": 298
            }
          ]
        },
        "64": {
          "que": 64,
          "type": "mcq",
          "marks": {
            "cm": 4,
            "im": -1
          },
          "pdfData": [
            {
              "page": 12,
              "x1": 34,
              "y1": 298,
              "x2": 561,
              "y2": 592
            }
          ]
        },
        "65": {
          "que": 65,
          "type": "mcq",
          "marks": {
            "cm": 4,
            "im": -1
          },
          "pdfData": [
            {
              "page": 12,
              "x1": 34,
              "y1": 592,
              "x2": 561,
              "y2": 716
            },
            {
              "page": 13,
              "x1": 34,
              "y1": 74,
              "x2": 561,
              "y2": 284
            }
          ]
        },
        "66": {
          "que": 66,
          "type": "mcq",
          "marks": {
            "cm": 4,
            "im": -1
          },
          "pdfData": [
            {
              "page": 13,
              "x1": 34,
              "y1": 284,
              "x2": 561,
              "y2": 489
            }
          ]
        },
        "67": {
          "que": 67,
          "type": "mcq",
          "marks": {
            "cm": 4,
            "im": -1
          },
          "pdfData": [
            {
              "page": 13,
              "x1": 34,
              "y1": 489,
              "x2": 561,
              "y2": 563
            }
          ]
        },
        "68": {
          "que": 68,
          "type": "mcq",
          "marks": {
            "cm": 4,
            "im": -1
          },
          "pdfData": [
            {
              "page": 14,
              "x1": 34,
              "y1": 74,
              "x2": 561,
              "y2": 680
            }
          ]
        },
        "69": {
          "que": 69,
          "type": "mcq",
          "marks": {
            "cm": 4,
            "im": -1
          },
          "pdfData": [
            {
              "page": 14,
              "x1": 34,
              "y1": 680,
              "x2": 561,
              "y2": 737
            }
          ]
        },
        "70": {
          "que": 70,
          "type": "mcq",
          "marks": {
            "cm": 4,
            "im": -1
          },
          "pdfData": [
            {
              "page": 15,
              "x1": 34,
              "y1": 74,
              "x2": 561,
              "y2": 169
            }
          ]
        }
      },
      "C-NUM": {
        "71": {
          "que": 71,
          "type": "nat",
          "marks": {
            "cm": 4,
            "im": -1
          },
          "pdfData": [
            {
              "page": 15,
              "x1": 34,
              "y1": 169,
              "x2": 561,
              "y2": 224
            }
          ]
        },
        "72": {
          "que": 72,
          "type": "nat",
          "marks": {
            "cm": 4,
            "im": -1
          },
          "pdfData": [
            {
              "page": 15,
              "x1": 34,
              "y1": 224,
              "x2": 561,
              "y2": 264
            }
          ]
        },
        "73": {
          "que": 73,
          "type": "nat",
          "marks": {
            "cm": 4,
            "im": -1
          },
          "pdfData": [
            {
              "page": 15,
              "x1": 34,
              "y1": 264,
              "x2": 561,
              "y2": 348
            }
          ]
        },
        "74": {
          "que": 74,
          "type": "nat",
          "marks": {
            "cm": 4,
            "im": -1
          },
          "pdfData": [
            {
              "page": 15,
              "x1": 34,
              "y1": 348,
              "x2": 561,
              "y2": 367
            }
          ]
        },
        "75": {
          "que": 75,
          "type": "nat",
          "marks": {
            "cm": 4,
            "im": -1
          },
          "pdfData": [
            {
              "page": 15,
              "x1": 34,
              "y1": 367,
              "x2": 561,
              "y2": 396
            }
          ]
        }
      }
    }
  },
  "pdfFileHash": "1d216b8c9d41ea8443158b8da8958ba6919b0b154c440d3b75b2a896652b97e1",
  "testAnswerKey": {
    "Maths": {
      "M-MCQ": {
        "1": [
          3
        ],
        "2": [
          3
        ],
        "3": [
          2
        ],
        "4": [
          1
        ],
        "5": [
          1
        ],
        "6": [
          3
        ],
        "7": [
          1
        ],
        "8": [
          2
        ],
        "9": [
          2
        ],
        "10": [
          3
        ],
        "11": [
          1
        ],
        "12": [
          1
        ],
        "13": [
          3
        ],
        "14": [
          4
        ],
        "15": [
          3
        ],
        "16": [
          3
        ],
        "17": [
          2
        ],
        "18": [
          1
        ],
        "19": [
          2
        ],
        "20": [
          1
        ]
      },
      "M-NUM": {
        "21": "957",
        "22": "16",
        "23": "1",
        "24": "392",
        "25": "55"
      }
    },
    "Physics": {
      "P-MCQ": {
        "26": [
          4
        ],
        "27": [
          4
        ],
        "28": [
          1
        ],
        "29": [
          1
        ],
        "30": [
          1
        ],
        "31": [
          4
        ],
        "32": [
          2
        ],
        "33": [
          3
        ],
        "34": [
          2
        ],
        "35": [
          4
        ],
        "36": [
          4
        ],
        "37": [
          1
        ],
        "38": [
          4
        ],
        "39": [
          4
        ],
        "40": [
          4
        ],
        "41": [
          4
        ],
        "42": [
          3
        ],
        "43": [
          2
        ],
        "44": [
          2
        ],
        "45": [
          3
        ]
      },
      "P-NUM": {
        "46": "5",
        "47": "36",
        "48": "43",
        "49": "250",
        "50": "9"
      }
    },
    "Chemistry": {
      "C-MCQ": {
        "51": [
          1
        ],
        "52": [
          1
        ],
        "53": [
          3
        ],
        "54": [
          3
        ],
        "55": [
          2
        ],
        "56": [
          4
        ],
        "57": [
          1
        ],
        "58": [
          2
        ],
        "59": [
          1
        ],
        "60": [
          4
        ],
        "61": [
          2
        ],
        "62": [
          2
        ],
        "63": [
          3
        ],
        "64": [
          4
        ],
        "65": [
          3
        ],
        "66": [
          2
        ],
        "67": [
          1
        ],
        "68": [
          2
        ],
        "69": [
          3
        ],
        "70": [
          2
        ]
      },
      "C-NUM": {
        "71": "255",
        "72": "75",
        "73": "20",
        "74": "4",
        "75": "3"
      }
    }
  }
}