{
  "testConfig": {
    "optionalQuestions": [
      {
        "subject": "Physics",
        "section": "P-NUM",
        "count": 5
      },
      {
        "subject": "Chemistry",
        "section": "C-NUM",
        "count": 5
      },
      {
        "subject": "Mathematics",
        "section": "M-NUM",
        "count": 5
      }
    ],
    "pdfFileHash": "547be75e4f54365d013a1901fdabe2f2b289ee4391254e9fe3043183114b62f3"
  },
  "pdfCropperData": {
    "Physics": {
      "P-MCQ": {
        "1": {
          "que": 1,
          "type": "mcq",
          "marks": {
            "cm": 4,
            "im": -1
          },
          "pdfData": [
            {
              "x1": 33.12,
              "x2": 591,
              "y1": 75.7,
              "y2": 208.37,
              "page": 1
            }
          ],
          "answerOptions": "4"
        },
        "2": {
          "que": 2,
          "type": "mcq",
          "marks": {
            "cm": 4,
            "im": -1
          },
          "pdfData": [
            {
              "x1": 33.12,
              "x2": 591,
              "y1": 217.7,
              "y2": 307.25,
              "page": 1
            }
          ],
          "answerOptions": "4"
        },
        "3": {
          "que": 3,
          "type": "mcq",
          "marks": {
            "cm": 4,
            "im": -1
          },
          "pdfData": [
            {
              "x1": 33.12,
              "x2": 591,
              "y1": 315.2,
              "y2": 381.28,
              "page": 1
            }
          ],
          "answerOptions": "4"
        },
        "4": {
          "que": 4,
          "type": "mcq",
          "marks": {
            "cm": 4,
            "im": -1
          },
          "pdfData": [
            {
              "x1": 33.12,
              "x2": 591,
              "y1": 389.2,
              "y2": 478.03,
              "page": 1
            }
          ],
          "answerOptions": "4"
        },
        "5": {
          "que": 5,
          "type": "mcq",
          "marks": {
            "cm": 4,
            "im": -1
          },
          "pdfData": [
            {
              "x1": 33.12,
              "x2": 591,
              "y1": 486.95,
              "y2": 553.03,
              "page": 1
            }
          ],
          "answerOptions": "4"
        },
        "6": {
          "que": 6,
          "type": "mcq",
          "marks": {
            "cm": 4,
            "im": -1
          },
          "pdfData": [
            {
              "x1": 33.12,
              "x2": 591,
              "y1": 561.95,
              "y2": 628.03,
              "page": 1
            }
          ],
          "answerOptions": "4"
        },
        "7": {
          "que": 7,
          "type": "mcq",
          "marks": {
            "cm": 4,
            "im": -1
          },
          "pdfData": [
            {
              "x1": 33.12,
              "x2": 591,
              "y1": 636.95,
              "y2": 706.01,
              "page": 1
            }
          ],
          "answerOptions": "4"
        },
        "8": {
          "que": 8,
          "type": "mcq",
          "marks": {
            "cm": 4,
            "im": -1
          },
          "pdfData": [
            {
              "x1": 33.12,
              "x2": 591,
              "y1": 711.95,
              "y2": 745.03,
              "page": 1
            },
            {
              "x1": 33.12,
              "x2": 591,
              "y1": 68,
              "y2": 108.28,
              "page": 2
            }
          ],
          "answerOptions": "4"
        },
        "9": {
          "que": 9,
          "type": "mcq",
          "marks": {
            "cm": 4,
            "im": -1
          },
          "pdfData": [
            {
              "x1": 33.12,
              "x2": 591,
              "y1": 117.2,
              "y2": 169.76,
              "page": 2
            }
          ],
          "answerOptions": "4"
        },
        "10": {
          "que": 10,
          "type": "mcq",
          "marks": {
            "cm": 4,
            "im": -1
          },
          "pdfData": [
            {
              "x1": 33.12,
              "x2": 591,
              "y1": 175.7,
              "y2": 258.28,
              "page": 2
            }
          ],
          "answerOptions": "4"
        },
        "11": {
          "que": 11,
          "type": "mcq",
          "marks": {
            "cm": 4,
            "im": -1
          },
          "pdfData": [
            {
              "x1": 33.12,
              "x2": 591,
              "y1": 267.2,
              "y2": 333.28,
              "page": 2
            }
          ],
          "answerOptions": "4"
        },
        "12": {
          "que": 12,
          "type": "mcq",
          "marks": {
            "cm": 4,
            "im": -1
          },
          "pdfData": [
            {
              "x1": 33.12,
              "x2": 591,
              "y1": 75.95,
              "y2": 570.62,
              "page": 3
            }
          ],
          "answerOptions": "4"
        },
        "13": {
          "que": 13,
          "type": "mcq",
          "marks": {
            "cm": 4,
            "im": -1
          },
          "pdfData": [
            {
              "x1": 33.12,
              "x2": 591,
              "y1": 579.95,
              "y2": 646.03,
              "page": 3
            }
          ],
          "answerOptions": "4"
        },
        "14": {
          "que": 14,
          "type": "mcq",
          "marks": {
            "cm": 4,
            "im": -1
          },
          "pdfData": [
            {
              "x1": 33.12,
              "x2": 591,
              "y1": 653.95,
              "y2": 720.62,
              "page": 3
            }
          ],
          "answerOptions": "4"
        },
        "15": {
          "que": 15,
          "type": "mcq",
          "marks": {
            "cm": 4,
            "im": -1
          },
          "pdfData": [
            {
              "x1": 33.12,
              "x2": 591,
              "y1": 729.95,
              "y2": 763.03,
              "page": 3
            },
            {
              "x1": 33.12,
              "x2": 591,
              "y1": 68,
              "y2": 157.37,
              "page": 4
            }
          ],
          "answerOptions": "4"
        },
        "16": {
          "que": 16,
          "type": "mcq",
          "marks": {
            "cm": 4,
            "im": -1
          },
          "pdfData": [
            {
              "x1": 33.12,
              "x2": 591,
              "y1": 166.7,
              "y2": 232.37,
              "page": 4
            }
          ],
          "answerOptions": "4"
        },
        "17": {
          "que": 17,
          "type": "mcq",
          "marks": {
            "cm": 4,
            "im": -1
          },
          "pdfData": [
            {
              "x1": 33.12,
              "x2": 591,
              "y1": 241.7,
              "y2": 307.78,
              "page": 4
            }
          ],
          "answerOptions": "4"
        },
        "18": {
          "que": 18,
          "type": "mcq",
          "marks": {
            "cm": 4,
            "im": -1
          },
          "pdfData": [
            {
              "x1": 33.12,
              "x2": 591,
              "y1": 315.7,
              "y2": 366.28,
              "page": 4
            }
          ],
          "answerOptions": "4"
        },
        "19": {
          "que": 19,
          "type": "mcq",
          "marks": {
            "cm": 4,
            "im": -1
          },
          "pdfData": [
            {
              "x1": 33.12,
              "x2": 591,
              "y1": 375.2,
              "y2": 441.28,
              "page": 4
            }
          ],
          "answerOptions": "4"
        },
        "20": {
          "que": 20,
          "type": "mcq",
          "marks": {
            "cm": 4,
            "im": -1
          },
          "pdfData": [
            {
              "x1": 33.12,
              "x2": 591,
              "y1": 449.95,
              "y2": 548.87,
              "page": 4
            }
          ],
          "answerOptions": "4"
        }
      },
      "P-NUM": {
        "21": {
          "que": 21,
          "type": "nat",
          "marks": {
            "cm": 4,
            "im": -1
          },
          "pdfData": [
            {
              "x1": 33.11,
              "x2": 591,
              "y1": 555.34,
              "y2": 591.28,
              "page": 4
            }
          ]
        },
        "22": {
          "que": 22,
          "type": "nat",
          "marks": {
            "cm": 4,
            "im": -1
          },
          "pdfData": [
            {
              "x1": 33.11,
              "x2": 591,
              "y1": 600.2,
              "y2": 649.78,
              "page": 4
            }
          ]
        },
        "23": {
          "que": 23,
          "type": "nat",
          "marks": {
            "cm": 4,
            "im": -1
          },
          "pdfData": [
            {
              "x1": 33.11,
              "x2": 591,
              "y1": 657.7,
              "y2": 691.78,
              "page": 4
            },
            {
              "x1": 33.12,
              "x2": 591,
              "y1": 68,
              "y2": 210.28,
              "page": 5
            }
          ]
        },
        "24": {
          "que": 24,
          "type": "nat",
          "marks": {
            "cm": 4,
            "im": -1
          },
          "pdfData": [
            {
              "x1": 33.12,
              "x2": 591,
              "y1": 218.95,
              "y2": 252.28,
              "page": 5
            }
          ]
        },
        "25": {
          "que": 25,
          "type": "nat",
          "marks": {
            "cm": 4,
            "im": -1
          },
          "pdfData": [
            {
              "x1": 33.12,
              "x2": 591,
              "y1": 261.2,
              "y2": 379.37,
              "page": 5
            }
          ]
        },
        "26": {
          "que": 26,
          "type": "nat",
          "marks": {
            "cm": 4,
            "im": -1
          },
          "pdfData": [
            {
              "x1": 33.12,
              "x2": 591,
              "y1": 388.7,
              "y2": 503.53,
              "page": 5
            }
          ]
        },
        "27": {
          "que": 27,
          "type": "nat",
          "marks": {
            "cm": 4,
            "im": -1
          },
          "pdfData": [
            {
              "x1": 33.12,
              "x2": 591,
              "y1": 511.45000000000005,
              "y2": 562.03,
              "page": 5
            }
          ]
        },
        "28": {
          "que": 28,
          "type": "nat",
          "marks": {
            "cm": 4,
            "im": -1
          },
          "pdfData": [
            {
              "x1": 33.14,
              "x2": 591,
              "y1": 570.95,
              "y2": 620.53,
              "page": 5
            }
          ]
        },
        "29": {
          "que": 29,
          "type": "nat",
          "marks": {
            "cm": 4,
            "im": -1
          },
          "pdfData": [
            {
              "x1": 33.12,
              "x2": 591,
              "y1": 629.45,
              "y2": 662.53,
              "page": 5
            }
          ]
        },
        "30": {
          "que": 30,
          "type": "nat",
          "marks": {
            "cm": 4,
            "im": -1
          },
          "pdfData": [
            {
              "x1": 33.12,
              "x2": 591,
              "y1": 671.45,
              "y2": 721.03,
              "page": 5
            }
          ]
        }
      }
    },
    "Chemistry": {
      "C-MCQ": {
        "31": {
          "que": 31,
          "type": "mcq",
          "marks": {
            "cm": 4,
            "im": -1
          },
          "pdfData": [
            {
              "x1": 33.12,
              "x2": 591,
              "y1": 728.95,
              "y2": 763.03,
              "page": 5
            },
            {
              "x1": 33.12,
              "x2": 591,
              "y1": 68,
              "y2": 108.28,
              "page": 6
            }
          ],
          "answerOptions": "4"
        },
        "32": {
          "que": 32,
          "type": "mcq",
          "marks": {
            "cm": 4,
            "im": -1
          },
          "pdfData": [
            {
              "x1": 33.12,
              "x2": 591,
              "y1": 116.11,
              "y2": 171.28,
              "page": 6
            }
          ],
          "answerOptions": "4"
        },
        "33": {
          "que": 33,
          "type": "mcq",
          "marks": {
            "cm": 4,
            "im": -1
          },
          "pdfData": [
            {
              "x1": 33.12,
              "x2": 591,
              "y1": 180.2,
              "y2": 344.87,
              "page": 6
            }
          ],
          "answerOptions": "4"
        },
        "34": {
          "que": 34,
          "type": "mcq",
          "marks": {
            "cm": 4,
            "im": -1
          },
          "pdfData": [
            {
              "x1": 33.12,
              "x2": 591,
              "y1": 354.2,
              "y2": 419.87,
              "page": 6
            }
          ],
          "answerOptions": "4"
        },
        "35": {
          "que": 35,
          "type": "mcq",
          "marks": {
            "cm": 4,
            "im": -1
          },
          "pdfData": [
            {
              "x1": 33.12,
              "x2": 591,
              "y1": 429.2,
              "y2": 544.37,
              "page": 6
            }
          ],
          "answerOptions": "4"
        },
        "36": {
          "que": 36,
          "type": "mcq",
          "marks": {
            "cm": 4,
            "im": -1
          },
          "pdfData": [
            {
              "x1": 33.11,
              "x2": 591,
              "y1": 553.7,
              "y2": 652.37,
              "page": 6
            }
          ],
          "answerOptions": "4"
        },
        "37": {
          "que": 37,
          "type": "mcq",
          "marks": {
            "cm": 4,
            "im": -1
          },
          "pdfData": [
            {
              "x1": 33.11,
              "x2": 591,
              "y1": 661.7,
              "y2": 743.87,
              "page": 6
            }
          ],
          "answerOptions": "4"
        },
        "38": {
          "que": 38,
          "type": "mcq",
          "marks": {
            "cm": 4,
            "im": -1
          },
          "pdfData": [
            {
              "x1": 33.12,
              "x2": 591,
              "y1": 75.95,
              "y2": 158.53,
              "page": 7
            }
          ],
          "answerOptions": "4"
        },
        "39": {
          "que": 39,
          "type": "mcq",
          "marks": {
            "cm": 4,
            "im": -1
          },
          "pdfData": [
            {
              "x1": 33.12,
              "x2": 591,
              "y1": 167.45,
              "y2": 233.53,
              "page": 7
            }
          ],
          "answerOptions": "4"
        },
        "40": {
          "que": 40,
          "type": "mcq",
          "marks": {
            "cm": 4,
            "im": -1
          },
          "pdfData": [
            {
              "x1": 33.12,
              "x2": 591,
              "y1": 242.45,
              "y2": 291.62,
              "page": 7
            }
          ],
          "answerOptions": "4"
        },
        "41": {
          "que": 41,
          "type": "mcq",
          "marks": {
            "cm": 4,
            "im": -1
          },
          "pdfData": [
            {
              "x1": 33.12,
              "x2": 591,
              "y1": 300.7,
              "y2": 386.57,
              "page": 7
            }
          ],
          "answerOptions": "4"
        },
        "42": {
          "que": 42,
          "type": "mcq",
          "marks": {
            "cm": 4,
            "im": -1
          },
          "pdfData": [
            {
              "x1": 33.11,
              "x2": 591,
              "y1": 390.34,
              "y2": 541.37,
              "page": 7
            }
          ],
          "answerOptions": "4"
        },
        "43": {
          "que": 43,
          "type": "mcq",
          "marks": {
            "cm": 4,
            "im": -1
          },
          "pdfData": [
            {
              "x1": 33.11,
              "x2": 591,
              "y1": 550.7,
              "y2": 665.53,
              "page": 7
            }
          ],
          "answerOptions": "4"
        },
        "44": {
          "que": 44,
          "type": "mcq",
          "marks": {
            "cm": 4,
            "im": -1
          },
          "pdfData": [
            {
              "x1": 33.12,
              "x2": 591,
              "y1": 674.45,
              "y2": 706.25,
              "page": 7
            },
            {
              "x1": 33.12,
              "x2": 591,
              "y1": 68,
              "y2": 156.5,
              "page": 8
            }
          ],
          "answerOptions": "4"
        },
        "45": {
          "que": 45,
          "type": "mcq",
          "marks": {
            "cm": 4,
            "im": -1
          },
          "pdfData": [
            {
              "x1": 33.12,
              "x2": 591,
              "y1": 168.2,
              "y2": 473.75,
              "page": 8
            }
          ],
          "answerOptions": "4"
        },
        "46": {
          "que": 46,
          "type": "mcq",
          "marks": {
            "cm": 4,
            "im": -1
          },
          "pdfData": [
            {
              "x1": 33.12,
              "x2": 591,
              "y1": 485.45,
              "y2": 612.28,
              "page": 8
            },
            {
              "x1": 33.12,
              "x2": 591,
              "y1": 68,
              "y2": 284,
              "page": 9
            }
          ],
          "answerOptions": "4"
        },
        "47": {
          "que": 47,
          "type": "mcq",
          "marks": {
            "cm": 4,
            "im": -1
          },
          "pdfData": [
            {
              "x1": 33.12,
              "x2": 591,
              "y1": 295.7,
              "y2": 594.5,
              "page": 9
            }
          ],
          "answerOptions": "4"
        },
        "48": {
          "que": 48,
          "type": "mcq",
          "marks": {
            "cm": 4,
            "im": -1
          },
          "pdfData": [
            {
              "x1": 33.12,
              "x2": 591,
              "y1": 606.2,
              "y2": 689.46,
              "page": 9
            }
          ],
          "answerOptions": "4"
        },
        "49": {
          "que": 49,
          "type": "mcq",
          "marks": {
            "cm": 4,
            "im": -1
          },
          "pdfData": [
            {
              "x1": 33.12,
              "x2": 591,
              "y1": 73.84,
              "y2": 215.87,
              "page": 10
            }
          ],
          "answerOptions": "4"
        },
        "50": {
          "que": 50,
          "type": "mcq",
          "marks": {
            "cm": 4,
            "im": -1
          },
          "pdfData": [
            {
              "x1": 33.12,
              "x2": 591,
              "y1": 225.2,
              "y2": 421.37,
              "page": 10
            }
          ],
          "answerOptions": "4"
        }
      },
      "C-NUM": {
        "51": {
          "que": 51,
          "type": "nat",
          "marks": {
            "cm": 4,
            "im": -1
          },
          "pdfData": [
            {
              "x1": 33.12,
              "x2": 591,
              "y1": 430.7,
              "y2": 504.7,
              "page": 10
            }
          ]
        },
        "52": {
          "que": 52,
          "type": "nat",
          "marks": {
            "cm": 4,
            "im": -1
          },
          "pdfData": [
            {
              "x1": 33.12,
              "x2": 591,
              "y1": 513.95,
              "y2": 547.03,
              "page": 10
            }
          ]
        },
        "53": {
          "que": 53,
          "type": "nat",
          "marks": {
            "cm": 4,
            "im": -1
          },
          "pdfData": [
            {
              "x1": 33.12,
              "x2": 591,
              "y1": 555.95,
              "y2": 605.53,
              "page": 10
            }
          ]
        },
        "54": {
          "que": 54,
          "type": "nat",
          "marks": {
            "cm": 4,
            "im": -1
          },
          "pdfData": [
            {
              "x1": 33.12,
              "x2": 591,
              "y1": 613.45,
              "y2": 647.12,
              "page": 10
            }
          ]
        },
        "55": {
          "que": 55,
          "type": "nat",
          "marks": {
            "cm": 4,
            "im": -1
          },
          "pdfData": [
            {
              "x1": 33.12,
              "x2": 591,
              "y1": 656.45,
              "y2": 724.71,
              "page": 10
            }
          ]
        },
        "56": {
          "que": 56,
          "type": "nat",
          "marks": {
            "cm": 4,
            "im": -1
          },
          "pdfData": [
            {
              "x1": 33.12,
              "x2": 591,
              "y1": 730.45,
              "y2": 764.53,
              "page": 10
            }
          ]
        },
        "57": {
          "que": 57,
          "type": "nat",
          "marks": {
            "cm": 4,
            "im": -1
          },
          "pdfData": [
            {
              "x1": 33.12,
              "x2": 591,
              "y1": 75.95,
              "y2": 271.25,
              "page": 11
            }
          ]
        },
        "58": {
          "que": 58,
          "type": "nat",
          "marks": {
            "cm": 4,
            "im": -1
          },
          "pdfData": [
            {
              "x1": 33.12,
              "x2": 591,
              "y1": 281.95,
              "y2": 469.78,
              "page": 11
            }
          ]
        },
        "59": {
          "que": 59,
          "type": "nat",
          "marks": {
            "cm": 4,
            "im": -1
          },
          "pdfData": [
            {
              "x1": 33.12,
              "x2": 591,
              "y1": 477.7,
              "y2": 512.46,
              "page": 11
            }
          ]
        },
        "60": {
          "que": 60,
          "type": "nat",
          "marks": {
            "cm": 4,
            "im": -1
          },
          "pdfData": [
            {
              "x1": 33.12,
              "x2": 591,
              "y1": 520.7,
              "y2": 624.28,
              "page": 11
            }
          ]
        }
      }
    },
    "Mathematics": {
      "M-MCQ": {
        "61": {
          "que": 61,
          "type": "mcq",
          "marks": {
            "cm": 4,
            "im": -1
          },
          "pdfData": [
            {
              "x1": 33.12,
              "x2": 591,
              "y1": 633.25,
              "y2": 725.51,
              "page": 11
            }
          ],
          "answerOptions": "4"
        },
        "62": {
          "que": 62,
          "type": "mcq",
          "marks": {
            "cm": 4,
            "im": -1
          },
          "pdfData": [
            {
              "x1": 33.12,
              "x2": 591,
              "y1": 731.2,
              "y2": 748.71,
              "page": 11
            },
            {
              "x1": 33.12,
              "x2": 591,
              "y1": 68,
              "y2": 107.87,
              "page": 12
            }
          ],
          "answerOptions": "4"
        },
        "63": {
          "que": 63,
          "type": "mcq",
          "marks": {
            "cm": 4,
            "im": -1
          },
          "pdfData": [
            {
              "x1": 33.12,
              "x2": 591,
              "y1": 117.2,
              "y2": 182.87,
              "page": 12
            }
          ],
          "answerOptions": "4"
        },
        "64": {
          "que": 64,
          "type": "mcq",
          "marks": {
            "cm": 4,
            "im": -1
          },
          "pdfData": [
            {
              "x1": 33.12,
              "x2": 591,
              "y1": 192.2,
              "y2": 274.78,
              "page": 12
            }
          ],
          "answerOptions": "4"
        },
        "65": {
          "que": 65,
          "type": "mcq",
          "marks": {
            "cm": 4,
            "im": -1
          },
          "pdfData": [
            {
              "x1": 33.12,
              "x2": 591,
              "y1": 283.7,
              "y2": 365.87,
              "page": 12
            }
          ],
          "answerOptions": "4"
        },
        "66": {
          "que": 66,
          "type": "mcq",
          "marks": {
            "cm": 4,
            "im": -1
          },
          "pdfData": [
            {
              "x1": 33.11,
              "x2": 591,
              "y1": 375.2,
              "y2": 441.28,
              "page": 12
            }
          ],
          "answerOptions": "4"
        },
        "67": {
          "que": 67,
          "type": "mcq",
          "marks": {
            "cm": 4,
            "im": -1
          },
          "pdfData": [
            {
              "x1": 33.11,
              "x2": 591,
              "y1": 450.2,
              "y2": 515.87,
              "page": 12
            }
          ],
          "answerOptions": "4"
        },
        "68": {
          "que": 68,
          "type": "mcq",
          "marks": {
            "cm": 4,
            "im": -1
          },
          "pdfData": [
            {
              "x1": 33.11,
              "x2": 591,
              "y1": 522.7,
              "y2": 583.01,
              "page": 12
            }
          ],
          "answerOptions": "4"
        },
        "69": {
          "que": 69,
          "type": "mcq",
          "marks": {
            "cm": 4,
            "im": -1
          },
          "pdfData": [
            {
              "x1": 33.11,
              "x2": 591,
              "y1": 588.95,
              "y2": 671.12,
              "page": 12
            }
          ],
          "answerOptions": "4"
        },
        "70": {
          "que": 70,
          "type": "mcq",
          "marks": {
            "cm": 4,
            "im": -1
          },
          "pdfData": [
            {
              "x1": 33.11,
              "x2": 591,
              "y1": 680.45,
              "y2": 746.12,
              "page": 12
            }
          ],
          "answerOptions": "4"
        },
        "71": {
          "que": 71,
          "type": "mcq",
          "marks": {
            "cm": 4,
            "im": -1
          },
          "pdfData": [
            {
              "x1": 33.12,
              "x2": 591,
              "y1": 74.95,
              "y2": 129.20999999999998,
              "page": 13
            }
          ],
          "answerOptions": "4"
        },
        "72": {
          "que": 72,
          "type": "mcq",
          "marks": {
            "cm": 4,
            "im": -1
          },
          "pdfData": [
            {
              "x1": 33.12,
              "x2": 591,
              "y1": 134.95,
              "y2": 200.87,
              "page": 13
            }
          ],
          "answerOptions": "4"
        },
        "73": {
          "que": 73,
          "type": "mcq",
          "marks": {
            "cm": 4,
            "im": -1
          },
          "pdfData": [
            {
              "x1": 33.12,
              "x2": 591,
              "y1": 207.7,
              "y2": 260.53,
              "page": 13
            }
          ],
          "answerOptions": "4"
        },
        "74": {
          "que": 74,
          "type": "mcq",
          "marks": {
            "cm": 4,
            "im": -1
          },
          "pdfData": [
            {
              "x1": 33.12,
              "x2": 591,
              "y1": 268.45,
              "y2": 321.28,
              "page": 13
            }
          ],
          "answerOptions": "4"
        },
        "75": {
          "que": 75,
          "type": "mcq",
          "marks": {
            "cm": 4,
            "im": -1
          },
          "pdfData": [
            {
              "x1": 33.12,
              "x2": 591,
              "y1": 329.2,
              "y2": 396.62,
              "page": 13
            }
          ],
          "answerOptions": "4"
        },
        "76": {
          "que": 76,
          "type": "mcq",
          "marks": {
            "cm": 4,
            "im": -1
          },
          "pdfData": [
            {
              "x1": 33.12,
              "x2": 591,
              "y1": 404.2,
              "y2": 478.76,
              "page": 13
            }
          ],
          "answerOptions": "4"
        },
        "77": {
          "que": 77,
          "type": "mcq",
          "marks": {
            "cm": 4,
            "im": -1
          },
          "pdfData": [
            {
              "x1": 33.12,
              "x2": 591,
              "y1": 481.09,
              "y2": 541.86,
              "page": 13
            }
          ],
          "answerOptions": "4"
        },
        "78": {
          "que": 78,
          "type": "mcq",
          "marks": {
            "cm": 4,
            "im": -1
          },
          "pdfData": [
            {
              "x1": 33.12,
              "x2": 591,
              "y1": 544.84,
              "y2": 622.76,
              "page": 13
            }
          ],
          "answerOptions": "4"
        },
        "79": {
          "que": 79,
          "type": "mcq",
          "marks": {
            "cm": 4,
            "im": -1
          },
          "pdfData": [
            {
              "x1": 33.12,
              "x2": 591,
              "y1": 626.2,
              "y2": 695.12,
              "page": 13
            }
          ],
          "answerOptions": "4"
        },
        "80": {
          "que": 80,
          "type": "mcq",
          "marks": {
            "cm": 4,
            "im": -1
          },
          "pdfData": [
            {
              "x1": 33.12,
              "x2": 591,
              "y1": 704.45,
              "y2": 737.12,
              "page": 13
            },
            {
              "x1": 33.12,
              "x2": 591,
              "y1": 68,
              "y2": 111.26,
              "page": 14
            }
          ],
          "answerOptions": "4"
        }
      },
      "M-NUM": {
        "81": {
          "que": 81,
          "type": "nat",
          "marks": {
            "cm": 4,
            "im": -1
          },
          "pdfData": [
            {
              "x1": 33.12,
              "x2": 591,
              "y1": 116.59,
              "y2": 140.05,
              "page": 14
            }
          ]
        },
        "82": {
          "que": 82,
          "type": "nat",
          "marks": {
            "cm": 4,
            "im": -1
          },
          "pdfData": [
            {
              "x1": 33.12,
              "x2": 591,
              "y1": 142.84,
              "y2": 179.53,
              "page": 14
            }
          ]
        },
        "83": {
          "que": 83,
          "type": "nat",
          "marks": {
            "cm": 4,
            "im": -1
          },
          "pdfData": [
            {
              "x1": 33.12,
              "x2": 591,
              "y1": 187.45,
              "y2": 241.71,
              "page": 14
            }
          ]
        },
        "84": {
          "que": 84,
          "type": "nat",
          "marks": {
            "cm": 4,
            "im": -1
          },
          "pdfData": [
            {
              "x1": 33.12,
              "x2": 591,
              "y1": 248.2,
              "y2": 283.03,
              "page": 14
            }
          ]
        },
        "85": {
          "que": 85,
          "type": "nat",
          "marks": {
            "cm": 4,
            "im": -1
          },
          "pdfData": [
            {
              "x1": 33.12,
              "x2": 591,
              "y1": 289.84,
              "y2": 349.37,
              "page": 14
            }
          ]
        },
        "86": {
          "que": 86,
          "type": "nat",
          "marks": {
            "cm": 4,
            "im": -1
          },
          "pdfData": [
            {
              "x1": 33.12,
              "x2": 591,
              "y1": 358.7,
              "y2": 410.46,
              "page": 14
            }
          ]
        },
        "87": {
          "que": 87,
          "type": "nat",
          "marks": {
            "cm": 4,
            "im": -1
          },
          "pdfData": [
            {
              "x1": 33.12,
              "x2": 591,
              "y1": 417.2,
              "y2": 471.62,
              "page": 14
            }
          ]
        },
        "88": {
          "que": 88,
          "type": "nat",
          "marks": {
            "cm": 4,
            "im": -1
          },
          "pdfData": [
            {
              "x1": 33.12,
              "x2": 591,
              "y1": 478.09,
              "y2": 516.96,
              "page": 14
            }
          ]
        },
        "89": {
          "que": 89,
          "type": "nat",
          "marks": {
            "cm": 4,
            "im": -1
          },
          "pdfData": [
            {
              "x1": 33.12,
              "x2": 591,
              "y1": 521.2,
              "y2": 559.03,
              "page": 14
            }
          ]
        },
        "90": {
          "que": 90,
          "type": "nat",
          "marks": {
            "cm": 4,
            "im": -1
          },
          "pdfData": [
            {
              "x1": 33.12,
              "x2": 591,
              "y1": 567.95,
              "y2": 620.2,
              "page": 14
            }
          ]
        }
      }
    }
  },
  "appVersion": "1.22.1",
  "generatedBy": "answerKeyPage",
  "generatedBasedOn": "pdfCropperPage",
  "testAnswerKey": {
    "Physics": {
      "P-MCQ": {
        "1": [
          2
        ],
        "2": [
          1
        ],
        "3": [
          3
        ],
        "4": [
          2
        ],
        "5": [
          4
        ],
        "6": [
          4
        ],
        "7": [
          4
        ],
        "8": [
          4
        ],
        "9": [
          2
        ],
        "10": [
          2
        ],
        "11": [
          4
        ],
        "12": [
          4
        ],
        "13": [
          3
        ],
        "14": [
          4
        ],
        "15": [
          3
        ],
        "16": [
          3
        ],
        "17": [
          3
        ],
        "18": [
          2
        ],
        "19": [
          3
        ],
        "20": [
          3
        ]
      },
      "P-NUM": {
        "21": "3",
        "22": "4",
        "23": "1",
        "24": "740",
        "25": "93",
        "26": "160",
        "27": "100",
        "28": "10",
        "29": "8",
        "30": "122"
      }
    },
    "Chemistry": {
      "C-MCQ": {
        "31": [
          3
        ],
        "32": [
          1
        ],
        "33": [
          3
        ],
        "34": [
          2
        ],
        "35": [
          2
        ],
        "36": [
          3
        ],
        "37": [
          3
        ],
        "38": [
          3
        ],
        "39": [
          3
        ],
        "40": [
          3
        ],
        "41": [
          4
        ],
        "42": [
          3
        ],
        "43": [
          1
        ],
        "44": [
          3
        ],
        "45": [
          1
        ],
        "46": [
          1
        ],
        "47": [
          4
        ],
        "48": [
          1
        ],
        "49": [
          4
        ],
        "50": [
          2
        ]
      },
      "C-NUM": {
        "51": "12",
        "52": "34",
        "53": "287",
        "54": "2000",
        "55": "17",
        "56": "0",
        "57": "5",
        "58": "543",
        "59": "6",
        "60": "15"
      }
    },
    "Mathematics": {
      "M-MCQ": {
        "61": [
          4
        ],
        "62": [
          1
        ],
        "63": [
          3
        ],
        "64": [
          2
        ],
        "65": [
          1
        ],
        "66": [
          3
        ],
        "67": [
          1
        ],
        "68": [
          2
        ],
        "69": [
          1
        ],
        "70": [
          4
        ],
        "71": [
          4
        ],
        "72": [
          2
        ],
        "73": [
          2
        ],
        "74": [
          1
        ],
        "75": [
          3
        ],
        "76": [
          4
        ],
        "77": [
          3
        ],
        "78": [
          3
        ],
        "79": [
          2
        ],
        "80": [
          2
        ]
      },
      "M-NUM": {
        "81": "4",
        "82": "3660",
        "83": "61",
        "84": "39",
        "85": "38",
        "86": "17",
        "87": "23",
        "88": "3",
        "89": "43",
        "90": "71"
      }
    }
  }
}