{
  "pdfCropperData": {
    "Maths": {
      "M-MCQ": {
        "1": {
          "que": 1,
          "type": "mcq",
          "options": 4,
          "marks": {
            "cm": 4,
            "im": -1
          },
          "pdfData": [
            {
              "page": 1,
              "x1": 35,
              "y1": 72,
              "x2": 556,
              "y2": 166
            }
          ]
        },
        "2": {
          "que": 2,
          "type": "mcq",
          "options": 4,
          "marks": {
            "cm": 4,
            "im": -1
          },
          "pdfData": [
            {
              "page": 1,
              "x1": 35,
              "y1": 166,
              "x2": 556,
              "y2": 239
            }
          ]
        },
        "3": {
          "que": 3,
          "type": "mcq",
          "options": 4,
          "marks": {
            "cm": 4,
            "im": -1
          },
          "pdfData": [
            {
              "page": 1,
              "x1": 35,
              "y1": 239,
              "x2": 556,
              "y2": 304
            }
          ]
        },
        "4": {
          "que": 4,
          "type": "mcq",
          "options": 4,
          "marks": {
            "cm": 4,
            "im": -1
          },
          "pdfData": [
            {
              "page": 1,
              "x1": 35,
              "y1": 304,
              "x2": 556,
              "y2": 360
            }
          ]
        },
        "5": {
          "que": 5,
          "type": "mcq",
          "options": 4,
          "marks": {
            "cm": 4,
            "im": -1
          },
          "pdfData": [
            {
              "page": 1,
              "x1": 35,
              "y1": 360,
              "x2": 556,
              "y2": 436
            }
          ]
        },
        "6": {
          "que": 6,
          "type": "mcq",
          "options": 4,
          "marks": {
            "cm": 4,
            "im": -1
          },
          "pdfData": [
            {
              "page": 1,
              "x1": 35,
              "y1": 436,
              "x2": 556,
              "y2": 512
            }
          ]
        },
        "7": {
          "que": 7,
          "type": "mcq",
          "options": 4,
          "marks": {
            "cm": 4,
            "im": -1
          },
          "pdfData": [
            {
              "page": 1,
              "x1": 35,
              "y1": 512,
              "x2": 556,
              "y2": 613
            }
          ]
        },
        "8": {
          "que": 8,
          "type": "mcq",
          "options": 4,
          "marks": {
            "cm": 4,
            "im": -1
          },
          "pdfData": [
            {
              "page": 1,
              "x1": 35,
              "y1": 613,
              "x2": 556,
              "y2": 690
            }
          ]
        },
        "9": {
          "que": 9,
          "type": "mcq",
          "options": 4,
          "marks": {
            "cm": 4,
            "im": -1
          },
          "pdfData": [
            {
              "page": 1,
              "x1": 35,
              "y1": 690,
              "x2": 556,
              "y2": 751
            }
          ]
        },
        "10": {
          "que": 10,
          "type": "mcq",
          "options": 4,
          "marks": {
            "cm": 4,
            "im": -1
          },
          "pdfData": [
            {
              "page": 2,
              "x1": 35,
              "y1": 75,
              "x2": 569,
              "y2": 173
            }
          ]
        },
        "11": {
          "que": 11,
          "type": "mcq",
          "options": 4,
          "marks": {
            "cm": 4,
            "im": -1
          },
          "pdfData": [
            {
              "page": 2,
              "x1": 35,
              "y1": 173,
              "x2": 569,
              "y2": 260
            }
          ]
        },
        "12": {
          "que": 12,
          "type": "mcq",
          "options": 4,
          "marks": {
            "cm": 4,
            "im": -1
          },
          "pdfData": [
            {
              "page": 2,
              "x1": 35,
              "y1": 260,
              "x2": 569,
              "y2": 317
            }
          ]
        },
        "13": {
          "que": 13,
          "type": "mcq",
          "options": 4,
          "marks": {
            "cm": 4,
            "im": -1
          },
          "pdfData": [
            {
              "page": 2,
              "x1": 35,
              "y1": 317,
              "x2": 569,
              "y2": 394
            }
          ]
        },
        "14": {
          "que": 14,
          "type": "mcq",
          "options": 4,
          "marks": {
            "cm": 4,
            "im": -1
          },
          "pdfData": [
            {
              "page": 2,
              "x1": 35,
              "y1": 394,
              "x2": 569,
              "y2": 499
            }
          ]
        },
        "15": {
          "que": 15,
          "type": "mcq",
          "options": 4,
          "marks": {
            "cm": 4,
            "im": -1
          },
          "pdfData": [
            {
              "page": 2,
              "x1": 35,
              "y1": 499,
              "x2": 569,
              "y2": 588
            }
          ]
        },
        "16": {
          "que": 16,
          "type": "mcq",
          "options": 4,
          "marks": {
            "cm": 4,
            "im": -1
          },
          "pdfData": [
            {
              "page": 2,
              "x1": 35,
              "y1": 588,
              "x2": 569,
              "y2": 652
            }
          ]
        },
        "17": {
          "que": 17,
          "type": "mcq",
          "options": 4,
          "marks": {
            "cm": 4,
            "im": -1
          },
          "pdfData": [
            {
              "page": 2,
              "x1": 35,
              "y1": 652,
              "x2": 569,
              "y2": 727
            }
          ]
        },
        "18": {
          "que": 18,
          "type": "mcq",
          "options": 4,
          "marks": {
            "cm": 4,
            "im": -1
          },
          "pdfData": [
            {
              "page": 3,
              "x1": 35,
              "y1": 76,
              "x2": 569,
              "y2": 171
            }
          ]
        },
        "19": {
          "que": 19,
          "type": "mcq",
          "options": 4,
          "marks": {
            "cm": 4,
            "im": -1
          },
          "pdfData": [
            {
              "page": 3,
              "x1": 35,
              "y1": 171,
              "x2": 569,
              "y2": 259
            }
          ]
        },
        "20": {
          "que": 20,
          "type": "mcq",
          "options": 4,
          "marks": {
            "cm": 4,
            "im": -1
          },
          "pdfData": [
            {
              "page": 3,
              "x1": 35,
              "y1": 259,
              "x2": 569,
              "y2": 321
            }
          ]
        }
      },
      "M-NUM": {
        "21": {
          "que": 21,
          "type": "nat",
          "marks": {
            "cm": 4,
            "im": -1
          },
          "pdfData": [
            {
              "page": 3,
              "x1": 35,
              "y1": 321,
              "x2": 569,
              "y2": 345
            }
          ]
        },
        "22": {
          "que": 22,
          "type": "nat",
          "marks": {
            "cm": 4,
            "im": -1
          },
          "pdfData": [
            {
              "page": 3,
              "x1": 35,
              "y1": 345,
              "x2": 569,
              "y2": 388
            }
          ]
        },
        "23": {
          "que": 23,
          "type": "nat",
          "marks": {
            "cm": 4,
            "im": -1
          },
          "pdfData": [
            {
              "page": 3,
              "x1": 35,
              "y1": 388,
              "x2": 569,
              "y2": 427
            }
          ]
        },
        "24": {
          "que": 24,
          "type": "nat",
          "marks": {
            "cm": 4,
            "im": -1
          },
          "pdfData": [
            {
              "page": 3,
              "x1": 35,
              "y1": 427,
              "x2": 569,
              "y2": 465
            }
          ]
        },
        "25": {
          "que": 25,
          "type": "nat",
          "marks": {
            "cm": 4,
            "im": -1
          },
          "pdfData": [
            {
              "page": 3,
              "x1": 35,
              "y1": 465,
              "x2": 569,
              "y2": 513
            }
          ]
        }
      }
    },
    "Physics": {
      "P-MCQ": {
        "26": {
          "que": 26,
          "type": "mcq",
          "marks": {
            "cm": 4,
            "im": -1
          },
          "pdfData": [
            {
              "page": 3,
              "x1": 35,
              "y1": 513,
              "x2": 569,
              "y2": 604
            }
          ]
        },
        "27": {
          "que": 27,
          "type": "mcq",
          "marks": {
            "cm": 4,
            "im": -1
          },
          "pdfData": [
            {
              "page": 3,
              "x1": 35,
              "y1": 604,
              "x2": 569,
              "y2": 694
            }
          ]
        },
        "28": {
          "que": 28,
          "type": "mcq",
          "marks": {
            "cm": 4,
            "im": -1
          },
          "pdfData": [
            {
              "page": 3,
              "x1": 35,
              "y1": 694,
              "x2": 569,
              "y2": 750
            },
            {
              "page": 4,
              "x1": 35,
              "y1": 77,
              "x2": 569,
              "y2": 219
            }
          ]
        },
        "29": {
          "que": 29,
          "type": "mcq",
          "marks": {
            "cm": 4,
            "im": -1
          },
          "pdfData": [
            {
              "page": 4,
              "x1": 35,
              "y1": 219,
              "x2": 569,
              "y2": 468
            }
          ]
        },
        "30": {
          "que": 30,
          "type": "mcq",
          "marks": {
            "cm": 4,
            "im": -1
          },
          "pdfData": [
            {
              "page": 4,
              "x1": 35,
              "y1": 468,
              "x2": 569,
              "y2": 576
            }
          ]
        },
        "31": {
          "que": 31,
          "type": "mcq",
          "marks": {
            "cm": 4,
            "im": -1
          },
          "pdfData": [
            {
              "page": 4,
              "x1": 35,
              "y1": 576,
              "x2": 569,
              "y2": 652
            }
          ]
        },
        "32": {
          "que": 32,
          "type": "mcq",
          "marks": {
            "cm": 4,
            "im": -1
          },
          "pdfData": [
            {
              "page": 4,
              "x1": 35,
              "y1": 652,
              "x2": 569,
              "y2": 691
            },
            {
              "page": 5,
              "x1": 35,
              "y1": 76,
              "x2": 569,
              "y2": 316
            }
          ]
        },
        "33": {
          "que": 33,
          "type": "mcq",
          "marks": {
            "cm": 4,
            "im": -1
          },
          "pdfData": [
            {
              "page": 5,
              "x1": 35,
              "y1": 316,
              "x2": 569,
              "y2": 472
            }
          ]
        },
        "34": {
          "que": 34,
          "type": "mcq",
          "marks": {
            "cm": 4,
            "im": -1
          },
          "pdfData": [
            {
              "page": 5,
              "x1": 35,
              "y1": 472,
              "x2": 569,
              "y2": 580
            }
          ]
        },
        "35": {
          "que": 35,
          "type": "mcq",
          "marks": {
            "cm": 4,
            "im": -1
          },
          "pdfData": [
            {
              "page": 5,
              "x1": 35,
              "y1": 580,
              "x2": 569,
              "y2": 690
            }
          ]
        },
        "36": {
          "que": 36,
          "type": "mcq",
          "marks": {
            "cm": 4,
            "im": -1
          },
          "pdfData": [
            {
              "page": 5,
              "x1": 35,
              "y1": 690,
              "x2": 569,
              "y2": 727
            },
            {
              "page": 6,
              "x1": 35,
              "y1": 75,
              "x2": 569,
              "y2": 307
            }
          ]
        },
        "37": {
          "que": 37,
          "type": "mcq",
          "marks": {
            "cm": 4,
            "im": -1
          },
          "pdfData": [
            {
              "page": 6,
              "x1": 35,
              "y1": 307,
              "x2": 569,
              "y2": 572
            }
          ]
        },
        "38": {
          "que": 38,
          "type": "mcq",
          "marks": {
            "cm": 4,
            "im": -1
          },
          "pdfData": [
            {
              "page": 6,
              "x1": 35,
              "y1": 572,
              "x2": 569,
              "y2": 746
            }
          ]
        },
        "39": {
          "que": 39,
          "type": "mcq",
          "marks": {
            "cm": 4,
            "im": -1
          },
          "pdfData": [
            {
              "page": 7,
              "x1": 35,
              "y1": 74,
              "x2": 569,
              "y2": 148
            }
          ]
        },
        "40": {
          "que": 40,
          "type": "mcq",
          "marks": {
            "cm": 4,
            "im": -1
          },
          "pdfData": [
            {
              "page": 7,
              "x1": 35,
              "y1": 148,
              "x2": 569,
              "y2": 207
            }
          ]
        },
        "41": {
          "que": 41,
          "type": "mcq",
          "marks": {
            "cm": 4,
            "im": -1
          },
          "pdfData": [
            {
              "page": 7,
              "x1": 35,
              "y1": 207,
              "x2": 569,
              "y2": 294
            }
          ]
        },
        "42": {
          "que": 42,
          "type": "mcq",
          "marks": {
            "cm": 4,
            "im": -1
          },
          "pdfData": [
            {
              "page": 7,
              "x1": 35,
              "y1": 294,
              "x2": 569,
              "y2": 359
            }
          ]
        },
        "43": {
          "que": 43,
          "type": "mcq",
          "marks": {
            "cm": 4,
            "im": -1
          },
          "pdfData": [
            {
              "page": 7,
              "x1": 35,
              "y1": 359,
              "x2": 569,
              "y2": 447
            }
          ]
        },
        "44": {
          "que": 44,
          "type": "mcq",
          "marks": {
            "cm": 4,
            "im": -1
          },
          "pdfData": [
            {
              "page": 7,
              "x1": 35,
              "y1": 447,
              "x2": 569,
              "y2": 604
            }
          ]
        },
        "45": {
          "que": 45,
          "type": "mcq",
          "marks": {
            "cm": 4,
            "im": -1
          },
          "pdfData": [
            {
              "page": 7,
              "x1": 35,
              "y1": 604,
              "x2": 569,
              "y2": 700
            }
          ]
        }
      },
      "P-NUM": {
        "46": {
          "que": 46,
          "type": "nat",
          "marks": {
            "cm": 4,
            "im": -1
          },
          "pdfData": [
            {
              "page": 7,
              "x1": 35,
              "y1": 700,
              "x2": 569,
              "y2": 738
            }
          ]
        },
        "47": {
          "que": 47,
          "type": "nat",
          "marks": {
            "cm": 4,
            "im": -1
          },
          "pdfData": [
            {
              "page": 8,
              "x1": 35,
              "y1": 74,
              "x2": 569,
              "y2": 132
            }
          ]
        },
        "48": {
          "que": 48,
          "type": "nat",
          "marks": {
            "cm": 4,
            "im": -1
          },
          "pdfData": [
            {
              "page": 8,
              "x1": 35,
              "y1": 132,
              "x2": 569,
              "y2": 340
            }
          ]
        },
        "49": {
          "que": 49,
          "type": "nat",
          "marks": {
            "cm": 4,
            "im": -1
          },
          "pdfData": [
            {
              "page": 8,
              "x1": 35,
              "y1": 340,
              "x2": 569,
              "y2": 382
            }
          ]
        },
        "50": {
          "que": 50,
          "type": "nat",
          "marks": {
            "cm": 4,
            "im": -1
          },
          "pdfData": [
            {
              "page": 8,
              "x1": 35,
              "y1": 382,
              "x2": 569,
              "y2": 440
            }
          ]
        }
      }
    },
    "Chemistry": {
      "C-MCQ": {
        "51": {
          "que": 51,
          "type": "mcq",
          "marks": {
            "cm": 4,
            "im": -1
          },
          "pdfData": [
            {
              "page": 8,
              "x1": 35,
              "y1": 440,
              "x2": 569,
              "y2": 636
            }
          ]
        },
        "52": {
          "que": 52,
          "type": "mcq",
          "marks": {
            "cm": 4,
            "im": -1
          },
          "pdfData": [
            {
              "page": 8,
              "x1": 35,
              "y1": 636,
              "x2": 569,
              "y2": 707
            }
          ]
        },
        "53": {
          "que": 53,
          "type": "mcq",
          "marks": {
            "cm": 4,
            "im": -1
          },
          "pdfData": [
            {
              "page": 8,
              "x1": 35,
              "y1": 707,
              "x2": 569,
              "y2": 744
            },
            {
              "page": 9,
              "x1": 35,
              "y1": 73,
              "x2": 569,
              "y2": 130
            }
          ]
        },
        "54": {
          "que": 54,
          "type": "mcq",
          "marks": {
            "cm": 4,
            "im": -1
          },
          "pdfData": [
            {
              "page": 9,
              "x1": 35,
              "y1": 130,
              "x2": 569,
              "y2": 223
            }
          ]
        },
        "55": {
          "que": 55,
          "type": "mcq",
          "marks": {
            "cm": 4,
            "im": -1
          },
          "pdfData": [
            {
              "page": 9,
              "x1": 35,
              "y1": 223,
              "x2": 569,
              "y2": 302
            }
          ]
        },
        "56": {
          "que": 56,
          "type": "mcq",
          "marks": {
            "cm": 4,
            "im": -1
          },
          "pdfData": [
            {
              "page": 9,
              "x1": 35,
              "y1": 302,
              "x2": 569,
              "y2": 632
            }
          ]
        },
        "57": {
          "que": 57,
          "type": "mcq",
          "marks": {
            "cm": 4,
            "im": -1
          },
          "pdfData": [
            {
              "page": 9,
              "x1": 35,
              "y1": 632,
              "x2": 569,
              "y2": 753
            }
          ]
        },
        "58": {
          "que": 58,
          "type": "mcq",
          "marks": {
            "cm": 4,
            "im": -1
          },
          "pdfData": [
            {
              "page": 10,
              "x1": 35,
              "y1": 71,
              "x2": 569,
              "y2": 220
            }
          ]
        },
        "59": {
          "que": 59,
          "type": "mcq",
          "marks": {
            "cm": 4,
            "im": -1
          },
          "pdfData": [
            {
              "page": 10,
              "x1": 35,
              "y1": 220,
              "x2": 569,
              "y2": 328
            }
          ]
        },
        "60": {
          "que": 60,
          "type": "mcq",
          "marks": {
            "cm": 4,
            "im": -1
          },
          "pdfData": [
            {
              "page": 10,
              "x1": 35,
              "y1": 328,
              "x2": 569,
              "y2": 413
            }
          ]
        },
        "61": {
          "que": 61,
          "type": "mcq",
          "marks": {
            "cm": 4,
            "im": -1
          },
          "pdfData": [
            {
              "page": 10,
              "x1": 35,
              "y1": 413,
              "x2": 569,
              "y2": 735
            }
          ]
        },
        "62": {
          "que": 62,
          "type": "mcq",
          "marks": {
            "cm": 4,
            "im": -1
          },
          "pdfData": [
            {
              "page": 11,
              "x1": 35,
              "y1": 75,
              "x2": 569,
              "y2": 147
            }
          ]
        },
        "63": {
          "que": 63,
          "type": "mcq",
          "marks": {
            "cm": 4,
            "im": -1
          },
          "pdfData": [
            {
              "page": 11,
              "x1": 35,
              "y1": 147,
              "x2": 569,
              "y2": 351
            }
          ]
        },
        "64": {
          "que": 64,
          "type": "mcq",
          "marks": {
            "cm": 4,
            "im": -1
          },
          "pdfData": [
            {
              "page": 11,
              "x1": 35,
              "y1": 351,
              "x2": 569,
              "y2": 465
            }
          ]
        },
        "65": {
          "que": 65,
          "type": "mcq",
          "options": 4,
          "marks": {
            "cm": 4,
            "im": -1
          },
          "pdfData": [
            {
              "page": 11,
              "x1": 35,
              "y1": 465,
              "x2": 569,
              "y2": 574
            }
          ]
        },
        "66": {
          "que": 66,
          "type": "mcq",
          "options": 4,
          "marks": {
            "cm": 4,
            "im": -1
          },
          "pdfData": [
            {
              "page": 11,
              "x1": 35,
              "y1": 574,
              "x2": 569,
              "y2": 698
            }
          ]
        },
        "67": {
          "que": 67,
          "type": "mcq",
          "options": 4,
          "marks": {
            "cm": 4,
            "im": -1
          },
          "pdfData": [
            {
              "page": 11,
              "x1": 35,
              "y1": 698,
              "x2": 569,
              "y2": 755
            }
          ]
        },
        "68": {
          "que": 68,
          "type": "mcq",
          "options": 4,
          "marks": {
            "cm": 4,
            "im": -1
          },
          "pdfData": [
            {
              "page": 12,
              "x1": 35,
              "y1": 72,
              "x2": 569,
              "y2": 150
            }
          ]
        },
        "69": {
          "que": 69,
          "type": "mcq",
          "options": 4,
          "marks": {
            "cm": 4,
            "im": -1
          },
          "pdfData": [
            {
              "page": 12,
              "x1": 35,
              "y1": 150,
              "x2": 569,
              "y2": 523
            }
          ]
        },
        "70": {
          "que": 70,
          "type": "mcq",
          "options": 4,
          "marks": {
            "cm": 4,
            "im": -1
          },
          "pdfData": [
            {
              "page": 12,
              "x1": 35,
              "y1": 523,
              "x2": 569,
              "y2": 604
            }
          ]
        }
      },
      "C-NUM": {
        "71": {
          "que": 71,
          "type": "nat",
          "marks": {
            "cm": 4,
            "im": -1
          },
          "pdfData": [
            {
              "page": 12,
              "x1": 35,
              "y1": 604,
              "x2": 569,
              "y2": 642
            }
          ]
        },
        "72": {
          "que": 72,
          "type": "nat",
          "marks": {
            "cm": 4,
            "im": -1
          },
          "pdfData": [
            {
              "page": 12,
              "x1": 35,
              "y1": 642,
              "x2": 569,
              "y2": 757
            },
            {
              "page": 13,
              "x1": 35,
              "y1": 77,
              "x2": 569,
              "y2": 114
            }
          ]
        },
        "73": {
          "que": 73,
          "type": "nat",
          "marks": {
            "cm": 4,
            "im": -1
          },
          "pdfData": [
            {
              "page": 13,
              "x1": 35,
              "y1": 114,
              "x2": 569,
              "y2": 140
            }
          ]
        },
        "74": {
          "que": 74,
          "type": "nat",
          "marks": {
            "cm": 4,
            "im": -1
          },
          "pdfData": [
            {
              "page": 13,
              "x1": 35,
              "y1": 140,
              "x2": 569,
              "y2": 308
            }
          ]
        },
        "75": {
          "que": 75,
          "type": "nat",
          "marks": {
            "cm": 4,
            "im": -1
          },
          "pdfData": [
            {
              "page": 13,
              "x1": 35,
              "y1": 308,
              "x2": 569,
              "y2": 331
            }
          ]
        }
      }
    }
  },
  "pdfFileHash": "9e3b933eaede293262a5b33e6f05c6e4511ddf043b43d8f5f05f8f3a0c6eb824",
  "testAnswerKey": {
    "Maths": {
      "M-MCQ": {
        "1": [
          1
        ],
        "2": [
          1
        ],
        "3": [
          4
        ],
        "4": [
          2
        ],
        "5": [
          3
        ],
        "6": [
          4
        ],
        "7": [
          3
        ],
        "8": [
          4
        ],
        "9": [
          2
        ],
        "10": [
          4
        ],
        "11": [
          3
        ],
        "12": [
          4
        ],
        "13": [
          3
        ],
        "14": [
          1
        ],
        "15": [
          2
        ],
        "16": [
          4
        ],
        "17": [
          1
        ],
        "18": [
          1
        ],
        "19": [
          3
        ],
        "20": [
          3
        ]
      },
      "M-NUM": {
        "21": "5",
        "22": "112",
        "23": "1405",
        "24": "2",
        "25": "24"
      }
    },
    "Physics": {
      "P-MCQ": {
        "26": [
          4
        ],
        "27": [
          3
        ],
        "28": [
          2
        ],
        "29": [
          4
        ],
        "30": [
          3
        ],
        "31": [
          2
        ],
        "32": [
          2
        ],
        "33": [
          4
        ],
        "34": [
          3
        ],
        "35": [
          3
        ],
        "36": [
          3
        ],
        "37": [
          1
        ],
        "38": [
          1
        ],
        "39": [
          4
        ],
        "40": [
          1
        ],
        "41": [
          1
        ],
        "42": [
          2
        ],
        "43": [
          2
        ],
        "44": [
          1
        ],
        "45": [
          2
        ]
      },
      "P-NUM": {
        "46": "5",
        "47": "2",
        "48": "6",
        "49": "327",
        "50": "2000"
      }
    },
    "Chemistry": {
      "C-MCQ": {
        "51": [
          1
        ],
        "52": [
          3
        ],
        "53": [
          3
        ],
        "54": [
          3
        ],
        "55": [
          4
        ],
        "56": [
          4
        ],
        "57": [
          4
        ],
        "58": [
          4
        ],
        "59": [
          2
        ],
        "60": [
          1
        ],
        "61": [
          1
        ],
        "62": [
          1
        ],
        "63": [
          1
        ],
        "64": [
          4
        ],
        "65": [
          1
        ],
        "66": [
          2
        ],
        "67": [
          2
        ],
        "68": [
          2
        ],
        "69": [
          4
        ],
        "70": [
          2
        ]
      },
      "C-NUM": {
        "71": "160",
        "72": "341",
        "73": "15",
        "74": "13",
        "75": "16"
      }
    }
  }
}